customer_id,age,gender,region,city_population,family_status,children,education,employment_type,monthly_income,owns_car,owns_house,years_with_bank,number_of_bank_products,average_monthly_balance,has_credit,loan_amount,credit_score,number_of_card_transactions_month,online_payments_share,mobile_app_usage,smartphone_brand,smartphone_price,smartphone_age_months,marketing_contacts_last_year,previous_campaign_response,previous_insurance,insurance_claims,accepted
C100000,34,F,Казань,1270791,single,0,bachelor,employed,39963,1,0,7.8,3,21095.64,1,565393.7,588.9,7,0.568,4.6,Samsung,22794,5,4,0,1,0.0,0
C100001,32,F,Казань,1323163,single,0,master,self_employed,62651,0,0,0.9,1,199138.23,1,689015.99,625.3,35,0.895,2.1,Other,5792,48,0,0,1,1.0,0
C100002,60,F,Москва,12447781,married,3,bachelor,employed,122403,1,1,4.5,3,119300.55,1,3729591.09,629.2,24,0.514,1.5,Samsung,50752,20,2,0,1,0.0,0
C100003,68,F,Санкт-Петербург,5639833,married,4,secondary,employed,39079,0,0,4.4,4,11288.04,0,,588.4,5,0.272,2.4,Other,7632,6,3,0,0,,0
C100004,28,M,Краснодар,1099358,single,0,bachelor,employed,67001,0,0,4.2,2,42676.75,1,1957075.74,649.9,24,0.959,4.2,Xiaomi,25628,5,8,1,0,,0
C100005,51,M,Санкт-Петербург,5426258,married,2,bachelor,employed,129903,1,1,5.5,3,729030.64,0,,618.4,28,0.479,2.9,Xiaomi,20456,29,6,1,1,0.0,0
C100006,18,F,Ростов-на-Дону,1175707,single,0,bachelor,employed,96621,1,0,0.0,1,124564.61,1,3064638.94,636.6,32,0.985,1.2,Apple,61072,29,2,0,1,0.0,0
C100007,27,F,Новосибирск,1538543,single,0,master,employed,74339,0,0,9.0,5,158559.38,1,1357714.75,680.0,43,0.834,19.1,Other,14218,0,6,1,0,,0
C100008,48,M,Челябинск,1223661,married,1,secondary,employed,75458,0,0,3.0,4,77967.63,0,,,20,0.378,1.3,Samsung,31286,27,4,0,1,0.0,0
C100009,32,F,Москва,12400782,single,0,bachelor,employed,190443,1,1,7.3,1,145005.9,1,2929668.79,743.6,39,0.97,4.6,Apple,123760,2,3,1,0,,1
C100010,32,F,Омск,1200200,married,0,secondary,employed,44338,1,0,6.6,2,14400.56,0,,533.6,6,0.542,3.8,Other,3734,44,4,0,1,1.0,0
C100011,29,F,Санкт-Петербург,5533499,single,0,bachelor,employed,172247,0,1,4.2,2,337488.06,0,,655.5,60,0.977,6.7,Xiaomi,38305,14,4,0,0,,0
C100012,52,F,Санкт-Петербург,5533740,married,2,bachelor,employed,56465,0,0,7.9,3,38647.9,1,159362.96,625.3,18,0.682,2.1,Xiaomi,19248,25,1,1,0,,0
C100013,32,F,Омск,1143168,single,0,bachelor,employed,122888,0,0,1.1,5,107347.19,1,1104034.24,644.1,39,0.691,9.8,Samsung,45306,24,1,1,1,0.0,1
C100014,36,F,Новосибирск,1618857,married,3,secondary,employed,54801,1,0,18.0,3,73473.95,0,,652.0,29,0.921,2.9,Other,11814,8,2,0,0,,0
C100015,51,F,Казань,1270723,married,1,bachelor,employed,79839,1,0,14.0,5,178585.81,1,743274.91,688.4,26,0.607,1.6,Samsung,50174,15,3,1,1,0.0,1
C100016,35,M,Казань,1239570,single,1,secondary,employed,24056,0,0,6.0,1,7444.49,0,,576.5,2,0.499,3.4,Other,6781,6,2,0,0,,0
C100017,31,M,Москва,12578552,single,2,bachelor,employed,254883,0,1,13.0,2,308491.06,1,3678431.22,833.5,54,0.993,7.2,Apple,149412,4,4,0,1,0.0,1
C100018,29,M,Санкт-Петербург,5424102,single,1,bachelor,employed,141964,1,0,10.1,2,274815.0,1,3105627.34,696.2,47,0.839,10.5,Apple,78414,12,2,0,1,0.0,1
C100019,29,M,Самара,1199383,single,0,bachelor,employed,49261,0,0,7.5,4,20147.35,0,,635.5,6,0.384,3.8,Other,8203,9,2,0,1,0.0,0
C100020,44,F,Казань,1393861,married,3,bachelor,employed,67317,1,1,6.1,1,86688.74,1,416973.99,553.9,20,0.794,6.8,Other,18098,18,2,0,0,,0
C100021,47,M,Омск,1153797,married,3,bachelor,employed,85099,1,1,1.8,1,34951.95,1,3261244.77,632.7,34,0.877,3.6,Huawei,23341,26,2,0,0,,0
C100022,50,F,Омск,1092575,married,2,bachelor,employed,94666,1,1,3.1,3,69734.04,1,485394.74,566.8,24,0.582,6.6,Samsung,53913,27,3,0,0,,0
C100023,32,M,Ростов-на-Дону,1117433,single,0,bachelor,employed,76551,0,0,6.1,4,26251.39,1,290146.89,588.4,33,0.831,16.5,Xiaomi,16817,27,2,0,0,,0
C100024,34,M,Самара,1194959,single,0,bachelor,employed,78316,0,0,14.2,2,83970.77,0,,690.8,30,0.727,4.4,Apple,60801,16,9,0,1,0.0,1
C100025,43,F,Краснодар,1082734,married,4,secondary,employed,48500,1,1,5.6,1,48665.32,1,765050.31,498.2,13,0.565,1.3,Xiaomi,11822,33,2,0,1,0.0,0
C100026,44,M,Краснодар,1146779,married,3,bachelor,employed,47109,0,0,8.3,1,24400.51,0,,527.0,9,0.51,2.4,Huawei,18807,10,2,0,1,0.0,0
C100027,31,M,Новосибирск,1601227,single,0,secondary,employed,53854,0,0,6.1,1,24745.52,1,604775.29,608.6,17,0.504,12.5,Xiaomi,15636,33,1,0,0,,0
C100028,26,F,Самара,1189391,single,0,bachelor,employed,44554,0,0,2.0,1,64539.59,1,830881.56,614.7,13,0.692,9.3,Xiaomi,25731,10,1,1,0,,0
C100029,54,F,Москва,12506082,married,0,bachelor,employed,172801,1,1,3.0,4,211130.33,1,2091887.96,843.0,34,0.818,5.1,Apple,68541,5,2,1,0,,1
C100030,18,M,Нижний Новгород,1295221,single,0,master,employed,109473,0,0,0.0,1,78898.52,1,1448883.2,618.9,48,0.942,2.1,Apple,99392,6,0,1,1,0.0,0
C100031,38,M,Екатеринбург,1428076,married,3,secondary,employed,75371,1,0,5.7,3,73861.72,1,1332053.93,636.6,22,0.842,2.6,Samsung,64363,20,5,0,0,,0
C100032,38,M,Санкт-Петербург,5327233,single,0,bachelor,self_employed,81763,0,0,2.7,2,174778.84,1,485210.65,670.0,41,0.878,1.5,Apple,57125,23,4,0,0,,0
C100033,53,F,Омск,1131029,married,2,master,employed,71119,0,1,5.4,1,40091.76,1,624681.47,557.6,17,0.36,5.3,Other,14788,7,5,0,0,,0
C100034,33,F,Нижний Новгород,1231467,single,0,bachelor,employed,158656,0,1,7.1,6,74687.8,1,7048665.19,763.4,44,0.89,2.9,Samsung,52878,5,3,0,1,1.0,1
C100035,33,F,Самара,1175763,single,1,master,self_employed,143165,0,0,6.4,3,115402.03,1,1285229.38,611.5,54,0.974,15.9,Samsung,43714,15,2,0,1,1.0,1
C100036,36,M,Самара,1158416,married,0,bachelor,employed,55132,0,0,3.9,3,21535.57,0,,514.1,24,0.906,4.6,Xiaomi,19900,24,2,0,1,1.0,0
C100037,42,M,Санкт-Петербург,5326323,single,0,bachelor,employed,170215,1,0,2.6,4,418210.08,0,,751.1,35,0.946,18.2,Google,101797,14,4,0,1,2.0,1
C100038,32,M,Казань,1288996,married,1,bachelor,employed,112718,1,1,3.6,1,228962.98,1,961713.49,683.0,25,0.78,2.5,Google,74918,18,2,0,0,,0
C100039,72,F,Москва,13259867,married,4,bachelor,employed,60490,0,0,5.3,2,111043.68,0,,645.0,13,0.441,1.1,Other,7171,24,2,0,1,2.0,0
C100040,57,F,Краснодар,1079446,married,2,secondary,employed,71937,1,0,17.4,4,220127.59,0,,608.8,23,0.661,2.0,Xiaomi,21131,13,5,1,1,1.0,0
C100041,41,M,Санкт-Петербург,5011751,single,0,bachelor,self_employed,104372,0,0,5.1,4,75719.14,0,,578.0,43,0.869,3.3,Samsung,60928,11,3,1,0,,1
C100042,62,M,Омск,1202115,single,0,master,employed,42546,0,1,7.4,1,18970.61,0,,613.6,9,0.403,0.6,Huawei,25706,7,1,0,0,,0
C100043,62,M,Санкт-Петербург,5428845,married,1,secondary,employed,31118,1,0,2.2,1,18168.87,1,567206.06,584.4,2,0.301,0.5,Xiaomi,16957,18,1,0,0,,0
C100044,56,M,Казань,1271882,married,1,bachelor,employed,166477,1,1,4.4,3,301310.35,1,1726830.76,805.9,36,0.414,3.8,Apple,147041,14,4,0,1,0.0,1
C100045,40,M,Ростов-на-Дону,1072478,married,0,secondary,unemployed,27673,0,0,8.2,1,19339.41,1,179540.31,591.9,4,0.236,,Samsung,20111,29,0,0,0,,0
C100046,31,F,Нижний Новгород,1237980,single,0,master,employed,42998,0,0,4.4,1,53097.39,0,,538.0,25,0.871,1.2,Xiaomi,25906,12,3,0,1,0.0,0
C100047,45,F,Новосибирск,1723618,married,2,secondary,employed,83736,1,1,6.1,3,108986.2,1,1570697.15,553.3,20,0.741,3.9,Samsung,69781,17,4,0,1,0.0,1
C100048,31,M,Краснодар,1084825,married,0,bachelor,self_employed,144455,0,1,3.7,2,214540.46,1,754418.13,634.2,29,0.875,2.2,Apple,88430,23,2,0,0,,0
C100049,35,M,Омск,1141264,married,4,bachelor,employed,97734,1,1,9.0,3,88207.64,1,1975686.68,735.1,24,0.775,4.2,Apple,79341,23,3,0,0,,1
C100050,30,M,Екатеринбург,1547253,single,0,master,employed,39713,1,0,12.0,1,52886.31,1,264314.83,523.8,11,0.739,2.1,Samsung,20864,45,2,0,0,,0
C100051,43,F,Челябинск,1217526,single,1,master,employed,81197,0,0,0.5,2,555555.0,1,863744.56,539.6,30,0.602,15.7,Xiaomi,21911,16,2,1,0,,0
C100052,68,M,Москва,12910940,married,4,master,employed,185443,1,1,16.2,5,788927.89,1,1227373.68,694.0,24,0.451,1.6,Apple,121072,6,4,0,1,0.0,1
C100053,44,F,Новосибирск,1641714,single,1,master,employed,108598,1,0,9.0,4,62018.99,1,576489.84,670.5,31,0.874,5.8,Apple,85313,3,2,0,1,0.0,1
C100054,35,M,Омск,1175724,single,0,bachelor,employed,162930,1,1,10.4,2,425839.08,1,2560326.19,747.6,45,0.732,9.3,Samsung,78120,3,1,0,0,,1
C100055,25,F,Самара,1148384,single,0,bachelor,employed,39705,0,1,0.8,4,23179.37,0,,657.7,13,0.705,3.1,Xiaomi,11915,29,1,1,1,0.0,0
C100056,26,M,Москва,12980405,single,0,bachelor,self_employed,214949,0,0,7.9,3,498430.6,1,6636535.28,752.9,53,0.992,15.1,Samsung,54418,9,1,0,0,,1
C100057,46,F,Нижний Новгород,1239395,married,1,secondary,employed,46735,0,1,7.7,2,56465.4,0,,610.9,20,0.584,5.0,Samsung,22219,41,3,1,1,1.0,0
C100058,31,M,Москва,12564092,single,1,secondary,employed,84925,0,0,13.0,1,52890.52,1,923189.43,665.1,25,0.821,7.9,Other,12787,31,3,0,1,0.0,0
C100059,65,M,Краснодар,1139562,married,1,secondary,employed,66856,0,1,5.8,2,53895.45,0,,602.7,24,0.76,5.6,Xiaomi,26725,11,1,0,1,2.0,0
C100060,40,M,Омск,1099840,married,4,bachelor,employed,35765,0,1,4.6,2,21759.86,0,,495.0,7,0.501,4.1,Samsung,29156,35,2,0,0,,0
C100061,48,M,Самара,1218329,married,0,secondary,employed,26708,1,0,7.8,1,5914.48,0,,501.9,2,0.447,0.9,Huawei,12239,16,0,0,0,,0
C100062,48,F,Омск,1138793,married,1,bachelor,employed,132578,1,1,7.3,4,164541.76,0,,713.8,18,0.487,3.5,OnePlus,30940,11,1,0,1,0.0,0
C100063,56,F,Уфа,1158637,married,3,bachelor,employed,57226,1,1,5.1,2,26431.86,0,,733.7,4,0.417,1.1,Xiaomi,31466,19,2,0,1,1.0,0
C100064,45,F,Самара,1195794,married,1,bachelor,employed,52209,0,1,0.6,1,87965.6,0,,,9,0.523,1.7,Other,9134,8,4,0,1,1.0,0
C100065,29,M,Санкт-Петербург,5468665,single,0,secondary,employed,107684,0,1,7.7,3,251054.32,0,,636.9,35,0.808,0.8,Xiaomi,23565,38,1,1,0,,0
C100066,55,F,Нижний Новгород,1200008,married,0,master,self_employed,32970,0,0,5.7,1,6858.59,1,294747.01,563.4,15,0.556,3.9,Xiaomi,16727,31,2,0,0,,0
C100067,34,M,Омск,1073177,single,0,bachelor,employed,31183,0,0,1.5,3,11825.74,0,,523.0,12,0.69,2.6,Other,9635,14,3,0,0,,0
C100068,28,M,Омск,1125962,married,1,bachelor,self_employed,108361,1,1,3.5,4,434019.92,1,1016018.97,689.4,52,0.917,4.3,Huawei,33798,15,2,1,0,,1
C100069,28,F,Новосибирск,1669702,single,0,bachelor,employed,91799,0,1,10.0,6,137160.8,1,913792.44,565.3,36,0.871,12.6,Apple,66795,12,3,0,0,,1
C100070,45,M,Москва,12411170,married,1,master,self_employed,417589,1,1,7.0,5,585621.46,0,,850.0,62,0.906,3.2,Apple,149412,3,4,0,1,0.0,1
C100071,40,M,Казань,1229154,single,1,bachelor,employed,33951,1,1,13.3,2,31598.63,0,,532.1,2,0.27,0.7,Huawei,11210,32,1,0,0,,0
C100072,40,M,Самара,1176965,married,1,bachelor,employed,35522,1,0,2.6,2,8111.28,0,,,11,0.819,4.5,Other,14581,7,3,0,1,0.0,0
C100073,49,F,Краснодар,1104819,divorced,2,secondary,employed,37455,0,0,4.0,3,16849.41,0,,613.8,7,0.401,2.6,Xiaomi,6832,43,0,0,0,,0
C100074,45,M,Санкт-Петербург,5392706,single,2,master,self_employed,110623,1,0,13.7,3,247206.12,1,1002421.61,701.1,29,0.47,4.5,Samsung,54561,38,5,0,1,0.0,1
C100075,32,F,Москва,12864726,single,0,bachelor,employed,137257,1,1,14.0,5,454971.34,1,941853.25,712.1,48,0.899,1.0,Samsung,54720,10,4,1,1,1.0,1
C100076,39,F,Новосибирск,1572241,married,2,master,self_employed,82413,0,1,7.5,3,81603.39,1,857585.62,642.8,36,0.828,3.2,Xiaomi,21900,2,0,1,1,2.0,1
C100077,25,F,Нижний Новгород,1208995,single,1,bachelor,employed,94388,0,1,7.0,3,178645.9,0,,615.8,32,0.905,7.3,Google,68968,16,5,0,0,,1
C100078,42,F,Самара,1168022,married,3,bachelor,employed,117876,0,0,8.6,5,310317.59,0,,728.6,33,0.725,1.9,Xiaomi,38654,7,4,1,1,0.0,1
C100079,72,F,Омск,1141265,married,5,bachelor,self_employed,68644,1,1,4.7,3,192289.06,1,1143007.71,577.1,20,0.53,2.5,Huawei,18033,48,3,0,1,0.0,0
C100080,39,F,Новосибирск,1627909,married,0,bachelor,employed,58206,0,1,5.5,1,78086.85,1,484298.06,670.2,24,0.862,5.1,OnePlus,30410,17,2,1,1,1.0,1
C100081,32,F,Москва,12417969,single,0,bachelor,employed,121760,0,0,9.4,2,329721.22,1,2618744.38,,47,0.951,6.6,Apple,126767,8,1,0,0,,1
C100082,27,F,Санкт-Петербург,5255671,single,0,bachelor,employed,110712,0,1,1.1,3,72759.83,1,902595.34,716.9,40,0.857,8.1,Xiaomi,39369,2,5,0,1,1.0,1
C100083,36,F,Москва,12955315,single,0,secondary,employed,125312,1,0,3.3,4,288542.63,1,846754.66,614.5,42,0.904,10.4,Samsung,50850,48,6,0,0,,0
C100084,33,F,Новосибирск,1657194,single,0,bachelor,employed,93512,1,0,4.0,4,51963.57,1,506948.0,709.8,34,0.894,3.4,Other,22831,8,7,0,1,0.0,0
C100085,23,M,Омск,1127420,single,0,master,employed,54143,0,0,5.0,2,11892.31,0,,617.9,19,0.853,4.2,Xiaomi,15426,28,1,0,0,,0
C100086,66,M,Челябинск,1206132,married,1,bachelor,employed,36982,0,1,13.1,1,38399.14,0,,576.6,2,0.114,0.4,Xiaomi,20209,14,0,0,1,0.0,0
C100087,26,F,Ростов-на-Дону,1151907,single,0,secondary,employed,59261,0,0,6.5,3,70084.14,1,778788.71,616.4,30,0.865,4.0,Apple,100517,10,1,0,0,,1
C100088,24,F,Екатеринбург,1390074,married,1,bachelor,self_employed,106562,1,1,0.7,3,56105.73,1,1155119.03,742.6,35,0.869,7.1,Samsung,73532,9,2,0,1,1.0,1
C100089,34,F,Краснодар,1093745,single,1,bachelor,employed,61544,0,0,1.2,1,25761.32,0,,597.8,18,0.646,4.7,Other,10301,16,5,0,0,,0
C100090,31,M,Челябинск,1223128,single,0,bachelor,self_employed,73920,1,0,4.7,3,116831.17,1,604199.94,549.6,31,0.778,3.4,Other,9637,13,3,0,0,,0
C100091,32,M,Новосибирск,1605282,single,1,master,employed,49166,1,0,8.9,2,28638.02,0,,629.5,18,0.625,3.5,Xiaomi,15004,22,2,0,1,0.0,0
C100092,27,F,Москва,12719341,single,0,bachelor,employed,289870,1,1,9.0,4,1371909.77,1,1416683.69,816.2,49,0.95,24.4,Apple,124615,8,3,0,1,0.0,1
C100093,30,F,Челябинск,1170032,married,0,secondary,employed,43257,1,0,7.9,4,42394.57,1,504242.87,589.1,18,0.835,4.3,Xiaomi,12792,17,1,0,1,1.0,0
C100094,55,M,Омск,1116810,married,0,secondary,employed,59270,0,0,2.0,2,133392.25,1,144441.13,563.4,16,0.552,2.0,Xiaomi,26629,16,2,0,0,,0
C100095,55,F,Москва,12849418,single,0,bachelor,self_employed,168535,1,1,15.8,3,892950.59,0,,807.9,32,0.808,,Xiaomi,27870,43,4,1,1,1.0,1
C100096,28,F,Москва,12911846,married,0,secondary,employed,90027,0,0,9.6,2,58769.4,1,690024.46,678.2,39,0.998,11.3,Xiaomi,32506,6,1,0,0,,0
C100097,46,F,Казань,1350471,married,1,bachelor,employed,66825,0,0,20.4,5,172437.97,1,723228.81,774.0,29,0.809,0.5,Other,9023,15,4,0,1,0.0,0
C100098,31,M,Краснодар,1047865,single,0,secondary,self_employed,95295,1,1,4.8,4,90893.35,0,,674.8,17,0.478,1.8,OnePlus,57443,7,6,0,1,0.0,1
C100099,39,M,Москва,12599645,married,2,bachelor,employed,104037,1,0,6.4,3,108679.99,1,255008.36,713.2,38,0.976,4.5,Samsung,121887,5,2,0,1,0.0,1
C100100,62,F,Санкт-Петербург,5208392,married,1,master,employed,129651,1,1,7.5,7,259461.03,1,1381535.18,797.0,21,0.508,,Other,24542,1,2,0,1,1.0,0
C100101,35,M,Омск,1167178,married,2,master,unemployed,41156,0,1,7.3,3,17159.13,1,66422.22,496.8,5,0.304,1.6,Samsung,42177,2,1,0,1,1.0,0
C100102,31,F,Казань,1315653,married,0,bachelor,employed,51575,0,0,1.4,2,12284.07,1,354134.04,596.4,21,0.841,5.0,Xiaomi,14407,23,2,0,0,,0
C100103,39,F,Санкт-Петербург,5367142,single,0,secondary,employed,87173,1,0,0.7,1,132978.86,1,974488.52,634.7,31,0.789,1.4,Xiaomi,15490,48,4,1,0,,0
C100104,56,F,Санкт-Петербург,5640972,married,2,secondary,self_employed,90171,1,1,14.9,6,180395.87,1,2169275.88,572.2,23,0.579,2.0,Samsung,49241,20,1,1,1,1.0,1
C100105,28,M,Екатеринбург,1429253,married,1,bachelor,unemployed,34944,0,0,9.0,2,14012.55,0,,408.0,12,0.736,2.6,Samsung,29989,17,1,0,0,,0
C100106,66,M,Москва,12984991,married,3,bachelor,self_employed,217930,1,1,4.7,4,909676.5,0,,692.8,41,0.66,5.0,Samsung,50432,27,6,0,1,0.0,0
C100107,31,M,Санкт-Петербург,5404271,single,0,bachelor,employed,191163,1,0,5.4,2,324407.49,1,1038091.49,717.4,31,0.678,1.1,Apple,116390,10,2,0,1,0.0,1
C100108,68,M,Казань,1280917,married,1,master,employed,74763,0,1,1.1,1,100181.37,0,,,11,0.504,2.2,Samsung,63355,4,2,0,0,,0
C100109,52,F,Ростов-на-Дону,1170865,married,2,bachelor,employed,125424,1,1,11.4,6,136895.08,0,,651.8,21,0.518,3.2,Xiaomi,37554,7,2,1,1,0.0,1
C100110,18,M,Санкт-Петербург,5278070,single,0,master,self_employed,109068,0,0,0.0,2,46387.37,0,,,28,0.97,17.7,Apple,110611,19,2,1,0,,1
C100111,51,M,Омск,1111065,single,0,bachelor,employed,32523,0,0,1.2,1,40376.41,0,,454.4,2,0.194,0.9,Xiaomi,29969,17,2,0,0,,0
C100112,39,F,Москва,12870754,single,0,secondary,employed,151324,0,0,3.0,4,292528.37,1,695478.04,733.1,43,0.98,4.9,Samsung,60359,22,6,0,1,0.0,1
C100113,24,F,Казань,1298577,single,1,bachelor,self_employed,67304,0,0,1.2,3,88663.14,1,1608126.14,623.8,22,0.853,6.4,Samsung,45366,3,3,1,0,,1
C100114,50,M,Омск,1120445,married,1,secondary,self_employed,99237,0,1,6.6,5,90504.76,1,5836521.47,569.9,21,0.395,1.5,Huawei,47894,6,3,1,1,2.0,1
C100115,22,M,Краснодар,1089947,single,0,master,employed,41499,1,0,3.1,2,30826.57,0,,,28,0.811,7.7,Samsung,37811,19,3,1,0,,0
C100116,39,M,Челябинск,1169620,single,0,secondary,employed,109290,1,0,21.0,4,31693.31,1,2340672.95,780.8,30,0.812,5.0,Samsung,53114,29,3,1,1,1.0,1
C100117,46,F,Челябинск,1223116,married,1,bachelor,employed,52582,1,0,3.9,2,44350.61,0,,615.7,21,0.715,5.6,Xiaomi,15394,17,1,0,0,,0
C100118,52,F,Санкт-Петербург,5132089,single,0,master,employed,100355,0,0,8.2,4,122732.38,1,516819.62,681.0,24,0.729,2.3,Xiaomi,44139,22,2,0,1,0.0,0
C100119,49,F,Санкт-Петербург,5294520,married,3,master,self_employed,206119,1,1,3.9,4,514215.77,1,4796349.51,742.2,39,0.59,5.2,Samsung,92704,6,6,0,1,0.0,1
C100120,43,F,Самара,1151204,married,2,master,employed,72224,0,1,7.9,4,50805.54,1,338483.55,688.2,30,0.74,10.3,Other,8958,9,6,0,0,,0
C100121,42,F,Ростов-на-Дону,1133940,married,0,bachelor,self_employed,141158,0,0,24.0,3,174740.25,1,1855683.11,750.6,52,0.861,8.0,Samsung,68573,15,5,0,0,,1
C100122,29,M,Краснодар,1162569,single,0,bachelor,employed,44357,0,0,0.8,1,10579.42,0,,,13,0.776,7.5,Xiaomi,22118,6,5,1,0,,0
C100123,28,M,Нижний Новгород,1178749,single,0,bachelor,employed,52259,0,0,7.7,5,253139.94,1,1070660.09,586.4,22,0.671,3.2,Other,8611,22,4,0,0,,0
C100124,20,F,Самара,1165670,married,0,bachelor,employed,74790,0,0,2.0,2,91281.8,1,991910.87,546.9,29,0.999,2.2,Samsung,37965,19,3,0,0,,0
C100125,32,M,Омск,1085084,single,0,secondary,employed,73524,1,0,2.3,1,86016.24,1,800357.25,614.5,29,0.78,6.2,Other,11758,21,0,0,0,,0
C100126,29,F,Санкт-Петербург,5600053,single,0,bachelor,employed,104691,0,0,2.5,4,110516.94,1,2609939.22,663.8,48,0.936,8.1,Samsung,30191,31,3,1,1,0.0,1
C100127,57,M,Екатеринбург,1564139,married,4,bachelor,self_employed,51735,0,1,13.7,2,56177.74,1,280476.54,629.3,7,0.258,0.3,Samsung,46420,25,2,0,1,1.0,0
C100128,36,F,Москва,12795016,married,2,secondary,self_employed,142442,1,0,8.0,3,153051.99,1,2059735.9,596.9,46,0.888,23.8,Apple,97157,15,6,1,0,,1
C100129,42,F,Краснодар,1147315,married,1,secondary,employed,119552,1,1,4.3,2,176055.17,1,432050.66,634.7,43,0.729,6.9,Samsung,81000,5,2,0,0,,1
C100130,52,M,Омск,1144456,married,3,bachelor,employed,106009,1,1,9.7,5,188025.72,1,1608914.75,780.3,27,0.825,4.9,Xiaomi,32433,13,2,0,1,0.0,1
C100131,32,M,Москва,12357991,single,0,bachelor,employed,100595,1,0,2.9,2,217353.44,1,2924552.85,697.1,29,0.964,6.0,Apple,66979,28,5,0,0,,1
C100132,44,F,Москва,12573387,single,0,secondary,employed,79542,1,1,2.6,3,76556.02,1,606866.54,699.3,29,0.907,2.5,Xiaomi,63301,5,4,1,1,0.0,1
C100133,30,F,Москва,12615979,single,0,bachelor,employed,55194,0,0,12.0,3,26203.38,1,819850.89,559.6,38,0.926,4.6,Samsung,46030,3,3,0,0,,1
C100134,33,M,Краснодар,1101202,single,0,bachelor,employed,112807,1,0,1.4,3,96773.54,1,820294.7,738.4,28,0.64,5.2,Huawei,46665,9,4,0,0,,0
C100135,24,F,Омск,1105199,single,0,bachelor,employed,59644,0,0,6.0,4,27737.28,1,214841.63,639.5,21,0.852,1.1,Xiaomi,12776,48,4,1,0,,0
C100136,64,M,Казань,1288993,married,1,secondary,employed,39707,0,1,9.4,2,92686.43,0,,600.0,3,0.205,0.9,Other,7375,29,0,0,1,0.0,0
C100137,34,F,Москва,12057029,single,0,master,employed,102615,1,1,16.0,3,72329.73,0,,714.1,33,0.949,4.1,Xiaomi,33598,12,0,1,1,0.0,1
C100138,38,F,Москва,12387207,married,3,secondary,employed,104777,0,1,20.0,4,255512.9,1,3104838.26,737.5,32,0.657,14.5,Samsung,47040,33,1,0,1,0.0,1
C100139,31,F,Новосибирск,1617354,married,0,bachelor,employed,51130,0,0,1.2,1,49343.48,1,376884.84,451.2,21,0.879,,Huawei,12693,40,4,0,0,,0
C100140,26,F,Нижний Новгород,1247034,single,0,secondary,employed,21864,0,0,8.0,1,15211.37,0,,390.4,7,0.773,8.2,Huawei,9449,2,0,0,0,,0
C100141,65,M,Москва,12405631,married,5,bachelor,employed,129566,1,1,4.5,4,181035.63,0,,654.1,30,0.576,7.2,Apple,141749,1,5,1,1,2.0,1
C100142,43,F,Москва,12330512,single,0,bachelor,employed,158014,0,0,9.2,2,345189.11,0,,675.0,39,0.844,15.5,Samsung,53060,12,1,0,1,0.0,1
C100143,54,M,Омск,1094322,married,1,secondary,self_employed,87740,0,1,18.6,4,207243.15,1,529578.43,743.2,36,0.746,4.4,Xiaomi,32517,5,2,0,1,0.0,1
C100144,29,M,Новосибирск,1714878,single,0,bachelor,self_employed,30336,0,0,10.4,2,24757.45,1,419978.35,624.7,8,0.775,6.8,Google,29563,26,1,0,0,,0
C100145,50,F,Казань,1260137,married,1,bachelor,employed,120074,0,1,2.3,4,170959.93,1,299193.74,756.4,31,0.542,2.7,Samsung,53078,12,6,1,0,,0
C100146,30,M,Казань,1373439,single,0,secondary,employed,74932,1,1,12.0,3,63658.35,0,,630.5,33,0.813,8.0,OnePlus,39492,13,5,1,0,,1
C100147,20,M,Санкт-Петербург,5163906,single,0,master,employed,124107,1,0,2.0,1,289485.39,1,2488445.02,692.9,30,0.902,1.7,Apple,111260,18,3,0,0,,1
C100148,33,F,Казань,1401986,married,0,bachelor,employed,42055,0,0,7.4,2,19238.72,0,,652.1,31,0.87,7.3,Xiaomi,16532,48,2,0,0,,0
C100149,60,F,Санкт-Петербург,5215598,married,4,bachelor,employed,113301,1,0,1.3,2,204131.09,1,517700.54,592.3,22,0.742,2.5,Apple,111763,7,2,1,0,,1
C100150,20,F,Уфа,1164589,single,0,bachelor,employed,45625,0,0,2.0,2,30043.12,1,400632.42,,33,0.881,7.8,Samsung,41571,12,1,0,1,0.0,0
C100151,31,M,Москва,12330444,single,0,master,employed,193694,1,1,9.7,4,147222.61,1,4816223.7,819.4,48,0.82,6.0,Samsung,99968,6,4,0,1,1.0,1
C100152,38,F,Новосибирск,1606554,single,0,bachelor,employed,71032,1,0,2.8,2,29568.84,0,,670.7,28,0.677,2.2,Apple,69051,12,0,1,0,,0
C100153,39,F,Омск,1160910,married,1,bachelor,employed,97733,1,1,9.8,3,146479.57,0,,666.2,34,0.865,1.0,Samsung,45836,26,4,1,1,0.0,1
C100154,49,M,Нижний Новгород,1275431,single,0,secondary,self_employed,49160,0,0,5.8,1,45984.6,0,,535.7,17,0.506,3.0,Other,13927,17,0,0,1,0.0,0
C100155,27,M,Санкт-Петербург,5227944,single,0,bachelor,employed,194246,0,0,2.5,2,633024.74,0,,,53,0.952,3.2,Samsung,82505,6,2,0,1,0.0,1
C100156,21,F,Краснодар,1100625,single,0,master,self_employed,87125,1,0,3.0,2,81381.64,1,427036.64,597.4,37,0.943,11.5,Samsung,53651,2,3,1,0,,1
C100157,34,M,Нижний Новгород,1250645,married,2,secondary,employed,21279,0,0,11.9,2,13284.13,1,336117.12,507.9,11,0.834,6.0,Xiaomi,14287,36,2,0,0,,0
C100158,44,M,Москва,13498049,single,0,bachelor,employed,200402,1,1,7.1,1,1245254.74,1,2455792.15,621.4,45,0.934,7.3,Samsung,89549,10,3,1,1,0.0,1
C100159,59,F,Уфа,1142553,married,0,bachelor,employed,89215,1,0,3.5,3,74366.57,0,,627.4,25,0.631,1.4,Huawei,27982,8,4,1,1,1.0,0
C100160,55,F,Екатеринбург,1487891,married,2,bachelor,employed,55175,0,0,7.7,5,41828.71,0,,536.0,27,0.795,3.2,Huawei,19817,27,2,0,1,1.0,0
C100161,66,M,Москва,11759352,married,4,secondary,self_employed,57724,0,1,10.3,1,38019.15,1,2257395.23,546.8,9,0.344,1.6,Samsung,43045,11,4,0,1,1.0,0
C100162,72,F,Омск,1100304,married,2,master,employed,81237,1,1,9.1,7,91996.22,1,1270136.29,709.8,16,0.285,2.6,Other,13257,16,6,0,1,0.0,0
C100163,36,M,Уфа,1160873,married,0,bachelor,employed,51549,1,0,4.3,2,54650.98,1,105303.64,652.8,30,0.933,4.9,Samsung,29619,48,3,0,0,,0
C100164,39,M,Казань,1275859,single,0,bachelor,employed,55223,0,0,1.1,1,81158.95,1,399374.06,477.2,32,0.788,12.7,Samsung,45622,15,2,0,0,,0
C100165,29,F,Нижний Новгород,1231940,single,0,master,employed,44999,0,0,5.0,2,139783.9,1,1560302.94,570.6,26,0.811,3.3,Other,9240,10,0,0,1,1.0,0
C100166,60,F,Нижний Новгород,1193931,married,4,master,employed,68240,1,1,1.4,1,90349.58,0,,,8,0.257,2.0,Xiaomi,35306,6,2,1,1,0.0,0
C100167,32,F,Самара,1144688,single,0,bachelor,employed,93753,1,1,11.2,3,81261.49,1,622200.09,732.9,23,0.743,16.6,Samsung,93942,12,1,1,1,0.0,1
C100168,39,F,Самара,1199946,single,0,bachelor,employed,103715,0,1,7.2,1,112946.65,1,2752887.14,615.5,39,0.96,13.2,Apple,135471,22,5,1,1,1.0,1
C100169,30,F,Санкт-Петербург,5324621,single,0,secondary,employed,62983,0,0,4.6,2,38934.6,1,1708678.39,654.4,39,0.934,12.8,Apple,54516,48,0,0,1,0.0,1
C100170,41,F,Уфа,1174272,married,0,bachelor,employed,75553,1,1,3.0,2,83274.11,1,702841.47,679.5,33,0.812,3.0,Samsung,45380,32,2,1,1,0.0,1
C100171,39,F,Санкт-Петербург,5305501,single,0,bachelor,employed,134994,0,1,2.5,3,173481.4,1,4986434.23,664.9,34,0.614,2.2,Apple,123982,4,5,0,1,0.0,1
C100172,36,F,Самара,1120702,single,0,bachelor,employed,49993,0,0,18.0,3,29161.9,1,406523.58,619.8,14,0.443,3.6,Xiaomi,11195,39,2,0,0,,0
C100173,49,M,Санкт-Петербург,5173994,married,1,bachelor,self_employed,312191,1,1,10.8,2,641748.16,1,2240996.43,807.0,48,0.561,3.0,Apple,149412,8,3,1,1,1.0,1
C100174,39,F,Казань,1279976,married,2,bachelor,employed,176794,1,1,2.6,4,152561.7,1,1937406.53,741.6,36,0.817,6.6,Xiaomi,35077,17,8,1,1,1.0,1
C100175,52,F,Самара,1161132,married,3,secondary,employed,41262,0,0,2.0,1,68679.18,1,154986.5,534.1,3,0.327,4.3,Samsung,33471,9,2,0,0,,0
C100176,55,M,Уфа,1152739,married,3,secondary,employed,22454,0,0,16.0,2,23152.23,0,,610.2,4,0.489,1.0,Other,4889,44,1,0,1,0.0,0
C100177,27,M,Москва,12382769,single,0,bachelor,self_employed,112427,1,0,6.5,5,110401.18,0,,610.2,37,0.94,2.2,Apple,50030,48,4,0,1,0.0,1
C100178,33,M,Омск,1111317,married,1,secondary,employed,29784,0,1,3.8,1,8177.21,0,,536.2,5,0.52,1.6,Xiaomi,16387,23,1,0,0,,0
C100179,26,M,Краснодар,1078149,single,0,bachelor,employed,76434,1,0,3.7,5,87285.05,0,,,38,0.976,21.3,Apple,79174,6,3,0,1,0.0,1
C100180,20,M,Москва,12480847,single,0,bachelor,employed,50383,0,1,1.9,2,19281.9,0,,,33,0.885,10.5,Huawei,24481,10,4,1,1,0.0,0
C100181,56,F,Челябинск,1237145,single,0,secondary,employed,106374,1,1,28.0,5,125671.79,1,213676.78,741.2,25,0.619,3.2,Huawei,27715,13,2,0,1,0.0,0
C100182,26,M,Уфа,1107101,single,0,secondary,self_employed,46434,0,0,8.0,2,62419.93,1,895799.19,608.7,26,0.852,13.6,Xiaomi,16639,29,1,0,1,1.0,0
C100183,37,F,Москва,12755333,married,2,secondary,employed,113172,1,0,1.1,3,103628.73,1,9143758.81,584.7,41,0.58,5.5,Samsung,83580,0,4,0,1,0.0,1
C100184,31,F,Екатеринбург,1492706,single,0,master,employed,29947,1,0,3.0,3,17575.6,1,218049.74,571.1,13,0.769,1.3,Huawei,20369,13,1,0,0,,0
C100185,21,F,Ростов-на-Дону,1164534,single,0,bachelor,employed,29326,0,0,3.0,1,12020.8,1,338073.32,575.7,18,0.86,7.2,Samsung,50557,4,1,1,0,,0
C100186,33,F,Екатеринбург,1483271,single,0,bachelor,employed,97901,1,1,4.3,1,211690.91,1,3406935.93,630.1,37,0.977,2.8,Apple,85828,23,1,0,0,,0
C100187,46,F,Нижний Новгород,1187758,single,0,secondary,employed,57902,0,0,2.6,1,24501.33,0,,,8,0.42,1.7,Apple,56816,5,1,0,0,,0
C100188,40,F,Ростов-на-Дону,1160890,single,1,bachelor,employed,45453,0,1,1.1,1,15925.77,0,,,13,0.441,1.6,Samsung,55044,20,0,0,1,1.0,0
C100189,56,M,Санкт-Петербург,5085688,married,1,bachelor,employed,156499,1,1,4.6,2,111639.97,0,,680.7,30,0.578,9.8,Huawei,46454,21,5,1,1,0.0,1
C100190,50,M,Челябинск,1205727,single,1,bachelor,employed,76182,0,1,3.4,2,154873.18,1,1093227.86,580.0,27,0.63,3.2,Samsung,42065,39,1,0,1,0.0,0
C100191,48,M,Самара,1218591,married,1,secondary,employed,51618,1,0,4.3,1,111280.67,1,258490.76,664.9,16,0.642,3.0,Samsung,42750,23,1,0,0,,0
C100192,39,M,Екатеринбург,1495462,single,1,secondary,employed,58597,1,0,6.4,1,14504.23,0,,508.4,20,0.626,2.5,Xiaomi,21475,34,0,0,1,0.0,0
C100193,52,M,Новосибирск,1602960,single,2,bachelor,employed,110838,1,0,3.2,3,240316.41,0,,,34,0.749,4.5,Xiaomi,34980,12,8,0,1,1.0,0
C100194,45,F,Казань,1276053,married,1,bachelor,employed,46151,0,1,3.8,2,7281.53,1,145370.01,561.3,11,0.487,3.4,Other,9321,48,1,0,0,,0
C100195,37,F,Нижний Новгород,1224249,married,1,bachelor,employed,82998,0,1,7.6,2,76981.52,1,1471653.82,591.0,40,0.88,2.4,Apple,48919,30,1,0,1,0.0,0
C100196,32,M,Санкт-Петербург,5592636,single,0,master,employed,64950,0,0,5.2,1,37918.5,1,354592.29,701.9,23,0.952,3.4,Samsung,43332,17,1,0,0,,0
C100197,70,M,Уфа,1153454,married,2,secondary,employed,19033,0,1,8.1,1,7687.85,1,302311.31,541.0,2,0.121,0.3,Xiaomi,15979,24,0,1,0,,0
C100198,37,F,Казань,1335789,married,1,bachelor,employed,53488,1,0,4.2,2,50047.92,1,124415.75,623.2,18,0.581,3.5,Xiaomi,32575,14,0,0,0,,0
C100199,31,F,Омск,1049781,married,1,bachelor,self_employed,35915,1,0,2.3,1,26693.74,0,,,13,0.628,5.4,Xiaomi,6719,48,3,0,0,,0
C100200,59,F,Омск,1080261,married,4,master,employed,102848,1,1,8.2,4,104709.05,1,1030450.12,696.5,17,0.242,1.3,Huawei,20528,15,3,1,1,1.0,0
C100201,38,F,Омск,1097686,single,1,master,employed,72917,1,1,7.1,4,45662.42,1,1048916.96,719.7,29,0.808,4.1,Xiaomi,17787,11,1,0,1,1.0,0
C100202,43,F,Екатеринбург,1551907,married,3,bachelor,employed,56898,0,0,2.6,2,462469.4,0,,,28,0.892,5.0,Other,9877,30,1,0,0,,0
C100203,71,M,Уфа,1184512,married,2,master,employed,76965,0,0,6.8,2,69124.64,1,1669386.15,566.2,19,0.331,0.3,Xiaomi,28975,5,3,0,1,0.0,0
C100204,27,M,Ростов-на-Дону,1088957,single,1,secondary,employed,85976,0,0,1.5,4,134326.07,0,,,35,0.911,4.7,Xiaomi,15628,30,1,0,1,1.0,0
C100205,38,M,Омск,1120828,single,0,secondary,unemployed,32027,0,0,7.7,1,13164.85,0,,585.1,20,0.82,1.7,Other,7555,34,0,0,0,,0
C100206,51,M,Москва,13084678,married,0,secondary,employed,66586,0,1,3.0,3,278202.78,0,,639.7,13,0.577,4.4,Google,40359,6,3,0,1,0.0,0
C100207,35,F,Краснодар,1085689,single,0,master,employed,28153,0,0,5.0,1,9542.67,0,,637.0,13,0.819,2.9,Samsung,30464,24,3,0,0,,0
C100208,56,M,Нижний Новгород,1226267,married,5,secondary,self_employed,47268,1,0,28.0,4,10522.83,1,505339.9,,14,0.566,1.4,Huawei,12906,43,3,0,0,,0
C100209,33,M,Омск,1113671,married,2,master,employed,62355,0,1,5.5,2,35804.0,1,999991.47,536.2,21,0.688,5.9,Xiaomi,14843,36,1,1,1,2.0,0
C100210,41,F,Краснодар,1117303,single,0,master,unemployed,35392,0,0,4.3,2,20485.49,0,,558.0,2,0.602,1.2,Apple,55929,38,1,0,0,,0
C100211,61,M,Самара,1178808,single,1,secondary,employed,65287,1,0,1.9,5,76302.01,0,,,8,0.284,0.6,Other,14984,3,2,0,0,,0
C100212,25,F,Уфа,1193202,single,0,bachelor,employed,39156,1,0,3.3,1,10497.83,1,122606.19,599.5,20,0.871,3.0,Xiaomi,18844,27,1,0,0,,0
C100213,31,M,Нижний Новгород,1233639,married,0,master,employed,96001,1,0,1.0,3,31639.82,0,,665.2,32,0.813,6.5,Xiaomi,28649,22,5,0,0,,0
C100214,45,F,Екатеринбург,1510018,single,0,master,employed,41616,0,1,6.7,4,22111.49,0,,565.8,16,0.803,3.7,Huawei,33844,1,4,0,1,0.0,0
C100215,40,F,Москва,12498216,single,1,master,unemployed,53936,0,0,11.7,2,92991.86,1,387977.43,697.5,30,0.924,7.9,Samsung,35630,6,0,0,1,3.0,1
C100216,30,F,Екатеринбург,1438427,single,0,master,employed,221998,1,1,2.5,1,1212234.4,0,,,47,0.962,4.6,Samsung,82023,9,0,0,1,0.0,1
C100217,67,M,Новосибирск,1540626,married,4,bachelor,self_employed,119846,1,1,1.6,3,185531.94,1,3392201.54,567.4,30,0.459,3.9,Huawei,25523,32,2,0,0,,0
C100218,40,M,Нижний Новгород,1252992,single,0,secondary,employed,61458,1,0,2.9,4,58954.29,0,,,29,0.82,7.1,Samsung,37022,35,2,0,0,,0
C100219,37,M,Краснодар,1122859,married,0,secondary,employed,90155,1,0,4.5,3,62506.67,1,1282041.18,626.2,41,0.766,7.3,Google,83720,17,4,1,1,0.0,1
C100220,23,F,Москва,12569559,single,0,bachelor,employed,73245,0,0,1.5,2,15651.11,0,,646.9,22,0.938,7.5,Huawei,20930,21,2,1,1,0.0,0
C100221,59,F,Казань,1252116,married,0,secondary,employed,63401,0,1,26.5,3,65323.46,0,,683.9,20,0.659,3.3,Samsung,27524,25,3,0,1,0.0,0
C100222,72,M,Челябинск,1181535,divorced,1,bachelor,employed,94695,1,1,8.3,5,126104.95,1,843126.77,713.8,17,0.341,2.7,Huawei,28180,3,3,0,1,0.0,0
C100223,23,F,Нижний Новгород,1187826,single,0,secondary,employed,109222,0,0,5.0,4,91253.57,1,167813.47,712.4,36,0.885,5.5,Samsung,73106,8,2,0,0,,1
C100224,31,F,Казань,1378598,single,0,master,employed,48723,0,0,9.2,1,100368.79,0,,539.1,25,0.806,7.5,Xiaomi,14290,24,1,1,0,,0
C100225,24,M,Екатеринбург,1476432,single,0,bachelor,employed,57697,0,0,6.0,2,55597.83,0,,611.1,23,0.81,13.6,Other,11081,13,2,0,1,0.0,0
C100226,30,F,Казань,1343730,single,0,bachelor,employed,116698,0,1,6.2,5,376359.86,1,1080477.07,655.9,36,0.976,13.5,Samsung,43388,33,3,1,1,0.0,1
C100227,25,F,Краснодар,1055044,single,0,secondary,employed,27910,1,1,6.6,4,16138.89,0,,578.2,15,0.798,4.6,Xiaomi,9177,28,4,0,0,,0
C100228,30,M,Санкт-Петербург,5202056,married,0,secondary,employed,100580,1,1,12.0,2,105266.35,1,1091409.86,704.0,27,0.84,2.1,Google,60003,2,1,0,1,2.0,1
C100229,29,M,Казань,1335324,married,2,bachelor,employed,60704,1,0,6.8,1,48292.98,0,,523.2,30,0.992,5.2,Xiaomi,38400,7,2,0,0,,0
C100230,35,F,Омск,1101280,married,4,bachelor,employed,86532,1,0,4.1,3,233333.79,1,242601.65,697.9,29,0.92,13.1,Huawei,32678,17,2,1,1,1.0,1
C100231,37,M,Москва,12351436,single,0,bachelor,employed,72083,0,0,12.5,4,48428.39,0,,719.9,19,0.64,4.0,Samsung,37534,19,6,1,0,,0
C100232,55,F,Челябинск,1157705,married,1,secondary,employed,39323,0,0,0.6,2,34798.81,0,,,2,0.094,0.4,OnePlus,15171,37,1,0,0,,0
C100233,36,F,Омск,1174942,married,0,master,employed,83081,1,1,3.4,3,51568.09,1,1255074.89,675.0,28,0.707,4.7,Apple,76439,9,2,1,0,,1
C100234,36,F,Новосибирск,1635060,single,0,bachelor,employed,46916,0,1,7.7,2,14856.15,0,,591.1,14,0.827,1.5,Google,48658,15,1,0,0,,0
C100235,43,M,Краснодар,1113433,married,1,secondary,employed,31328,1,0,1.7,2,21557.14,1,509034.24,495.7,2,0.32,1.9,Huawei,14411,47,3,0,0,,0
C100236,42,F,Нижний Новгород,1226873,married,2,secondary,employed,46485,1,0,8.1,1,14690.22,1,1105105.88,580.9,15,0.722,2.6,Xiaomi,17119,36,1,0,0,,0
C100237,33,M,Санкт-Петербург,5074690,married,0,bachelor,self_employed,66688,0,0,8.9,3,36378.69,1,213051.85,528.6,30,0.619,7.4,Apple,52735,15,4,0,0,,0
C100238,43,F,Ростов-на-Дону,1174300,married,4,secondary,employed,73019,1,1,9.2,1,70337.51,1,738721.5,609.1,11,0.403,4.2,Samsung,50058,11,1,0,1,0.0,0
C100239,34,M,Екатеринбург,1549944,single,1,bachelor,employed,71995,1,0,10.4,2,85123.45,1,388543.5,642.4,24,0.937,0.4,Xiaomi,24723,2,2,0,0,,0
C100240,41,F,Санкт-Петербург,5233872,single,0,bachelor,employed,252868,1,1,11.3,3,389771.28,1,2403614.37,655.0,41,0.903,4.3,Apple,89711,20,5,1,1,0.0,1
C100241,23,F,Санкт-Петербург,5328825,married,1,secondary,employed,47466,0,0,5.0,3,19648.6,0,,601.5,25,0.959,3.8,Apple,87953,10,1,0,1,1.0,1
C100242,35,M,Казань,1278394,married,0,bachelor,employed,65808,1,0,11.0,5,42997.86,1,406750.17,574.5,18,0.502,3.8,Xiaomi,19696,14,3,0,1,1.0,0
C100243,25,M,Нижний Новгород,1218928,single,0,bachelor,employed,118228,1,0,1.4,2,102230.77,0,,,41,0.966,10.3,Samsung,57277,19,4,1,1,1.0,1
C100244,39,M,Екатеринбург,1512531,married,2,secondary,unemployed,31573,0,0,4.0,1,11395.07,0,,564.8,9,0.564,0.5,Samsung,18794,48,0,0,0,,0
C100245,72,F,Санкт-Петербург,4972641,married,3,secondary,self_employed,84380,1,1,4.2,3,46926.98,1,1155182.7,634.8,30,0.584,1.4,Xiaomi,26499,25,0,0,0,,0
C100246,54,F,Челябинск,1134651,single,0,bachelor,employed,127549,0,1,6.8,3,174380.51,0,,672.9,28,0.407,4.5,Other,13394,5,3,0,1,0.0,0
C100247,29,F,Краснодар,1091697,single,0,secondary,employed,29678,0,0,2.5,2,30285.82,0,,486.7,10,0.609,2.4,Xiaomi,12507,24,3,1,0,,0
C100248,47,F,Санкт-Петербург,5458047,married,0,secondary,employed,104788,1,0,4.7,1,95544.02,1,429628.02,618.5,37,0.801,2.4,Other,25036,7,5,1,1,0.0,0
C100249,70,F,Казань,1351255,married,3,secondary,unemployed,29415,0,0,5.1,1,8706.6,0,,583.3,2,0.081,0.5,Xiaomi,9231,25,1,0,0,,0
C100250,61,F,Москва,11884627,married,4,secondary,employed,179955,1,1,6.9,5,324485.61,1,14313270.61,669.8,31,0.671,17.4,Apple,131214,6,6,0,1,0.0,1
C100251,30,F,Москва,13085383,married,1,master,employed,127289,1,1,3.8,2,196044.05,1,1956844.33,635.6,37,0.862,9.8,Samsung,65171,4,5,0,0,,1
C100252,67,M,Новосибирск,1689509,married,1,bachelor,employed,42625,0,1,5.0,2,26661.56,0,,502.5,10,0.421,1.7,Samsung,60578,2,4,0,1,0.0,0
C100253,30,M,Санкт-Петербург,5240916,single,1,secondary,employed,58865,1,0,5.1,5,52520.92,0,,577.3,39,0.777,4.0,Xiaomi,11486,42,2,0,1,0.0,0
C100254,57,M,Москва,12435567,married,3,secondary,employed,48620,0,0,4.5,1,92805.16,1,438709.92,646.0,13,0.483,1.5,Xiaomi,13180,48,3,0,0,,0
C100255,44,F,Ростов-на-Дону,1135698,married,2,bachelor,employed,47370,0,1,8.0,2,75037.06,1,714281.74,521.2,19,0.786,14.2,Xiaomi,17039,19,1,0,0,,0
C100256,42,F,Москва,12635047,married,1,master,employed,167710,1,1,9.5,4,129402.68,1,1134636.98,712.4,58,0.884,9.0,Apple,143503,10,3,1,1,1.0,1
C100257,26,F,Екатеринбург,1443611,single,0,bachelor,employed,59873,0,0,8.0,1,41252.86,1,1440446.53,589.2,24,0.943,1.9,Samsung,22141,29,1,1,1,1.0,0
C100258,22,F,Казань,1291137,single,0,secondary,self_employed,36325,0,0,0.8,1,20107.66,0,,506.8,25,0.913,3.3,Huawei,19032,17,1,0,0,,0
C100259,32,F,Челябинск,1199569,single,0,bachelor,self_employed,53985,0,0,13.1,2,52654.45,1,433185.9,641.6,27,0.85,1.9,Xiaomi,16678,25,0,0,0,,0
C100260,48,F,Санкт-Петербург,5415764,single,0,secondary,employed,31022,0,0,13.8,1,9540.73,0,,480.7,11,0.61,1.9,Huawei,28626,18,2,0,0,,0
C100261,49,F,Казань,1330744,married,1,secondary,employed,40604,1,0,6.3,2,27609.59,1,217989.78,544.6,4,0.36,0.4,Google,19383,48,0,0,1,2.0,0
C100262,42,M,Челябинск,1202896,single,0,bachelor,employed,102790,1,0,2.7,5,122599.74,0,,,39,0.992,2.1,Samsung,33399,15,6,0,0,,0
C100263,50,F,Екатеринбург,1529613,single,1,bachelor,employed,58894,1,1,2.1,1,52193.3,1,503718.48,557.5,17,0.586,1.1,Huawei,17225,36,2,0,0,,0
C100264,46,F,Омск,1188291,married,3,secondary,self_employed,60673,0,1,1.4,2,79686.88,0,,,31,0.838,2.1,Huawei,11962,48,2,0,0,,0
C100265,51,M,Санкт-Петербург,5473166,married,3,bachelor,employed,56835,1,1,7.8,3,47306.12,1,1312746.47,656.5,21,0.585,2.4,Other,8741,7,3,1,0,,0
C100266,22,F,Уфа,1101930,single,0,bachelor,employed,75144,1,1,3.4,2,42528.24,1,3840930.51,661.5,29,0.871,0.8,Xiaomi,15922,28,1,0,0,,0
C100267,40,F,Омск,1109618,single,0,master,employed,74424,1,0,6.6,3,35214.38,0,,607.2,21,0.526,1.0,Xiaomi,14744,30,4,0,1,0.0,0
C100268,45,M,Екатеринбург,1537151,single,1,bachelor,employed,34077,0,0,7.2,1,36070.3,0,,489.3,9,0.668,0.6,Other,7625,39,1,0,0,,0
C100269,36,F,Новосибирск,1645801,single,1,bachelor,employed,55024,0,0,2.8,2,66323.79,1,1594650.27,665.8,5,0.273,0.6,Xiaomi,17263,44,2,1,0,,0
C100270,46,M,Краснодар,1101312,single,0,bachelor,unemployed,67971,0,0,5.5,5,50944.39,1,527149.9,638.8,27,0.647,17.5,Samsung,46563,16,3,1,1,0.0,1
C100271,22,F,Екатеринбург,1481446,single,0,bachelor,employed,45173,0,0,2.4,1,13904.41,1,1122913.09,467.8,22,0.96,3.8,Google,56397,17,1,0,0,,0
C100272,43,F,Москва,13083453,married,2,master,employed,237638,1,1,5.1,3,295286.95,1,3566793.17,777.7,41,0.916,2.5,Google,79429,10,6,0,0,,1
C100273,35,F,Москва,12966710,single,0,bachelor,employed,166545,1,0,9.5,4,505358.14,1,2217466.5,734.4,56,0.899,4.2,Apple,131728,11,3,0,0,,1
C100274,49,F,Санкт-Петербург,5412166,single,1,secondary,employed,83538,1,0,4.9,2,83998.98,0,,592.7,27,0.901,4.3,Huawei,27791,21,1,1,1,1.0,1
C100275,50,F,Новосибирск,1584683,married,2,secondary,employed,49112,0,1,7.5,2,19112.76,1,1018800.88,639.5,16,0.491,0.0,Huawei,18982,17,3,0,0,,0
C100276,27,M,Москва,13163107,single,0,bachelor,unemployed,29077,0,1,9.0,1,16499.82,0,,471.4,10,0.876,0.5,Huawei,19776,13,0,1,0,,0
C100277,33,M,Москва,12171585,married,1,secondary,employed,82741,1,0,3.5,2,40013.38,0,,613.3,34,0.864,11.6,Xiaomi,23031,13,6,1,1,1.0,1
C100278,29,F,Санкт-Петербург,5580980,single,0,bachelor,employed,84721,0,0,4.2,2,36617.87,0,,588.9,21,0.496,8.5,Apple,56215,33,3,0,0,,0
C100279,40,M,Казань,1351466,single,0,phd,employed,130608,0,0,7.0,2,114459.42,1,1475789.95,,44,0.843,3.5,Xiaomi,34856,20,5,1,1,0.0,1
C100280,42,F,Екатеринбург,1439922,married,1,secondary,self_employed,60449,0,1,4.3,2,31295.43,1,277591.93,606.5,14,0.472,4.5,Apple,55352,25,4,1,1,1.0,1
C100281,72,F,Самара,1142509,married,2,bachelor,self_employed,104607,1,1,6.6,4,152664.25,1,1345772.37,669.8,24,0.284,1.9,Apple,81963,10,3,0,1,0.0,1
C100282,38,F,Москва,12586046,single,0,secondary,employed,68948,1,0,11.6,2,66087.95,0,,611.6,31,0.901,13.4,OnePlus,29596,10,3,0,1,0.0,0
C100283,68,F,Санкт-Петербург,5256547,married,4,secondary,employed,34481,1,0,6.6,2,86909.58,1,168771.54,670.2,6,0.292,0.3,Xiaomi,13550,48,1,0,0,,0
C100284,31,M,Москва,12818139,single,0,bachelor,employed,67345,1,0,1.5,1,78485.03,0,,,26,0.823,4.0,Samsung,32140,24,3,0,0,,0
C100285,44,M,Казань,1349113,married,1,secondary,employed,60797,1,0,11.0,3,56458.01,1,560523.52,646.8,9,0.523,1.8,Xiaomi,21756,21,1,0,0,,0
C100286,25,M,Ростов-на-Дону,1070581,single,0,master,employed,36808,0,0,7.0,2,8364.19,1,416050.14,579.3,21,0.896,2.0,Other,11542,4,1,0,0,,0
C100287,27,M,Санкт-Петербург,5446464,single,0,master,employed,74537,0,0,7.0,2,17977.31,1,164255.43,575.9,27,0.8,7.8,Xiaomi,23116,24,1,0,0,,0
C100288,41,M,Ростов-на-Дону,1172447,single,0,phd,employed,188249,1,1,2.6,5,573783.2,0,,,47,0.881,10.1,Samsung,100938,4,3,1,1,2.0,1
C100289,32,M,Москва,13420806,married,1,master,employed,188110,1,0,4.4,1,608039.66,0,,680.1,50,0.853,4.0,Apple,149412,12,2,0,0,,1
C100290,29,M,Краснодар,1172834,single,0,bachelor,employed,41861,0,0,2.2,2,21703.75,1,785149.26,566.5,19,0.758,5.7,Other,5777,48,1,0,0,,0
C100291,51,M,Омск,1084565,single,1,master,employed,259556,1,0,13.4,5,253544.02,0,,781.1,39,0.581,6.5,Apple,149412,4,2,1,1,1.0,1
C100292,60,F,Самара,1151553,married,4,secondary,employed,74080,0,1,2.8,1,418457.58,1,803906.52,557.0,18,0.517,1.8,Samsung,102987,9,1,0,1,0.0,0
C100293,26,F,Новосибирск,1663561,single,0,master,self_employed,82804,0,0,2.6,3,34291.92,0,,,24,0.956,7.4,Samsung,41587,33,3,1,0,,0
C100294,58,M,Челябинск,1183052,married,1,secondary,employed,26014,0,0,2.1,2,13186.27,0,,515.4,2,0.454,1.8,Huawei,10548,22,5,0,0,,0
C100295,27,F,Москва,12819516,single,0,master,employed,149199,0,0,5.5,2,344070.34,1,1327271.57,648.0,34,0.924,5.5,Apple,87394,9,0,1,1,0.0,1
C100296,63,M,Москва,12868343,married,1,secondary,employed,108536,0,1,9.7,1,155867.81,1,2725162.98,731.0,18,0.315,,Other,19661,5,3,0,1,3.0,0
C100297,34,M,Омск,1191507,married,2,bachelor,employed,137344,1,1,4.6,3,112870.78,1,2191600.89,722.4,38,0.943,6.6,Xiaomi,39875,12,1,1,1,1.0,1
C100298,70,F,Екатеринбург,1427698,married,1,secondary,employed,14576,0,0,3.2,1,8017.51,0,,463.0,2,0.374,0.1,Other,6685,2,0,0,0,,0
C100299,44,F,Новосибирск,1649861,single,0,bachelor,employed,78377,0,0,13.6,4,73717.11,1,2233727.73,506.9,23,0.572,8.3,Xiaomi,20194,30,3,0,0,,0
C100300,53,F,Нижний Новгород,1233024,married,2,bachelor,employed,92991,0,0,10.1,1,65449.39,0,,612.4,24,0.729,2.8,Samsung,42283,43,3,0,0,,0
C100301,47,M,Челябинск,1183849,married,1,bachelor,self_employed,150701,1,1,1.0,1,90147.07,0,,,36,0.614,2.1,Samsung,74575,36,3,0,1,0.0,0
C100302,40,F,Санкт-Петербург,5555504,married,0,bachelor,employed,103601,0,1,7.7,4,96318.79,1,1015975.83,743.3,52,0.855,4.6,Xiaomi,22275,39,4,1,1,1.0,1
C100303,48,M,Краснодар,1120776,married,2,secondary,employed,33901,0,0,2.7,2,21664.98,0,,,4,0.431,1.2,Xiaomi,13436,22,2,0,0,,0
C100304,30,F,Новосибирск,1554970,single,0,bachelor,self_employed,83505,0,0,10.3,4,54550.29,0,,,36,0.879,5.2,Samsung,44158,17,7,0,0,,0
C100305,46,M,Самара,1181188,married,3,secondary,employed,43272,0,0,6.5,1,39573.41,1,641603.23,639.2,14,0.705,2.7,Xiaomi,18429,39,1,0,1,0.0,0
C100306,54,M,Москва,12670803,married,3,bachelor,employed,169937,1,1,10.1,2,87517.73,1,1689463.44,766.8,46,0.637,7.5,Xiaomi,48096,8,2,0,1,1.0,1
C100307,53,F,Москва,12267162,married,0,bachelor,employed,117480,1,1,4.6,3,116628.71,1,1177494.27,751.8,18,0.37,3.2,Huawei,28982,20,5,1,1,0.0,0
C100308,37,F,Москва,12788549,single,0,phd,employed,138310,1,0,4.9,5,313539.94,0,,607.1,37,0.83,2.5,Apple,113821,16,7,1,0,,1
C100309,64,F,Санкт-Петербург,5310982,married,2,secondary,self_employed,52637,0,0,6.2,3,87808.85,0,,655.1,18,0.502,2.1,Xiaomi,26307,41,4,0,0,,0
C100310,26,M,Санкт-Петербург,5485818,married,2,bachelor,employed,58674,0,0,6.2,2,44955.16,1,384608.33,690.8,23,0.782,13.9,Huawei,22649,35,2,1,0,,0
C100311,66,M,Санкт-Петербург,5209839,married,1,bachelor,employed,53039,1,1,5.8,3,225681.4,0,,536.3,9,0.461,,Huawei,29321,10,3,0,1,0.0,0
C100312,48,M,Москва,12520635,married,2,secondary,self_employed,184617,1,0,12.1,3,514195.57,1,4943205.84,850.0,48,0.967,2.6,Apple,91888,11,4,0,1,0.0,1
C100313,39,M,Москва,12567102,single,0,secondary,employed,57098,0,1,3.8,2,22157.85,1,559780.87,,5,0.264,3.1,Xiaomi,14325,37,4,0,0,,0
C100314,36,M,Ростов-на-Дону,1156752,single,0,master,self_employed,55722,0,0,2.2,6,23557.99,0,,,17,0.528,0.6,Xiaomi,19196,27,3,0,0,,0
C100315,54,F,Казань,1337429,married,4,bachelor,self_employed,65869,0,0,8.8,1,50931.62,1,239900.26,732.8,29,0.797,5.2,Samsung,56069,16,5,0,0,,0
C100316,32,F,Уфа,1131060,single,0,bachelor,employed,39991,1,0,3.6,1,16168.33,0,,484.9,5,0.388,5.2,Xiaomi,26005,3,1,0,0,,0
C100317,38,M,Екатеринбург,1504107,single,0,secondary,employed,66759,0,0,3.3,1,167279.27,1,320553.66,,34,0.94,2.3,Xiaomi,26083,9,4,0,0,,0
C100318,46,M,Санкт-Петербург,5422665,married,2,bachelor,employed,207483,1,1,28.0,7,387522.35,1,787320.73,850.0,34,0.739,2.5,Apple,72887,7,4,0,1,0.0,1
C100319,47,F,Санкт-Петербург,5379715,married,1,secondary,employed,36678,0,0,3.8,1,30600.07,0,,588.6,22,0.896,3.0,Other,7208,10,1,1,0,,0
C100320,36,F,Краснодар,1171464,single,1,master,employed,56282,0,0,7.2,2,69811.28,1,2500460.17,554.0,28,0.831,2.3,Samsung,46560,10,2,0,0,,0
C100321,44,F,Екатеринбург,1497084,married,1,secondary,self_employed,28169,0,0,5.8,1,7986.11,0,,637.6,14,0.627,3.3,Samsung,27825,29,2,0,1,0.0,0
C100322,39,F,Нижний Новгород,1217061,married,1,secondary,employed,75896,0,1,10.6,7,44667.97,1,872219.76,575.6,25,0.899,1.4,Xiaomi,18493,24,3,1,1,0.0,0
C100323,50,F,Краснодар,1149389,single,0,master,employed,152161,1,0,18.0,5,195456.46,1,1959396.34,716.7,32,0.898,4.3,OnePlus,20853,48,3,1,1,0.0,1
C100324,41,M,Москва,12294440,single,0,secondary,employed,197090,1,0,8.9,6,375007.18,0,,689.6,41,0.942,4.7,Apple,109794,27,2,1,1,0.0,1
C100325,66,M,Москва,12632112,married,5,secondary,employed,70027,1,0,11.9,2,53742.57,1,275379.69,735.6,19,0.666,2.0,Apple,41184,48,3,0,1,0.0,0
C100326,47,M,Санкт-Петербург,5304115,divorced,1,secondary,employed,95022,1,1,2.2,2,65782.23,1,478615.49,620.2,30,0.659,2.8,Samsung,102238,16,1,0,0,,0
C100327,39,M,Уфа,1143066,married,3,bachelor,employed,45666,0,0,18.4,3,52438.31,1,362428.58,611.9,20,0.713,2.7,Xiaomi,8950,48,2,1,0,,0
C100328,18,M,Новосибирск,1641904,married,0,bachelor,employed,22467,0,0,0.0,1,7636.65,0,,574.3,13,0.88,5.1,Other,3814,42,1,0,0,,0
C100329,56,F,Санкт-Петербург,5227439,married,0,secondary,employed,83568,1,0,11.5,2,71099.98,1,1471989.67,639.9,14,0.359,1.3,OnePlus,29443,17,2,0,1,0.0,0
C100330,47,F,Ростов-на-Дону,1211739,married,3,bachelor,self_employed,142341,1,1,5.6,5,244740.75,1,4490553.66,738.4,38,0.776,1.3,Apple,147628,8,3,0,1,2.0,1
C100331,68,F,Нижний Новгород,1240244,married,0,bachelor,employed,70790,0,0,11.5,4,166779.52,0,,651.7,25,0.694,3.0,Xiaomi,25512,18,3,0,1,1.0,0
C100332,69,F,Омск,1131104,married,4,secondary,employed,29005,0,0,9.3,3,13188.51,0,,566.4,2,0.059,0.4,Huawei,15567,9,1,0,1,1.0,0
C100333,57,F,Уфа,1130671,married,1,bachelor,employed,34744,0,0,2.3,1,38006.49,0,,,5,0.461,0.5,Xiaomi,12540,45,3,0,0,,0
C100334,61,M,Москва,13033158,married,2,bachelor,employed,115380,0,1,2.1,6,214535.53,0,,,21,0.515,,Xiaomi,25480,10,5,0,1,0.0,0
C100335,23,M,Санкт-Петербург,5480201,single,0,bachelor,employed,65010,1,0,5.0,2,86353.06,0,,606.3,32,0.945,11.6,Samsung,64061,12,0,0,0,,0
C100336,58,M,Омск,1122703,married,2,bachelor,employed,22938,0,0,2.1,1,15988.19,0,,564.0,2,0.506,1.1,Xiaomi,18671,4,2,0,0,,0
C100337,59,F,Омск,1095969,married,5,bachelor,employed,42859,0,0,9.5,5,53305.66,0,,639.3,18,0.684,3.7,Xiaomi,13142,48,1,0,0,,0
C100338,61,F,Челябинск,1203144,married,3,secondary,employed,22068,1,1,7.5,2,3825.6,0,,508.8,3,0.33,0.2,Other,5198,23,1,0,0,,0
C100339,65,M,Новосибирск,1677039,married,0,secondary,employed,18172,0,0,0.5,1,34713.27,1,447910.34,382.9,2,0.253,0.6,Other,12485,13,1,0,0,,0
C100340,43,M,Краснодар,1194280,married,0,master,employed,51600,1,0,10.6,3,46001.08,0,,693.6,17,0.589,2.2,Apple,52408,17,3,0,1,1.0,0
C100341,64,F,Ростов-на-Дону,1133224,married,1,master,employed,64505,1,1,15.3,2,106802.12,1,294305.03,577.2,15,0.375,1.4,Xiaomi,14912,24,2,0,0,,0
C100342,19,F,Казань,1267053,single,0,bachelor,employed,84422,0,0,1.0,1,36021.79,1,684625.51,598.7,23,0.843,2.5,Samsung,50376,33,2,0,0,,0
C100343,61,M,Краснодар,1040732,married,3,secondary,employed,58597,1,0,20.3,2,76351.47,0,,,13,0.473,1.0,Huawei,13083,39,1,0,1,0.0,0
C100344,38,F,Москва,12584313,single,0,master,employed,192395,0,0,4.7,3,610727.52,0,,744.0,50,0.963,3.0,Xiaomi,26533,10,3,1,0,,1
C100345,41,M,Казань,1337352,divorced,1,secondary,employed,71477,1,0,18.0,2,17936.13,1,213819.45,634.2,28,0.825,5.2,Xiaomi,20133,7,4,0,1,0.0,0
C100346,27,M,Екатеринбург,1506888,married,3,secondary,employed,30234,0,0,6.7,1,27870.21,1,538728.58,596.7,16,0.703,10.0,Samsung,43619,5,0,0,0,,0
C100347,67,M,Москва,12521552,married,2,bachelor,self_employed,95648,1,1,9.5,3,149961.77,0,,579.2,23,0.575,5.0,Huawei,23716,9,2,0,0,,0
C100348,40,M,Новосибирск,1538678,single,0,bachelor,employed,35911,1,0,4.5,4,11563.09,1,381906.53,555.3,16,0.668,8.1,Samsung,40553,16,3,0,0,,0
C100349,36,F,Казань,1303098,married,1,master,self_employed,48896,0,0,3.2,2,33505.49,1,1021485.24,573.2,16,0.785,1.0,Huawei,42040,6,1,1,0,,0
C100350,29,M,Новосибирск,1627649,single,0,bachelor,employed,29775,0,0,5.8,2,10533.53,0,,526.9,11,0.469,10.6,Xiaomi,19114,15,2,0,0,,0
C100351,29,M,Санкт-Петербург,5786821,single,0,master,self_employed,275236,1,1,7.1,4,330114.62,1,961418.46,826.2,62,0.941,8.1,Apple,149412,9,2,0,1,0.0,1
C100352,37,F,Краснодар,1109402,single,0,master,employed,417589,1,0,13.8,6,271689.9,1,2128502.26,827.0,57,0.933,15.9,Apple,149412,11,5,0,1,0.0,1
C100353,43,F,Самара,1100602,married,5,bachelor,self_employed,39033,0,0,6.0,2,10873.94,1,297799.45,571.5,14,0.641,3.9,Xiaomi,14787,32,1,0,0,,0
C100354,57,M,Москва,13030436,married,0,secondary,self_employed,131108,1,0,5.7,2,182746.85,0,,598.6,25,0.62,1.9,Samsung,45674,18,3,0,0,,0
C100355,66,F,Уфа,1096956,married,3,master,employed,75741,0,1,3.3,2,95468.47,1,1603584.51,610.2,9,0.141,,Xiaomi,28473,2,1,0,0,,0
C100356,39,F,Екатеринбург,1514702,married,2,bachelor,employed,180492,1,0,4.1,4,112255.01,0,,684.1,37,0.928,3.2,Apple,68330,48,4,0,0,,0
C100357,70,F,Ростов-на-Дону,1090467,married,5,secondary,employed,61689,0,0,0.8,1,79557.83,1,2315508.46,580.9,20,0.383,5.2,Samsung,31989,18,0,0,1,0.0,0
C100358,36,F,Самара,1182082,single,1,bachelor,employed,45789,0,0,6.2,2,24619.82,0,,586.6,15,0.567,,Xiaomi,17672,27,3,0,0,,0
C100359,20,M,Челябинск,1171649,single,0,bachelor,employed,12407,1,0,2.0,1,5215.62,0,,,2,0.555,5.2,Xiaomi,13277,10,0,0,0,,0
C100360,52,M,Нижний Новгород,1162967,married,1,bachelor,self_employed,235125,0,0,2.7,5,305065.76,1,5314217.91,703.6,47,0.87,7.4,Samsung,97692,22,4,0,1,1.0,1
C100361,49,F,Москва,12514012,married,1,secondary,employed,83450,0,1,5.0,2,84664.34,1,1195033.6,726.0,20,0.497,2.0,Xiaomi,25746,8,1,0,1,0.0,0
C100362,42,F,Ростов-на-Дону,1139104,married,0,bachelor,employed,81910,1,0,8.7,1,49161.41,1,410706.99,618.5,32,0.787,10.4,Xiaomi,26815,15,0,0,1,3.0,0
C100363,34,M,Нижний Новгород,1205160,single,1,bachelor,unemployed,28269,0,0,11.5,1,12566.13,1,745064.81,594.5,18,0.91,4.5,Xiaomi,16160,14,0,1,0,,0
C100364,29,M,Санкт-Петербург,5424589,single,0,bachelor,employed,134065,1,0,11.0,2,97018.12,0,,720.8,44,0.868,4.4,Samsung,58360,17,1,1,1,1.0,1
C100365,72,F,Екатеринбург,1517334,married,2,secondary,self_employed,52079,0,1,4.1,3,85998.15,0,,475.3,8,0.151,2.1,Huawei,26433,15,2,0,1,0.0,0
C100366,47,F,Москва,12597601,married,2,master,employed,417589,1,0,2.0,2,3247990.16,1,6524489.49,687.9,58,0.971,8.4,Apple,149412,5,3,1,1,1.0,1
C100367,37,M,Краснодар,1054286,single,2,bachelor,employed,71450,0,1,16.5,1,171205.48,0,,694.8,29,0.904,4.7,Xiaomi,15524,46,1,0,0,,0
C100368,48,M,Уфа,1182354,married,1,bachelor,employed,41651,0,0,3.0,3,23643.62,1,263610.28,642.5,17,0.759,3.6,Huawei,22707,43,3,0,0,,0
C100369,47,M,Самара,1192071,married,3,bachelor,employed,80379,1,1,3.8,3,36526.34,1,497666.42,651.5,24,0.573,11.2,Samsung,50174,17,4,1,1,2.0,1
C100370,48,M,Нижний Новгород,1242532,married,1,bachelor,employed,52661,1,0,7.5,2,22262.25,1,855022.39,525.6,20,0.752,2.0,Xiaomi,34613,10,4,0,1,0.0,0
C100371,41,F,Нижний Новгород,1265282,married,1,master,employed,77389,0,0,1.5,2,85611.48,1,990847.33,631.7,26,0.737,2.5,Xiaomi,27729,13,3,0,0,,0
C100372,64,F,Челябинск,1215950,divorced,3,secondary,employed,34917,0,1,2.9,3,9952.12,1,188090.09,562.2,3,0.212,0.1,Huawei,51393,8,4,0,1,0.0,0
C100373,47,F,Нижний Новгород,1180211,single,2,bachelor,employed,54944,0,0,18.0,2,48197.75,1,451048.24,550.0,14,0.46,6.4,Xiaomi,16230,17,6,0,0,,0
C100374,57,M,Челябинск,1208462,married,3,master,employed,71177,1,0,6.3,2,61893.94,1,600701.02,632.3,21,0.558,2.0,Huawei,14932,48,3,0,0,,0
C100375,53,F,Самара,1173774,married,2,secondary,employed,26463,0,1,9.7,1,38325.15,1,1109751.21,515.2,4,0.445,2.5,Samsung,26406,21,1,0,0,,0
C100376,62,M,Москва,12855880,single,0,secondary,employed,51170,0,0,3.7,1,151400.54,0,,605.5,7,0.491,2.3,Huawei,23701,32,2,0,0,,0
C100377,52,F,Санкт-Петербург,5385761,married,4,secondary,self_employed,94065,1,1,5.4,1,93849.97,0,,623.7,36,0.83,6.1,Samsung,29764,48,1,0,0,,0
C100378,23,M,Москва,13596754,single,0,secondary,employed,49324,0,0,5.0,2,128076.33,0,,630.4,24,0.967,11.5,Xiaomi,13877,48,2,0,0,,0
C100379,32,F,Екатеринбург,1458065,married,2,secondary,employed,21053,0,0,5.0,1,3795.87,1,107182.66,605.5,2,0.514,1.7,Samsung,28698,5,0,1,0,,0
C100380,23,F,Ростов-на-Дону,1092436,single,0,master,self_employed,42741,0,0,5.0,2,28209.52,1,1695154.86,574.7,23,0.782,2.4,Xiaomi,13669,46,2,0,1,0.0,0
C100381,24,M,Самара,1139099,single,0,secondary,employed,39190,0,0,3.1,1,13056.71,0,,482.9,23,0.78,7.7,Samsung,65140,23,3,0,0,,0
C100382,32,F,Краснодар,1120969,single,1,bachelor,employed,21441,0,0,9.6,1,12403.57,0,,411.2,2,0.625,0.9,Xiaomi,9011,35,1,0,0,,0
C100383,18,F,Санкт-Петербург,5600898,single,0,bachelor,employed,65991,0,0,0.0,2,31089.39,0,,,36,0.949,3.2,Samsung,32760,2,3,0,0,,0
C100384,39,F,Казань,1265368,single,1,bachelor,employed,58129,0,0,6.7,3,13289.09,0,,631.4,24,0.662,6.2,Other,15060,31,2,0,0,,0
C100385,21,F,Краснодар,1124075,single,0,secondary,employed,22708,0,0,3.0,1,5133.67,0,,533.3,14,0.919,2.0,Other,4064,48,3,0,0,,0
C100386,37,F,Самара,1196576,single,0,bachelor,self_employed,72055,0,1,2.4,2,148069.24,1,582487.94,600.7,23,0.495,1.5,Samsung,54138,7,4,0,0,,0
C100387,28,F,Казань,1257473,single,1,bachelor,employed,60783,1,0,1.4,2,76004.88,1,824880.02,541.8,20,0.679,7.4,Samsung,34965,19,5,1,1,1.0,1
C100388,27,F,Москва,12847422,married,0,bachelor,employed,48919,0,0,1.0,3,9883.32,0,,,26,0.998,3.3,Xiaomi,28766,11,2,0,0,,0
C100389,26,M,Москва,13309654,divorced,1,bachelor,employed,79185,0,0,8.0,3,67020.5,1,1043399.48,598.2,42,0.821,6.4,Apple,122449,1,3,0,1,0.0,1
C100390,37,M,Уфа,1101265,married,3,master,employed,85449,0,0,10.9,2,57952.69,1,556028.5,678.1,25,0.693,3.4,OnePlus,46616,5,2,0,0,,0
C100391,21,M,Казань,1331609,single,0,bachelor,employed,42781,0,0,1.1,3,16915.91,0,,,19,0.815,3.8,Samsung,43709,24,4,0,1,0.0,0
C100392,40,M,Санкт-Петербург,5218757,single,1,bachelor,employed,119926,1,1,15.5,3,229272.53,1,958012.49,621.9,36,0.737,5.4,Samsung,57554,12,2,0,1,2.0,1
C100393,26,F,Казань,1290123,married,1,bachelor,employed,37235,0,1,3.0,1,13264.85,0,,,26,0.984,1.0,Xiaomi,18792,9,0,0,1,1.0,0
C100394,28,F,Москва,12696327,single,0,bachelor,employed,142458,0,0,5.8,2,214691.74,1,8085267.25,640.2,35,0.841,3.1,Apple,93435,17,5,1,1,2.0,1
C100395,29,F,Екатеринбург,1541339,married,0,bachelor,self_employed,71542,0,0,3.4,1,24657.68,1,312243.13,618.1,38,0.973,4.2,Xiaomi,20106,30,4,0,0,,0
C100396,29,M,Москва,12424518,single,0,secondary,self_employed,60827,0,1,11.0,3,129690.62,0,,633.5,12,0.778,3.3,Xiaomi,28937,30,1,0,1,1.0,0
C100397,35,F,Санкт-Петербург,5495294,single,0,master,employed,193759,1,1,7.4,2,192049.4,1,847961.6,714.4,54,0.91,10.9,Apple,116019,15,2,1,0,,1
C100398,63,M,Санкт-Петербург,5230615,married,3,secondary,employed,44669,1,1,5.1,2,69074.4,1,652640.01,629.0,4,0.327,1.1,Xiaomi,14943,20,4,0,1,0.0,0
C100399,36,F,Москва,13274093,single,1,bachelor,unemployed,65124,0,0,4.0,1,35328.66,1,587109.63,591.7,19,0.859,3.0,Samsung,45272,14,3,0,1,0.0,0
C100400,54,F,Санкт-Петербург,5692729,single,1,bachelor,employed,77034,0,0,8.9,1,116767.76,1,466884.81,675.3,28,0.744,5.1,Xiaomi,21027,28,0,0,1,1.0,1
C100401,19,M,Новосибирск,1653755,single,0,bachelor,employed,37228,0,0,1.0,1,11911.82,0,,,19,0.873,3.9,Xiaomi,14055,28,0,0,0,,0
C100402,30,M,Челябинск,1182346,single,0,bachelor,self_employed,82914,1,0,0.5,2,51939.88,1,1525207.69,662.6,26,0.558,5.8,Samsung,49883,10,2,0,0,,0
C100403,41,M,Екатеринбург,1530171,married,5,master,employed,120735,1,1,5.9,2,1091951.77,1,4466462.68,666.3,38,0.734,,Samsung,59571,22,5,1,1,0.0,1
C100404,51,F,Москва,12641195,married,1,secondary,self_employed,100855,1,0,2.1,2,67607.61,0,,621.5,28,0.933,3.4,Xiaomi,22108,28,1,0,1,1.0,0
C100405,62,F,Москва,12771026,married,2,master,employed,99151,1,1,4.1,4,49979.99,0,,694.1,33,0.663,2.2,Samsung,37365,26,1,0,1,0.0,0
C100406,34,M,Москва,12862003,single,0,master,employed,137665,1,1,10.8,2,110366.69,1,918162.08,658.3,42,0.93,14.7,Xiaomi,30797,12,3,1,1,1.0,1
C100407,59,F,Екатеринбург,1473012,divorced,1,master,employed,190317,0,1,8.8,5,276014.08,1,4236496.61,733.1,49,0.66,8.9,Apple,99631,4,5,0,1,2.0,1
C100408,47,F,Новосибирск,1603708,divorced,0,secondary,employed,40802,0,1,4.4,2,31871.95,0,,551.7,4,0.386,1.0,Other,15975,14,3,0,0,,0
C100409,30,M,Челябинск,1162849,married,0,bachelor,self_employed,64802,0,0,6.3,4,51422.97,0,,566.6,29,0.823,10.2,Samsung,67008,3,2,0,1,0.0,1
C100410,46,F,Нижний Новгород,1244999,married,5,bachelor,employed,122578,1,1,21.0,2,217305.46,1,1210265.27,705.4,33,0.632,1.1,Xiaomi,34127,33,3,1,1,1.0,1
C100411,52,M,Нижний Новгород,1249640,married,1,secondary,employed,68060,1,1,16.4,4,82160.56,0,,686.2,13,0.347,4.9,Apple,81165,5,2,0,0,,0
C100412,37,F,Москва,12444629,single,0,bachelor,employed,112516,0,0,12.8,3,761961.3,1,2606331.68,637.4,21,0.698,5.9,Apple,82367,16,2,0,0,,0
C100413,63,M,Уфа,1137785,married,1,bachelor,employed,79756,0,0,10.6,2,43329.39,1,369990.81,654.4,13,0.425,1.7,Samsung,46881,10,3,0,1,2.0,0
C100414,63,M,Челябинск,1182952,married,2,secondary,employed,47711,0,1,10.0,1,82682.5,0,,661.4,11,0.508,2.2,Samsung,34486,27,1,0,1,1.0,0
C100415,72,M,Челябинск,1157758,married,3,secondary,self_employed,33936,0,0,5.9,2,14142.03,1,296172.45,583.1,4,0.368,0.2,Xiaomi,15920,8,2,0,0,,0
C100416,27,F,Екатеринбург,1564331,single,0,secondary,self_employed,38580,0,0,9.0,3,63810.32,1,447807.02,575.0,22,0.866,7.5,Xiaomi,15987,2,4,0,0,,0
C100417,34,F,Ростов-на-Дону,1147184,single,0,secondary,employed,26793,0,0,8.0,1,16889.21,1,370961.93,480.7,3,0.266,1.7,Xiaomi,12893,19,0,0,1,0.0,0
C100418,29,F,Екатеринбург,1517579,single,0,bachelor,employed,35189,0,0,3.2,3,8851.63,0,,502.5,20,0.864,5.8,Huawei,16706,10,3,0,0,,0
C100419,22,F,Екатеринбург,1512542,single,0,secondary,employed,21211,0,0,0.8,1,8939.53,0,,,4,0.848,1.4,Xiaomi,10855,11,0,0,0,,0
C100420,26,M,Новосибирск,1616023,single,1,bachelor,employed,58798,0,1,7.5,2,42113.02,0,,,36,0.942,2.5,Xiaomi,23924,5,0,0,0,,0
C100421,37,F,Москва,12251440,married,2,secondary,employed,96505,1,1,7.3,4,68538.32,1,189100.37,709.8,51,0.955,13.1,Samsung,48546,0,3,0,1,1.0,1
C100422,41,M,Москва,13267765,married,1,bachelor,employed,221377,1,1,6.8,1,159875.48,0,,746.3,56,0.978,4.9,Apple,129001,10,1,1,1,0.0,1
C100423,43,M,Екатеринбург,1515437,married,0,secondary,employed,23759,0,1,4.2,1,22161.59,0,,505.2,12,0.748,1.6,Other,6460,15,3,1,0,,0
C100424,48,F,Челябинск,1185614,married,4,bachelor,self_employed,178446,1,1,4.1,3,202013.42,1,1462118.15,653.3,40,0.821,1.5,Xiaomi,38031,4,5,1,1,0.0,1
C100425,48,F,Краснодар,1090827,married,1,secondary,employed,46090,1,0,23.3,3,19811.02,1,294895.11,525.5,19,0.615,1.9,Samsung,44930,11,4,0,0,,0
C100426,50,F,Новосибирск,1630615,married,2,secondary,employed,57686,1,0,6.0,3,67164.35,1,180024.49,459.2,24,0.568,1.8,Xiaomi,25256,10,1,0,0,,0
C100427,35,F,Москва,12721012,single,0,secondary,unemployed,29614,0,1,6.8,1,8568.09,0,,466.1,11,0.64,4.9,Xiaomi,14142,46,0,0,0,,0
C100428,30,M,Москва,12884437,single,0,bachelor,employed,71048,0,1,12.0,2,48685.02,1,1655460.76,514.8,32,0.75,3.3,Xiaomi,23863,12,1,1,1,1.0,0
C100429,35,F,Самара,1130442,single,0,bachelor,self_employed,72650,0,1,11.0,3,106857.4,1,1207151.04,545.1,25,0.74,8.5,Xiaomi,13227,22,3,0,0,,0
C100430,41,M,Санкт-Петербург,5168796,married,2,secondary,employed,54808,0,0,13.1,3,76907.42,1,204928.48,746.0,24,0.892,3.9,Huawei,16544,29,2,0,0,,0
C100431,44,M,Краснодар,1110054,married,2,bachelor,employed,99827,1,1,22.9,2,65351.74,1,728075.01,698.1,21,0.609,4.8,Xiaomi,20332,11,3,1,1,1.0,1
C100432,35,F,Челябинск,1146668,single,0,secondary,employed,26855,0,1,6.0,3,34936.87,1,109050.96,,8,0.719,0.6,Huawei,15166,16,1,0,0,,0
C100433,54,F,Краснодар,1107815,married,4,bachelor,employed,102291,1,1,14.7,4,179459.47,1,6424682.37,674.0,21,0.623,2.1,Google,75463,6,5,0,1,0.0,1
C100434,29,M,Москва,12661225,married,2,bachelor,employed,118938,1,1,6.2,3,332753.44,1,1038947.09,672.7,48,0.972,16.2,Xiaomi,32389,21,7,0,0,,0
C100435,37,M,Санкт-Петербург,5325281,single,2,bachelor,employed,92557,1,0,6.1,3,38704.07,1,1833482.59,601.0,38,0.902,5.1,Huawei,20251,39,6,0,1,0.0,0
C100436,39,F,Нижний Новгород,1300506,married,4,secondary,employed,168195,1,0,4.4,2,147776.63,1,886626.74,716.8,42,0.902,11.6,Google,93575,7,2,1,1,0.0,1
C100437,37,M,Уфа,1178364,single,1,secondary,employed,67748,1,0,2.2,2,23553.77,1,2009084.65,583.0,17,0.626,1.5,Samsung,41403,21,2,0,0,,0
C100438,22,F,Краснодар,1122102,single,0,master,employed,54985,0,0,4.0,2,79100.25,1,138057.12,565.9,20,0.787,12.0,Xiaomi,31579,18,5,1,0,,0
C100439,63,M,Москва,12911235,married,0,bachelor,employed,74053,0,1,4.4,2,105678.58,0,,646.1,21,0.712,3.1,Huawei,27875,11,2,0,0,,0
C100440,27,M,Казань,1309603,married,2,bachelor,employed,66252,0,0,8.4,3,39765.46,1,478057.92,666.2,28,0.919,13.8,Xiaomi,15940,26,4,0,0,,0
C100441,43,F,Санкт-Петербург,5306409,married,4,bachelor,employed,52936,0,0,0.5,2,59214.48,1,829816.53,655.2,10,0.554,2.2,Xiaomi,22003,35,1,0,1,0.0,0
C100442,56,F,Санкт-Петербург,5242733,married,2,secondary,employed,96324,1,1,2.0,3,273145.13,1,3536584.88,643.9,22,0.572,2.0,Xiaomi,23322,36,3,0,1,0.0,0
C100443,54,M,Челябинск,1220669,married,1,master,employed,112693,1,1,10.8,1,363267.66,0,,583.2,26,0.632,2.8,Samsung,44765,27,2,0,1,0.0,0
C100444,36,F,Нижний Новгород,1195470,married,0,master,employed,52220,0,1,18.0,3,23310.24,0,,686.4,21,0.716,3.6,Samsung,46222,18,2,0,0,,0
C100445,57,M,Москва,12586944,married,3,bachelor,employed,110066,0,0,16.5,8,165151.24,1,1292800.61,674.1,28,0.644,4.2,Samsung,77512,3,4,1,1,1.0,1
C100446,47,M,Омск,1121525,married,1,secondary,employed,49258,0,1,1.5,1,148842.84,1,898452.45,664.6,15,0.677,3.3,Xiaomi,24738,12,1,0,0,,0
C100447,65,M,Екатеринбург,1465802,married,5,bachelor,self_employed,22397,1,1,5.7,2,10950.9,0,,452.1,4,0.423,0.6,Xiaomi,11585,30,1,0,1,0.0,0
C100448,39,M,Москва,12329441,single,0,master,employed,230654,0,1,3.6,3,361963.65,1,2419561.94,747.4,40,0.693,9.9,Apple,149412,12,6,0,1,2.0,1
C100449,39,F,Самара,1102553,married,2,master,employed,133951,1,0,6.7,2,49939.45,1,4695667.11,,39,0.869,0.8,Samsung,38206,26,5,0,0,,0
C100450,34,M,Екатеринбург,1494186,single,0,secondary,employed,25599,1,0,5.6,1,23806.48,0,,494.5,15,0.844,9.2,Samsung,31203,6,2,0,0,,0
C100451,64,F,Новосибирск,1614683,married,2,bachelor,self_employed,122773,1,1,2.8,1,97235.13,1,710010.04,687.8,29,0.703,4.7,Apple,99019,8,1,1,0,,1
C100452,41,F,Москва,12913833,married,1,bachelor,employed,293830,1,1,13.2,3,643292.92,1,4064325.48,769.8,47,0.889,9.4,Apple,149412,7,5,0,1,0.0,1
C100453,44,M,Краснодар,1123883,married,3,bachelor,employed,122973,1,1,6.3,3,194304.99,1,935834.29,554.6,38,0.689,7.9,Apple,92802,22,1,0,1,2.0,1
C100454,64,F,Москва,13209767,single,0,master,employed,185696,0,0,3.0,2,326517.11,1,2140947.52,708.8,47,0.672,1.7,Apple,93726,29,2,1,1,0.0,1
C100455,36,M,Челябинск,1193911,married,2,bachelor,employed,48317,0,0,7.8,2,40156.86,1,178461.75,599.4,23,0.486,4.0,Samsung,23921,43,1,0,0,,0
C100456,48,F,Нижний Новгород,1240866,married,1,bachelor,employed,52530,0,0,5.7,1,25875.91,1,581902.89,623.0,21,0.673,0.1,Xiaomi,21819,25,4,1,1,1.0,0
C100457,45,M,Москва,12586685,married,2,master,employed,178967,1,1,2.9,2,1023395.67,1,3244015.84,745.0,33,0.731,5.6,Samsung,54162,22,6,1,1,0.0,1
C100458,48,F,Нижний Новгород,1205289,single,0,secondary,employed,74681,1,1,7.7,2,42809.47,0,,624.2,25,0.592,2.7,Xiaomi,31479,11,2,0,1,0.0,0
C100459,44,F,Нижний Новгород,1232647,single,1,master,employed,124557,0,1,2.9,1,46398.24,1,3356890.21,674.1,36,0.601,9.1,Apple,144221,17,2,0,1,2.0,1
C100460,24,M,Челябинск,1186404,single,0,secondary,employed,84214,1,0,2.8,2,111917.48,1,839857.47,723.8,37,0.817,7.4,Xiaomi,18869,48,2,0,0,,0
C100461,51,F,Омск,1057558,married,2,bachelor,self_employed,59093,0,0,7.0,1,73648.84,1,646985.15,466.2,24,0.601,3.8,Other,12951,11,1,1,0,,0
C100462,36,M,Нижний Новгород,1263939,single,1,bachelor,employed,38225,1,0,3.7,2,19601.39,0,,516.0,10,0.555,1.5,Xiaomi,25870,6,3,0,0,,0
C100463,51,M,Санкт-Петербург,5861699,single,0,secondary,self_employed,97777,0,0,4.3,1,143867.99,0,,643.4,19,0.425,3.7,Samsung,55574,6,2,0,0,,0
C100464,48,M,Омск,1122749,single,0,master,employed,72059,0,1,6.6,5,57500.69,1,1260822.92,621.2,16,0.605,7.7,Other,8596,42,4,0,0,,0
C100465,30,M,Санкт-Петербург,5412476,single,1,bachelor,employed,67769,0,0,8.2,3,72499.45,1,2061844.71,626.5,34,0.976,4.6,Xiaomi,17293,11,4,0,1,0.0,0
C100466,49,F,Краснодар,1107917,single,0,bachelor,employed,87739,1,1,1.9,4,29289.56,1,479371.26,549.3,28,0.648,4.2,Samsung,62762,10,1,0,1,0.0,0
C100467,46,M,Москва,12331839,single,1,bachelor,self_employed,264113,0,1,3.7,5,2869075.46,1,2065330.9,746.7,43,0.861,,Apple,108514,5,5,1,1,0.0,1
C100468,31,M,Челябинск,1198808,married,0,bachelor,employed,64488,0,0,2.3,1,41956.83,1,491837.91,626.1,25,0.882,11.8,Google,41754,20,1,0,1,0.0,1
C100469,20,M,Самара,1115704,single,0,master,unemployed,18042,0,0,2.0,1,3968.64,0,,421.7,14,0.859,4.9,Xiaomi,17690,13,0,0,0,,0
C100470,21,M,Омск,1108817,single,0,secondary,employed,21741,0,0,3.0,2,12531.33,0,,,9,0.824,1.0,Xiaomi,11338,35,1,1,0,,0
C100471,60,M,Ростов-на-Дону,1126024,divorced,0,secondary,employed,46642,0,1,5.9,1,65341.08,1,1157243.02,528.3,11,0.408,1.1,Huawei,25050,16,2,0,0,,0
C100472,40,M,Новосибирск,1551393,single,0,bachelor,employed,120646,1,0,0.4,1,313585.25,0,,850.0,28,0.684,2.1,Samsung,59872,10,1,1,1,0.0,1
C100473,34,M,Ростов-на-Дону,1119069,single,0,bachelor,employed,67144,0,0,16.0,3,34942.94,1,209797.72,647.2,29,0.903,2.9,Other,11185,22,4,1,1,0.0,0
C100474,34,M,Краснодар,1096680,married,1,bachelor,employed,56875,0,0,5.0,3,26688.45,1,286573.8,529.7,23,0.632,1.3,Huawei,26542,12,4,0,0,,0
C100475,27,M,Санкт-Петербург,5759160,married,2,secondary,employed,86926,0,1,2.2,4,59575.37,1,2494378.68,533.4,33,0.937,9.9,Xiaomi,24763,21,6,0,1,1.0,0
C100476,55,M,Нижний Новгород,1157406,married,2,secondary,employed,32085,1,0,9.8,2,8988.56,0,,520.5,8,0.416,,Xiaomi,18518,21,4,1,0,,0
C100477,27,F,Челябинск,1229862,single,0,secondary,employed,78574,0,0,4.4,1,47192.74,1,2040750.64,670.8,30,0.696,13.7,Samsung,65346,13,2,0,0,,0
C100478,30,F,Омск,1084280,single,0,secondary,self_employed,60184,0,0,9.6,3,16475.37,1,658057.36,710.6,16,0.538,2.2,Samsung,38881,24,1,0,0,,0
C100479,64,F,Казань,1288263,single,0,bachelor,employed,39758,0,0,8.4,3,26598.94,0,,484.7,2,0.225,0.1,Huawei,20423,24,0,0,0,,0
C100480,62,M,Санкт-Петербург,5248025,married,2,secondary,employed,66565,0,0,3.3,1,128090.61,0,,,15,0.539,3.5,Apple,47790,30,1,0,0,,0
C100481,62,M,Краснодар,1099325,married,2,bachelor,self_employed,105439,1,1,8.8,1,73826.31,1,5533505.62,589.9,24,0.336,,Xiaomi,20735,24,2,0,1,0.0,0
C100482,40,F,Екатеринбург,1637214,married,2,bachelor,employed,72948,1,1,8.5,1,19621.98,1,219295.66,634.9,29,0.746,13.5,Xiaomi,41208,3,0,0,0,,0
C100483,56,F,Самара,1211475,married,2,secondary,employed,61369,1,1,6.3,3,56930.72,0,,584.1,15,0.615,,Samsung,64557,7,1,0,1,1.0,1
C100484,43,F,Ростов-на-Дону,1134059,married,0,bachelor,employed,103955,0,1,13.5,2,138734.08,1,357621.3,658.1,27,0.793,2.8,Huawei,27640,39,2,1,1,0.0,0
C100485,30,M,Нижний Новгород,1210838,married,1,master,employed,34821,1,0,10.7,1,12123.96,0,,451.2,15,0.637,3.1,Samsung,39899,7,2,0,0,,0
C100486,63,F,Москва,11849650,married,2,master,employed,212702,1,1,13.4,3,604175.45,0,,648.9,36,0.825,2.2,Google,101499,10,1,0,1,1.0,1
C100487,54,F,Новосибирск,1590743,single,1,phd,employed,121955,1,1,2.4,2,325830.68,1,978379.41,651.6,29,0.595,14.1,Samsung,67695,8,3,0,1,1.0,1
C100488,34,M,Челябинск,1138909,married,1,bachelor,self_employed,116600,1,0,4.4,5,313939.32,0,,712.9,34,0.953,5.9,OnePlus,41980,10,9,1,1,0.0,1
C100489,44,F,Уфа,1163814,married,5,bachelor,self_employed,164979,1,0,6.1,4,425564.86,1,395988.97,700.0,40,0.725,8.7,Apple,149412,3,3,0,1,0.0,1
C100490,20,F,Санкт-Петербург,5361797,single,0,bachelor,employed,118777,1,1,2.0,2,119232.05,0,,649.4,33,0.999,9.8,Google,75408,15,2,1,1,0.0,1
C100491,70,M,Санкт-Петербург,5460671,married,2,secondary,self_employed,69683,0,1,10.1,1,96923.89,0,,534.8,26,0.597,,Samsung,58831,16,3,0,1,0.0,0
C100492,28,F,Москва,12936773,single,0,master,employed,99784,0,0,3.7,3,166517.98,0,,580.0,31,0.753,5.3,Xiaomi,35059,18,2,0,1,2.0,0
C100493,72,F,Самара,1164925,married,2,secondary,employed,36252,0,1,5.9,1,41525.27,1,1210623.99,560.4,2,0.169,0.1,Xiaomi,20003,36,1,0,1,0.0,0
C100494,47,F,Краснодар,1121897,single,0,secondary,employed,60211,0,0,0.6,3,35027.7,1,853471.56,584.8,21,0.672,3.3,Xiaomi,23049,9,6,1,1,0.0,0
C100495,35,F,Санкт-Петербург,5639422,single,1,master,employed,135999,1,0,5.0,3,109539.17,1,2128970.95,700.1,40,0.963,18.1,Apple,72079,48,4,1,1,0.0,1
C100496,39,M,Ростов-на-Дону,1102216,married,1,secondary,unemployed,25041,0,0,5.4,1,20064.3,0,,546.5,7,0.693,2.3,Other,9328,18,0,0,0,,0
C100497,51,M,Ростов-на-Дону,1117436,married,3,secondary,employed,39547,0,0,1.2,1,46360.2,0,,,10,0.541,0.8,Huawei,18480,4,0,0,1,0.0,0
C100498,60,F,Санкт-Петербург,5390629,married,1,bachelor,employed,148495,1,1,19.0,5,217573.79,1,2591056.27,706.7,38,0.744,4.1,Samsung,72101,4,4,0,1,1.0,1
C100499,32,M,Санкт-Петербург,5524049,single,0,bachelor,employed,178949,1,1,14.0,5,310935.92,1,1301021.35,741.5,33,0.801,2.0,Apple,138095,14,1,1,1,1.0,1
C100500,19,F,Казань,1404962,single,0,bachelor,employed,63085,0,0,1.0,1,28710.21,0,,,31,0.965,9.9,Samsung,53949,17,2,0,0,,0
C100501,31,M,Екатеринбург,1526862,single,0,secondary,employed,38598,0,1,2.9,2,18196.0,1,514728.41,,18,0.748,2.2,Huawei,16368,21,3,0,1,1.0,0
C100502,32,M,Краснодар,1091280,single,0,bachelor,employed,235342,1,1,2.6,1,256596.42,1,2290304.98,716.5,57,0.959,13.2,OnePlus,63332,8,5,1,1,2.0,1
C100503,29,F,Москва,12784381,single,0,secondary,employed,43545,0,0,11.0,1,10585.24,1,643613.05,552.5,15,0.716,3.1,Other,8963,10,0,0,0,,0
C100504,44,M,Москва,12981904,married,3,master,self_employed,370296,1,1,21.9,8,658539.06,1,2466303.46,850.0,45,0.923,2.2,Apple,149412,8,5,1,1,0.0,1
C100505,51,F,Екатеринбург,1529421,married,0,bachelor,employed,283693,1,1,8.5,5,635942.23,0,,737.7,43,0.384,1.0,Apple,127931,12,4,1,1,1.0,1
C100506,44,M,Ростов-на-Дону,1172185,single,0,master,employed,112502,1,0,3.1,5,71050.35,1,2868275.08,772.9,28,0.691,5.8,Apple,63642,8,7,0,1,0.0,1
C100507,61,F,Москва,13207952,married,1,secondary,employed,136387,0,1,1.4,1,502319.07,0,,,43,0.743,3.0,Samsung,52959,34,3,0,1,0.0,0
C100508,18,M,Омск,1142592,single,0,master,employed,70047,1,1,0.0,1,26910.62,0,,693.7,34,0.922,2.2,Xiaomi,22834,16,1,1,1,2.0,1
C100509,28,M,Ростов-на-Дону,1167755,single,1,bachelor,employed,74351,0,0,4.2,1,142067.49,0,,547.5,27,0.948,9.5,Samsung,49383,22,1,0,0,,0
C100510,54,M,Уфа,1120595,single,0,secondary,employed,36004,0,0,10.2,2,66986.45,0,,631.0,2,0.429,0.5,Xiaomi,22219,5,4,0,1,0.0,0
C100511,49,M,Омск,1191724,married,1,bachelor,employed,68605,0,0,5.7,2,36680.21,1,1727641.36,648.8,26,0.706,3.3,Apple,68678,48,2,0,0,,0
C100512,48,M,Уфа,1104138,married,1,master,employed,177065,1,1,7.2,5,540140.85,1,1703482.08,749.8,48,0.783,3.2,Apple,115552,6,5,1,1,0.0,1
C100513,41,M,Казань,1371027,single,0,secondary,employed,129010,1,1,6.4,3,186852.95,1,2445953.18,767.8,34,0.909,4.1,Other,25922,15,3,0,1,0.0,1
C100514,39,M,Ростов-на-Дону,1120850,married,2,bachelor,self_employed,62116,1,1,4.7,4,49955.42,1,327249.39,598.7,20,0.704,7.2,Samsung,47704,8,1,0,1,0.0,1
C100515,36,F,Омск,1165758,married,1,secondary,employed,48735,0,0,2.6,2,69286.19,1,1309444.49,605.1,23,0.947,6.3,Samsung,28901,47,3,0,0,,0
C100516,56,F,Санкт-Петербург,5567733,married,5,secondary,self_employed,73136,1,1,21.1,4,52393.29,1,1155312.26,650.3,21,0.592,3.1,Xiaomi,26119,1,4,0,0,,0
C100517,29,M,Челябинск,1205478,married,2,secondary,self_employed,46854,1,0,1.7,2,13165.45,0,,542.7,34,0.844,4.5,Xiaomi,10081,34,1,1,0,,0
C100518,44,F,Новосибирск,1652646,married,1,secondary,employed,20492,0,0,10.2,1,13768.85,0,,484.6,3,0.445,1.1,Xiaomi,7659,48,1,0,1,0.0,0
C100519,22,F,Москва,12540266,single,0,master,employed,190095,1,1,4.0,3,282697.71,0,,703.0,38,0.996,8.4,Apple,149412,1,4,1,1,0.0,1
C100520,44,F,Самара,1193149,married,5,master,self_employed,90434,1,1,10.2,6,93015.37,1,536835.34,728.2,35,0.865,10.1,Xiaomi,18443,48,2,1,1,0.0,1
C100521,26,F,Омск,1170810,single,0,bachelor,employed,134085,0,1,8.0,3,202135.68,0,,754.5,44,0.972,,Apple,149412,16,6,0,1,0.0,1
C100522,52,F,Омск,1131224,married,2,secondary,employed,43283,1,1,4.8,1,28524.02,1,137548.91,580.8,11,0.481,3.8,Huawei,17070,32,2,0,0,,0
C100523,34,F,Санкт-Петербург,5354373,married,0,master,employed,87116,1,0,11.5,2,109983.76,1,384381.29,602.5,34,0.894,7.5,Other,9199,34,6,0,0,,0
C100524,29,M,Москва,12889285,single,0,bachelor,self_employed,121581,0,1,2.1,3,63889.06,0,,,42,0.862,12.3,Samsung,58060,7,1,0,0,,1
C100525,48,M,Нижний Новгород,1209385,married,2,bachelor,employed,95962,1,0,3.7,1,128418.22,0,,666.9,32,0.693,2.6,Samsung,35683,25,3,0,0,,0
C100526,43,F,Омск,1115749,single,0,bachelor,employed,34461,0,0,13.5,1,29372.69,0,,565.9,7,0.521,1.1,Xiaomi,13021,17,0,0,1,0.0,0
C100527,42,F,Санкт-Петербург,5383426,married,2,bachelor,employed,246044,1,0,1.2,1,377974.4,0,,642.1,42,0.938,6.5,Apple,86829,29,2,0,1,0.0,1
C100528,33,F,Челябинск,1073155,married,1,bachelor,employed,40624,0,0,7.6,2,57391.1,1,440281.9,607.4,21,0.759,3.8,Xiaomi,13100,41,3,1,0,,0
C100529,34,M,Екатеринбург,1501749,married,1,bachelor,employed,38289,0,0,0.6,1,45491.3,0,,524.6,20,0.842,2.9,Other,5877,25,1,0,1,1.0,0
C100530,42,M,Москва,12454249,married,3,bachelor,employed,164767,1,0,6.1,3,196169.69,1,19031364.57,518.7,44,0.942,4.4,Xiaomi,43286,10,5,0,0,,0
C100531,56,M,Нижний Новгород,1235819,married,2,bachelor,employed,50064,1,0,2.0,2,16915.31,1,1949535.89,494.1,11,0.451,0.4,Xiaomi,13012,26,1,0,0,,0
C100532,66,M,Новосибирск,1675177,married,2,master,employed,33632,1,0,12.3,2,31117.16,1,1086947.78,615.4,2,0.273,0.2,Huawei,14132,11,1,0,0,,0
C100533,19,M,Уфа,1104523,single,0,bachelor,employed,50585,0,0,0.5,1,51192.5,0,,548.2,18,0.747,2.0,Other,9752,15,1,0,0,,0
C100534,47,M,Краснодар,1107500,single,1,bachelor,self_employed,56329,0,1,8.4,2,18401.08,1,1170401.69,682.1,22,0.691,6.4,Xiaomi,13890,25,6,0,1,2.0,0
C100535,31,M,Москва,12716606,single,1,master,employed,173674,0,1,6.9,3,141843.84,1,1583094.71,730.1,21,0.469,5.5,Samsung,83847,9,3,0,1,2.0,1
C100536,68,M,Казань,1264784,married,2,secondary,employed,20737,0,0,11.3,1,19530.45,0,,546.3,2,0.206,0.1,Samsung,22737,41,0,0,0,,0
C100537,32,F,Ростов-на-Дону,1202271,single,1,secondary,self_employed,59358,1,0,8.6,5,38874.67,0,,586.7,27,0.829,3.4,Apple,67736,7,6,0,0,,1
C100538,42,M,Санкт-Петербург,5376268,single,1,bachelor,employed,190442,1,0,3.1,4,180768.32,1,2139099.04,750.1,49,0.908,8.0,Apple,115493,16,0,0,1,0.0,1
C100539,38,F,Омск,1105712,married,1,secondary,self_employed,86651,1,1,1.7,2,40754.19,1,506467.05,644.3,20,0.658,2.3,Samsung,68662,27,2,0,1,0.0,1
C100540,52,M,Москва,12792809,married,2,master,employed,267235,0,1,9.0,7,801164.18,1,784390.26,831.8,52,0.846,7.2,Apple,101038,35,8,1,1,0.0,1
C100541,28,M,Ростов-на-Дону,1136594,single,0,bachelor,employed,108024,0,0,3.3,1,139123.88,1,447560.1,602.5,45,0.885,8.4,Xiaomi,36165,14,2,0,0,,0
C100542,42,F,Ростов-на-Дону,1132930,married,0,secondary,employed,96652,1,0,1.4,2,120743.5,1,358041.78,678.4,30,0.638,,Apple,76832,13,1,0,1,1.0,1
C100543,44,F,Омск,1148763,married,1,bachelor,employed,87341,1,1,2.1,1,88127.1,1,264397.32,689.0,23,0.686,1.7,Samsung,38380,13,4,0,0,,0
C100544,46,F,Москва,12356452,married,2,bachelor,self_employed,123527,0,0,5.3,4,198216.81,1,898397.47,659.3,26,0.625,6.3,Samsung,90809,6,3,0,1,4.0,1
C100545,47,M,Самара,1074080,married,5,master,employed,92403,0,0,4.8,4,69038.92,0,,617.9,26,0.532,4.0,Xiaomi,27249,26,4,0,0,,0
C100546,40,F,Казань,1305822,single,0,secondary,self_employed,47123,0,1,17.0,3,53323.57,1,367739.56,618.4,21,0.716,5.7,Samsung,36614,15,2,0,1,1.0,0
C100547,37,F,Москва,12606300,single,0,master,employed,105475,0,1,12.7,3,144772.59,0,,675.3,31,0.916,4.2,Huawei,36265,5,2,0,0,,0
C100548,28,F,Москва,12668355,single,0,secondary,employed,89998,0,0,3.9,3,179525.66,0,,607.3,34,0.978,0.4,Samsung,57986,10,6,0,1,1.0,1
C100549,72,M,Краснодар,1064902,married,1,secondary,employed,22786,0,1,3.8,1,12225.91,1,102061.48,509.7,2,0.063,,Xiaomi,6896,48,0,0,0,,0
C100550,41,M,Ростов-на-Дону,1087034,single,1,bachelor,self_employed,72395,0,0,5.3,1,40103.55,1,675516.23,591.8,20,0.589,3.9,Xiaomi,16668,46,3,1,0,,0
C100551,22,F,Уфа,1111732,single,1,bachelor,employed,67085,0,0,1.5,1,55631.16,1,670689.27,688.5,31,0.852,2.0,Other,7209,42,2,0,0,,0
C100552,31,M,Казань,1303236,single,0,secondary,self_employed,28164,0,0,5.3,2,13719.16,1,148855.72,566.4,4,0.537,8.9,Xiaomi,12274,16,4,0,0,,0
C100553,40,F,Самара,1120238,single,1,bachelor,self_employed,121291,1,1,0.5,2,166711.28,1,848930.13,687.4,28,0.765,3.8,Other,18283,24,1,0,1,0.0,0
C100554,43,M,Москва,11957360,single,0,bachelor,employed,90036,0,0,5.0,2,58011.01,0,,724.2,38,0.689,2.6,Huawei,31140,18,0,0,0,,0
C100555,55,F,Самара,1192860,married,0,secondary,self_employed,118798,1,0,4.8,1,95447.93,0,,651.8,21,0.592,6.5,Apple,131085,6,4,1,1,0.0,1
C100556,27,F,Ростов-на-Дону,1136424,single,1,bachelor,employed,40487,0,0,3.8,1,16187.61,1,271205.28,547.0,19,0.901,5.3,Other,7900,17,0,0,0,,0
C100557,70,F,Екатеринбург,1471238,married,1,bachelor,employed,51701,0,0,14.3,1,16122.88,0,,639.0,10,0.281,0.6,Other,11645,13,1,0,0,,0
C100558,51,F,Краснодар,1081204,married,1,secondary,employed,54942,0,1,2.4,5,82036.84,1,1007538.21,529.9,13,0.522,4.6,Xiaomi,25653,12,1,0,1,0.0,0
C100559,35,F,Казань,1243986,single,1,bachelor,employed,86072,0,0,13.8,2,101268.83,0,,637.1,28,0.802,4.0,Apple,85347,14,5,0,1,1.0,1
C100560,34,F,Москва,12233007,single,0,bachelor,employed,123282,0,0,12.0,4,82994.76,1,704616.5,721.1,55,0.99,7.9,Apple,61552,46,2,1,1,0.0,1
C100561,23,F,Краснодар,1117165,single,0,bachelor,employed,25037,0,0,5.0,1,9955.54,0,,498.8,21,0.974,16.5,Xiaomi,9037,30,0,0,0,,0
C100562,54,F,Новосибирск,1683191,married,3,master,employed,126224,1,1,8.5,5,163699.61,0,,757.9,30,0.301,6.4,Xiaomi,42673,12,5,0,1,1.0,1
C100563,34,F,Нижний Новгород,1258167,single,0,bachelor,employed,87919,1,0,5.1,1,99115.35,0,,635.3,31,0.94,10.7,Samsung,31637,15,1,0,1,0.0,0
C100564,30,F,Ростов-на-Дону,1150608,married,2,master,employed,66080,1,1,12.0,1,72908.33,1,1445303.26,606.2,29,0.924,1.2,Samsung,76652,8,2,0,0,,1
C100565,29,F,Екатеринбург,1474393,single,0,bachelor,employed,39734,0,0,6.3,1,8820.64,0,,444.1,13,0.822,4.5,Xiaomi,21132,22,1,0,0,,0
C100566,45,F,Новосибирск,1614167,single,0,secondary,employed,123649,1,1,18.4,2,185995.94,1,2062876.65,747.7,36,0.72,2.7,Xiaomi,36159,21,5,0,1,0.0,0
C100567,72,M,Ростов-на-Дону,1118086,married,0,secondary,employed,38282,0,0,6.6,1,30349.37,0,,548.1,2,0.192,0.6,Other,8439,5,2,0,0,,0
C100568,30,M,Санкт-Петербург,5734739,single,0,bachelor,self_employed,121844,0,0,12.0,4,59821.93,1,2564867.21,733.2,53,0.963,5.4,Other,11158,13,2,1,1,2.0,1
C100569,22,F,Москва,12716796,single,0,bachelor,employed,39372,0,1,2.9,2,13638.38,0,,,23,0.973,6.1,Xiaomi,11594,48,1,0,0,,0
C100570,41,F,Омск,1097956,married,3,master,employed,123202,1,1,7.5,2,184064.67,1,1042355.91,597.3,31,0.801,3.8,Samsung,25194,28,2,0,1,0.0,0
C100571,23,M,Москва,12722683,single,1,master,employed,247458,1,1,5.0,3,221926.96,0,,699.0,51,0.961,7.3,Apple,146129,18,5,0,1,0.0,1
C100572,40,F,Омск,1155497,married,1,secondary,employed,37731,0,0,15.6,5,6743.49,0,,607.1,8,0.68,0.9,Xiaomi,11021,48,6,0,1,0.0,0
C100573,31,F,Санкт-Петербург,5471027,single,0,bachelor,employed,99428,1,0,7.1,3,106254.47,1,1756118.54,718.6,34,0.985,1.2,Apple,85984,3,3,0,1,1.0,1
C100574,48,F,Москва,12957258,married,2,secondary,self_employed,132672,1,1,4.2,2,146251.46,1,4589439.23,654.1,34,0.858,6.4,Apple,122893,4,1,0,1,0.0,1
C100575,47,F,Краснодар,1117666,married,1,secondary,employed,81665,0,1,5.2,4,50126.56,1,253894.45,542.3,26,0.517,2.3,Apple,110458,9,1,0,0,,0
C100576,43,M,Нижний Новгород,1211275,married,3,bachelor,employed,39630,0,0,8.7,2,30510.42,1,570611.63,590.1,9,0.662,2.6,Xiaomi,20533,22,2,0,0,,0
C100577,65,M,Нижний Новгород,1228655,married,1,secondary,employed,33054,0,0,7.6,1,15457.41,1,47374.52,581.9,2,0.316,1.1,Xiaomi,9694,8,1,0,0,,0
C100578,45,M,Нижний Новгород,1245718,married,4,bachelor,employed,74238,1,0,0.7,3,246512.79,1,296649.7,552.1,30,0.586,2.4,Other,10541,48,5,0,1,0.0,0
C100579,20,M,Омск,1103616,single,0,bachelor,employed,84539,1,0,2.0,4,57261.79,1,1582929.79,615.4,22,0.86,2.9,Apple,91147,4,2,0,1,0.0,1
C100580,59,M,Москва,12667440,married,1,bachelor,self_employed,169710,1,1,3.5,4,264298.76,1,3450215.1,735.5,53,0.74,2.0,Apple,91074,12,5,0,1,0.0,1
C100581,59,M,Санкт-Петербург,5598026,divorced,5,master,self_employed,75855,1,1,10.1,1,362466.75,1,441273.32,575.9,26,0.361,3.3,Xiaomi,24588,16,0,0,0,,0
C100582,24,F,Новосибирск,1643193,single,0,secondary,employed,43959,0,0,6.0,3,52509.1,0,,657.7,20,0.853,2.3,Samsung,39014,26,0,1,0,,0
C100583,32,F,Санкт-Петербург,5506690,single,0,bachelor,employed,101345,1,0,1.9,1,144679.84,0,,605.8,26,0.752,12.4,Xiaomi,24664,2,1,0,0,,0
C100584,64,F,Челябинск,1172524,married,3,secondary,self_employed,46930,1,1,5.2,1,18060.0,1,204978.02,597.2,10,0.309,2.8,Samsung,29823,36,1,0,0,,0
C100585,27,F,Санкт-Петербург,5291852,single,0,master,self_employed,257360,1,1,1.2,4,440161.83,0,,788.6,48,0.863,5.1,Samsung,125424,15,5,1,0,,1
C100586,34,M,Москва,11984997,married,0,secondary,employed,99265,1,0,16.0,2,166901.62,1,1463619.86,778.5,33,0.881,7.3,Xiaomi,21151,20,2,1,1,1.0,1
C100587,41,F,Москва,12478394,single,0,bachelor,employed,112067,1,0,5.5,1,79645.59,1,569027.83,682.4,38,0.963,6.7,Xiaomi,28831,9,3,0,0,,0
C100588,30,F,Ростов-на-Дону,1149015,single,1,bachelor,employed,98426,1,1,12.0,1,58008.94,1,495734.0,705.1,34,0.845,2.9,Xiaomi,43415,8,0,0,0,,0
C100589,31,M,Москва,12919526,single,0,bachelor,employed,71034,0,0,13.0,1,78107.78,0,,640.0,27,0.839,15.1,Apple,58148,2,8,0,1,1.0,1
C100590,52,F,Краснодар,1129647,married,3,secondary,employed,40945,0,0,9.0,3,17353.35,1,598573.66,528.7,10,0.386,2.9,Xiaomi,17791,48,3,0,0,,0
C100591,41,M,Уфа,1131499,single,0,bachelor,employed,97865,1,0,7.2,1,122607.92,0,,657.7,19,0.587,1.3,Samsung,46547,16,2,0,1,1.0,0
C100592,40,F,Омск,1083552,single,1,bachelor,self_employed,94141,1,1,6.1,3,45345.03,1,645213.94,706.8,33,0.909,2.9,Google,16284,43,3,1,1,1.0,1
C100593,19,M,Новосибирск,1586499,single,0,bachelor,employed,50988,0,0,1.0,1,38891.68,0,,,16,0.631,9.1,Xiaomi,13062,7,1,0,0,,0
C100594,21,M,Уфа,1150181,single,0,bachelor,employed,37382,0,0,3.0,1,20649.75,1,1494159.5,546.9,15,0.928,1.0,Samsung,28998,26,0,0,0,,0
C100595,26,M,Новосибирск,1673416,single,0,master,employed,130203,1,1,7.3,3,642728.58,1,1005823.06,703.7,38,0.836,5.9,Xiaomi,30191,22,1,1,1,0.0,1
C100596,62,F,Москва,12467121,married,3,secondary,employed,176855,1,1,10.8,2,360186.71,1,1402730.06,768.9,24,0.408,4.7,Apple,122404,11,4,0,1,2.0,1
C100597,27,M,Екатеринбург,1497697,married,3,bachelor,employed,130922,0,0,8.5,4,171097.72,0,,708.4,40,0.834,4.9,Xiaomi,48015,4,2,0,1,0.0,1
C100598,49,F,Казань,1293672,married,2,secondary,employed,38149,1,0,10.0,1,10417.31,1,260128.18,471.8,20,0.636,6.1,Huawei,14341,19,0,1,1,0.0,0
C100599,33,F,Ростов-на-Дону,1085524,single,0,master,employed,144635,1,1,3.4,2,345420.73,0,,,29,0.809,16.7,Apple,104112,13,3,1,0,,1
C100600,27,F,Москва,12632475,single,0,bachelor,employed,74092,0,1,1.4,1,23020.35,1,551121.51,634.4,28,0.758,9.8,Samsung,44037,9,1,0,1,3.0,1
C100601,33,F,Челябинск,1295474,married,2,master,unemployed,37222,0,0,11.0,3,5905.28,1,2796212.63,505.0,7,0.633,2.6,Xiaomi,11972,24,2,0,0,,0
C100602,32,M,Самара,1209236,married,0,secondary,employed,47274,0,0,2.6,1,53230.9,1,430881.49,571.4,19,0.775,2.6,Samsung,34021,18,0,1,0,,0
C100603,21,M,Ростов-на-Дону,1166435,single,0,bachelor,employed,26859,0,0,3.0,2,21516.25,0,,,13,0.752,8.0,Xiaomi,16969,13,1,1,0,,0
C100604,63,F,Москва,13106256,married,0,bachelor,employed,136260,1,1,5.8,3,958012.9,1,3121976.6,646.2,31,0.74,5.6,OnePlus,38011,3,5,1,1,0.0,1
C100605,32,F,Нижний Новгород,1217800,single,0,master,employed,196326,1,0,4.5,3,538612.1,0,,743.4,41,0.605,6.7,Xiaomi,44191,19,3,0,0,,0
C100606,41,F,Москва,12586697,married,2,secondary,employed,231002,1,1,11.4,3,258137.61,1,1328346.47,812.0,53,0.731,4.0,Apple,137415,10,9,1,0,,1
C100607,54,M,Екатеринбург,1448518,married,3,secondary,employed,107401,1,0,10.8,4,338476.63,0,,622.3,40,0.774,2.3,Xiaomi,50443,3,4,0,0,,0
C100608,46,F,Самара,1109432,married,1,secondary,employed,66572,0,1,4.2,3,102776.46,0,,615.0,26,0.74,9.2,Huawei,27637,15,2,0,0,,0
C100609,31,M,Ростов-на-Дону,1183633,single,0,bachelor,employed,30362,1,0,10.5,3,21285.07,1,489891.34,576.9,9,0.837,3.3,Other,8587,23,3,0,0,,0
C100610,38,M,Ростов-на-Дону,1139495,single,0,master,employed,100235,0,1,20.0,3,49407.07,1,7294302.77,683.1,30,0.709,2.8,Samsung,66174,5,2,0,0,,1
C100611,72,F,Москва,12181843,married,1,secondary,self_employed,33723,1,1,6.4,3,40848.74,1,254722.32,571.2,2,0.085,0.1,Huawei,23489,23,0,0,1,0.0,0
C100612,56,F,Ростов-на-Дону,1101453,married,2,bachelor,self_employed,99265,1,1,12.2,4,290630.97,1,805170.76,834.2,18,0.384,2.4,Xiaomi,23650,9,3,0,0,,0
C100613,22,M,Москва,12725606,single,0,bachelor,employed,63468,0,0,4.0,1,207707.6,0,,624.0,39,0.915,9.7,Xiaomi,32102,15,2,0,0,,0
C100614,22,F,Нижний Новгород,1229397,single,1,master,employed,64534,0,0,4.0,3,55881.62,1,1321913.65,665.0,28,0.878,6.8,OnePlus,38448,16,1,1,1,0.0,1
C100615,50,M,Санкт-Петербург,5288648,single,0,secondary,employed,119450,1,0,23.7,3,174952.44,1,5345621.84,710.7,47,0.839,9.3,Huawei,48079,7,1,0,0,,1
C100616,34,F,Новосибирск,1731781,single,1,bachelor,employed,100712,1,1,8.5,3,166812.89,0,,657.3,36,0.86,,Xiaomi,50954,14,3,0,1,0.0,1
C100617,34,F,Санкт-Петербург,5033577,single,0,bachelor,employed,94254,1,1,2.1,2,157841.0,1,1355763.42,633.8,30,0.838,1.0,Samsung,56416,24,0,0,1,1.0,1
C100618,52,F,Новосибирск,1633421,married,1,secondary,employed,35315,1,0,23.8,3,60324.08,1,282269.86,626.7,15,0.54,1.7,Huawei,16341,29,5,0,0,,0
C100619,64,M,Нижний Новгород,1241643,married,3,secondary,employed,18666,0,0,6.8,1,8530.7,0,,555.8,2,0.113,0.5,Xiaomi,11648,44,0,0,0,,0
C100620,26,F,Ростов-на-Дону,1218271,single,0,bachelor,employed,42167,0,0,7.2,2,33084.26,1,117509.34,601.6,17,0.921,9.8,Huawei,29233,22,1,0,0,,0
C100621,55,F,Москва,12115407,married,2,bachelor,employed,98984,0,1,2.4,2,125414.06,1,830027.33,607.7,28,0.756,1.6,OnePlus,23322,28,1,0,1,0.0,0
C100622,24,M,Москва,12330753,single,0,bachelor,employed,182536,0,1,5.8,2,280061.36,0,,657.7,38,0.975,5.9,Apple,67706,31,2,0,0,,0
C100623,63,F,Самара,1205719,married,1,secondary,self_employed,25001,0,0,4.1,2,28794.35,1,793285.47,534.9,2,0.132,0.2,Xiaomi,14308,13,2,0,0,,0
C100624,24,F,Москва,12885567,single,0,bachelor,employed,194191,0,0,6.0,3,247728.24,1,2516616.02,657.2,45,0.978,2.5,Apple,114836,6,1,0,0,,1
C100625,32,F,Ростов-на-Дону,1141222,single,1,secondary,employed,96176,1,0,6.8,3,31471.98,1,2516555.34,505.0,36,0.859,1.9,Samsung,37887,19,2,1,0,,0
C100626,62,M,Москва,13308980,married,1,secondary,employed,107922,0,1,5.4,5,277011.68,1,1429237.45,664.0,24,0.441,0.4,Samsung,46381,16,4,0,1,1.0,0
C100627,26,F,Омск,1102319,single,0,secondary,employed,33914,0,0,8.0,2,34150.21,0,,557.5,6,0.645,0.3,Samsung,32434,31,1,0,0,,0
C100628,31,M,Новосибирск,1662821,married,0,bachelor,employed,33223,0,0,0.7,1,15846.43,0,,,20,0.914,3.2,Xiaomi,13292,17,3,1,0,,0
C100629,39,M,Санкт-Петербург,5511287,married,2,phd,employed,145795,1,1,4.5,3,300124.79,1,906589.51,703.6,37,0.986,2.6,Apple,54955,47,4,0,1,1.0,1
C100630,25,M,Москва,12681504,single,0,secondary,employed,59705,0,0,3.3,2,35697.66,1,319443.22,705.6,31,0.82,11.9,Huawei,23271,19,1,0,0,,0
C100631,28,F,Москва,12988523,single,0,master,employed,417589,1,0,4.1,7,979699.94,1,619019.43,849.9,57,0.813,1.0,Samsung,97240,4,6,1,1,1.0,1
C100632,56,M,Москва,12845284,single,0,secondary,employed,54496,0,1,5.9,2,34765.54,1,679545.77,566.6,15,0.668,0.7,Xiaomi,24871,23,3,0,0,,0
C100633,37,M,Нижний Новгород,1234159,single,0,bachelor,self_employed,55283,1,0,5.5,2,26208.33,1,1089182.28,663.1,21,0.494,2.6,Samsung,55005,12,2,0,1,0.0,0
C100634,33,M,Уфа,1127933,single,0,master,employed,55893,1,0,9.2,2,74579.78,1,836516.15,671.1,33,0.966,2.9,Xiaomi,18274,43,1,0,0,,0
C100635,38,M,Москва,12083054,married,3,secondary,self_employed,80384,1,1,7.1,3,92867.29,1,1001785.22,529.7,30,0.781,12.5,Samsung,55563,8,2,0,1,0.0,1
C100636,50,F,Москва,12728036,married,5,secondary,employed,92614,1,1,15.0,2,281582.62,1,1269788.9,641.8,19,0.461,2.8,Apple,85154,24,3,1,1,0.0,1
C100637,30,M,Краснодар,1213686,single,2,master,employed,185327,1,0,8.0,3,39591.16,0,,684.8,62,0.914,8.0,Apple,98287,14,2,0,1,0.0,1
C100638,38,M,Новосибирск,1671261,married,1,bachelor,employed,150748,1,1,3.1,5,159534.62,1,690909.27,659.7,38,0.926,2.1,Apple,108073,3,4,0,0,,1
C100639,28,M,Омск,1125320,single,0,bachelor,self_employed,44918,0,0,2.0,1,24191.51,1,273232.68,545.4,21,0.925,3.1,Huawei,9968,36,2,0,0,,0
C100640,34,F,Санкт-Петербург,5302251,single,0,bachelor,employed,154626,1,1,1.5,2,92743.89,1,732392.03,732.2,32,0.884,4.3,Samsung,149412,6,2,0,1,1.0,1
C100641,27,M,Краснодар,1160640,single,0,secondary,self_employed,52575,0,0,8.1,2,29512.36,1,420092.53,533.0,20,0.802,1.2,Huawei,18841,48,2,0,0,,0
C100642,33,M,Нижний Новгород,1235824,single,0,bachelor,employed,72995,0,0,5.0,3,215477.66,1,1852685.07,608.2,25,0.776,4.4,Apple,74085,10,2,0,1,0.0,1
C100643,31,F,Самара,1196582,single,0,bachelor,employed,86834,0,0,6.6,5,35879.7,0,,674.1,22,0.904,2.7,Samsung,43923,2,7,1,0,,1
C100644,41,M,Москва,12784466,married,3,bachelor,employed,128578,0,1,7.8,2,211756.44,0,,688.9,34,0.676,5.2,Samsung,63589,16,3,1,1,2.0,1
C100645,54,F,Челябинск,1120629,married,0,bachelor,employed,45315,0,0,6.6,3,32073.61,0,,585.7,9,0.415,1.9,Google,56645,26,2,0,0,,0
C100646,40,F,Екатеринбург,1525027,married,3,phd,self_employed,78480,0,0,16.6,2,33218.98,1,590386.4,664.9,25,0.697,7.0,Other,7454,24,3,1,0,,0
C100647,55,M,Екатеринбург,1414547,married,1,secondary,employed,82672,1,0,6.0,2,139451.86,0,,656.8,22,0.332,3.3,Huawei,29597,17,4,1,1,2.0,0
C100648,28,F,Уфа,1157903,single,1,bachelor,employed,58629,1,0,10.0,4,36627.33,0,,707.6,28,0.924,6.2,Xiaomi,22752,10,2,0,0,,0
C100649,35,F,Екатеринбург,1441244,single,1,bachelor,employed,107133,1,0,5.2,2,133613.75,0,,696.9,39,0.812,13.3,Xiaomi,30837,14,1,1,0,,1
C100650,30,M,Москва,13104218,single,1,secondary,employed,191295,1,1,4.8,3,178497.83,0,,741.9,45,0.982,7.5,Apple,105547,2,5,0,1,3.0,1
C100651,32,F,Омск,1109308,single,0,bachelor,employed,63961,0,0,8.6,2,27495.66,0,,579.2,33,0.915,11.1,Huawei,41538,7,2,0,0,,0
C100652,33,F,Екатеринбург,1465501,single,1,secondary,self_employed,88153,0,1,6.8,2,106151.52,1,1291552.8,677.2,39,0.916,4.5,Xiaomi,27927,11,2,0,0,,0
C100653,30,F,Самара,1196169,married,0,secondary,employed,20214,0,0,12.0,1,12052.85,0,,515.0,19,0.974,2.9,Xiaomi,22151,9,2,1,0,,0
C100654,66,M,Уфа,1143053,married,2,master,employed,22892,0,0,0.5,1,4963.18,0,,,2,0.094,0.4,Xiaomi,6460,48,2,0,0,,0
C100655,48,M,Нижний Новгород,1190330,married,1,secondary,employed,27816,0,0,2.7,1,11019.2,0,,604.9,16,0.815,4.0,Other,3500,40,2,0,0,,0
C100656,57,M,Челябинск,1163898,married,1,secondary,employed,36702,0,0,5.1,2,17202.64,1,186163.47,510.0,7,0.342,,Samsung,42677,13,2,0,0,,0
C100657,32,F,Москва,12928826,single,0,secondary,employed,49823,0,0,11.0,3,37871.59,0,,618.9,20,0.811,1.1,Xiaomi,37372,10,2,0,0,,0
C100658,24,M,Нижний Новгород,1242514,single,0,secondary,employed,30108,0,0,4.6,1,17039.98,0,,489.5,8,0.694,1.4,Xiaomi,8917,17,2,0,0,,0
C100659,47,M,Самара,1159669,married,2,secondary,employed,23084,0,0,4.4,1,23232.56,1,170187.97,483.2,5,0.372,3.7,Xiaomi,7469,36,0,0,0,,0
C100660,28,M,Омск,1152174,single,0,bachelor,self_employed,48145,0,0,1.7,1,24794.67,0,,,22,0.709,3.4,Other,9430,14,2,0,0,,0
C100661,68,M,Екатеринбург,1494159,married,0,secondary,employed,76242,0,1,3.9,1,104341.52,1,828358.49,715.2,23,0.434,3.5,Xiaomi,21192,15,0,0,0,,0
C100662,62,M,Новосибирск,1620560,married,2,bachelor,self_employed,91633,1,1,7.7,1,57566.98,1,1019104.9,555.2,9,0.237,4.9,Samsung,52774,12,1,1,0,,0
C100663,55,F,Новосибирск,1609063,married,1,bachelor,employed,92253,1,0,11.1,2,133857.94,0,,692.1,21,0.619,3.9,Xiaomi,22037,12,5,0,0,,0
C100664,43,F,Ростов-на-Дону,1152641,married,1,bachelor,employed,45866,0,0,5.1,1,36714.84,1,1005804.49,521.6,17,0.622,1.6,Other,8756,21,2,0,0,,0
C100665,55,M,Уфа,1235296,single,0,secondary,employed,24061,0,0,6.1,4,3486.08,0,,591.1,3,0.463,0.7,Xiaomi,12030,45,3,0,0,,0
C100666,72,F,Новосибирск,1607269,married,2,secondary,employed,42995,0,0,10.9,3,37192.56,0,,609.2,7,0.294,0.6,Huawei,20456,14,1,0,0,,0
C100667,51,F,Омск,1121343,married,2,bachelor,employed,53605,1,0,6.2,1,42921.85,1,216095.09,491.9,8,0.315,2.0,Huawei,28858,5,1,0,1,1.0,0
C100668,23,F,Ростов-на-Дону,1143522,married,0,master,employed,60025,0,0,4.3,2,51533.89,0,,608.6,24,0.908,2.6,Xiaomi,20072,10,2,0,0,,0
C100669,40,F,Уфа,1126605,married,1,bachelor,employed,54068,0,1,16.1,2,73277.74,1,1175642.43,529.8,31,0.756,10.0,Apple,58463,9,3,0,0,,0
C100670,38,F,Москва,12375501,married,2,secondary,employed,92269,0,0,14.0,3,372192.58,0,,706.4,36,0.743,4.6,Samsung,70878,14,2,1,0,,1
C100671,51,M,Казань,1325756,married,2,bachelor,employed,76395,1,1,9.5,2,104814.22,1,532946.15,687.3,25,0.713,1.8,Huawei,25218,13,3,0,0,,0
C100672,24,F,Новосибирск,1607965,single,0,bachelor,employed,71659,0,0,1.9,1,50120.78,0,,,31,0.938,7.5,Xiaomi,13434,40,1,0,0,,0
C100673,36,M,Нижний Новгород,1230199,single,0,bachelor,employed,69182,1,0,3.6,1,93831.65,1,463479.66,641.5,20,0.835,5.8,Xiaomi,29936,25,3,1,0,,0
C100674,27,F,Ростов-на-Дону,1148640,single,0,bachelor,employed,35557,1,0,9.0,1,20775.41,0,,631.6,24,0.751,5.3,Xiaomi,8807,35,2,0,0,,0
C100675,51,M,Нижний Новгород,1245335,married,1,bachelor,employed,80837,1,0,8.8,2,46300.87,0,,693.4,22,0.591,8.5,Xiaomi,15833,12,1,0,1,2.0,0
C100676,31,M,Москва,12560934,single,0,master,employed,136851,0,0,2.0,1,170180.91,0,,634.9,55,0.992,9.7,Samsung,49226,6,3,0,0,,0
C100677,34,M,Уфа,1172426,single,0,secondary,employed,40388,1,0,2.4,1,38975.86,0,,,18,0.817,3.4,Samsung,27041,14,0,0,1,0.0,0
C100678,49,M,Уфа,1126289,married,3,secondary,employed,27638,0,1,7.3,1,4493.77,1,293450.56,502.4,7,0.556,3.5,Xiaomi,17462,8,0,0,0,,0
C100679,25,M,Самара,1143018,single,0,bachelor,employed,35704,0,0,7.0,1,32806.14,1,320875.43,471.4,12,0.692,2.5,Huawei,12604,28,1,0,1,2.0,0
C100680,27,F,Нижний Новгород,1176917,divorced,0,secondary,employed,57389,0,0,1.2,2,44220.49,0,,616.4,21,0.695,5.6,Xiaomi,21050,7,1,0,0,,0
C100681,35,F,Казань,1289994,single,0,secondary,employed,38079,0,0,1.1,2,12147.18,1,555675.62,568.5,12,0.759,5.8,Xiaomi,13878,30,3,0,0,,0
C100682,40,F,Москва,13668550,married,5,secondary,employed,35067,1,0,8.1,3,41883.22,1,257706.02,594.0,20,0.855,3.7,Xiaomi,15188,5,3,0,0,,0
C100683,45,F,Москва,12994927,married,1,bachelor,employed,159548,1,1,7.1,1,312280.19,1,6334465.13,509.6,33,0.783,3.3,Apple,123873,10,2,0,1,0.0,1
C100684,41,M,Новосибирск,1748846,married,3,bachelor,self_employed,151261,1,1,6.9,3,132794.68,0,,717.7,36,0.74,8.8,Apple,87671,16,8,1,0,,1
C100685,36,M,Нижний Новгород,1188212,single,2,master,employed,25850,0,0,5.3,1,13094.5,0,,535.1,9,0.66,1.9,Xiaomi,20166,1,2,0,0,,0
C100686,40,M,Уфа,1150957,single,1,secondary,employed,62080,0,0,2.3,3,99851.83,0,,,26,0.734,6.1,Samsung,44879,6,2,1,1,0.0,1
C100687,56,M,Омск,1136343,single,1,master,employed,90772,1,1,20.7,2,63690.3,0,,770.6,18,0.462,1.9,Other,15898,18,1,0,0,,0
C100688,53,F,Санкт-Петербург,5442598,married,5,secondary,employed,61969,0,0,6.1,4,66466.61,1,1167721.99,546.6,17,0.535,4.9,Huawei,23560,16,5,1,1,0.0,0
C100689,44,M,Краснодар,1094568,single,2,master,employed,59340,0,1,4.8,1,131668.59,1,804268.66,675.3,17,0.578,2.7,Xiaomi,19892,37,1,0,1,1.0,0
C100690,25,M,Москва,12638453,single,0,master,employed,63942,0,0,7.0,1,83878.66,0,,678.5,28,0.935,3.5,Huawei,24092,27,4,0,0,,0
C100691,35,F,Новосибирск,1641146,married,2,bachelor,employed,116889,0,1,6.7,4,94093.69,1,2591151.28,642.2,30,0.786,5.8,Xiaomi,31840,13,3,0,1,0.0,1
C100692,62,M,Челябинск,1173758,married,1,bachelor,employed,89079,1,1,14.0,5,52725.08,1,2090947.97,499.6,17,0.262,1.3,Samsung,39092,34,2,0,1,2.0,0
C100693,38,F,Челябинск,1140596,single,0,master,employed,87646,0,0,2.9,3,48206.41,1,970847.74,639.9,39,0.803,8.2,Xiaomi,30420,8,3,0,0,,0
C100694,58,F,Новосибирск,1577242,married,3,bachelor,employed,67592,0,1,7.0,3,191293.44,1,418000.53,641.5,13,0.442,3.4,Xiaomi,23047,26,1,0,0,,0
C100695,42,F,Самара,1148934,married,3,secondary,employed,63381,1,0,4.1,4,68103.16,1,663256.78,600.3,25,0.728,1.4,OnePlus,27201,6,3,0,1,0.0,0
C100696,47,M,Челябинск,1154549,married,0,secondary,employed,89036,0,0,18.1,4,117578.03,1,3581789.79,704.5,42,0.847,1.9,Apple,74139,13,1,1,0,,1
C100697,29,M,Санкт-Петербург,5602314,single,0,master,employed,167334,0,0,4.4,4,66643.31,1,3357143.94,634.6,35,0.968,0.3,Apple,98024,3,3,1,0,,1
C100698,34,F,Краснодар,1130596,single,0,master,employed,34307,0,1,4.9,2,40165.86,0,,529.8,14,0.766,4.6,Xiaomi,15267,48,1,0,0,,0
C100699,44,M,Ростов-на-Дону,1124450,married,5,secondary,employed,80345,1,1,6.7,1,142464.08,0,,622.5,21,0.331,3.3,Other,11961,48,3,0,1,1.0,0
C100700,27,M,Москва,12549181,single,1,bachelor,employed,134831,0,0,9.0,2,121259.15,0,,691.1,29,0.926,1.2,Apple,107382,2,3,0,1,1.0,1
C100701,65,F,Челябинск,1205581,married,1,secondary,unemployed,23325,0,1,12.5,2,42178.07,0,,554.9,2,0.285,0.2,Other,5048,48,0,0,1,1.0,0
C100702,42,M,Нижний Новгород,1154300,married,2,master,employed,90148,0,0,1.2,2,80651.81,1,496984.89,,17,0.562,3.4,Apple,92882,41,2,0,0,,0
C100703,46,F,Санкт-Петербург,5570215,married,0,bachelor,employed,64961,0,1,14.1,3,43619.94,1,1172177.92,723.8,18,0.471,4.1,Samsung,36832,10,1,0,1,0.0,0
C100704,36,F,Казань,1285454,single,0,bachelor,employed,47797,1,0,16.3,3,41981.17,0,,697.6,17,0.736,0.6,Huawei,22794,12,2,0,0,,0
C100705,30,M,Уфа,1071002,single,0,master,employed,134045,0,0,8.2,4,284976.31,0,,597.1,46,0.812,7.1,Xiaomi,42435,10,2,0,1,0.0,1
C100706,29,M,Москва,12463380,single,0,master,employed,204833,1,0,4.1,4,168927.51,1,6103981.94,749.5,33,0.884,4.4,Apple,131153,14,5,1,1,0.0,1
C100707,40,F,Москва,12522911,single,0,secondary,employed,121356,1,1,1.7,2,266549.24,1,729835.63,698.7,46,0.977,19.1,Other,11572,23,3,0,0,,0
C100708,55,F,Санкт-Петербург,5466497,married,4,secondary,employed,69587,0,1,3.8,2,120723.11,0,,552.4,23,0.702,1.5,Samsung,34607,14,1,0,1,0.0,0
C100709,30,F,Самара,1172276,single,1,bachelor,employed,56896,1,0,7.1,2,5380.77,1,760386.34,643.9,26,0.855,4.8,Other,6426,21,2,0,1,0.0,0
C100710,38,F,Ростов-на-Дону,1141132,single,0,bachelor,employed,125837,0,1,3.6,3,80441.0,0,,661.4,27,0.374,1.5,Xiaomi,43478,9,5,0,0,,0
C100711,29,M,Омск,1160295,single,0,bachelor,employed,58506,0,1,11.0,1,66636.78,0,,462.3,20,0.772,3.4,Samsung,37984,16,1,0,0,,0
C100712,36,F,Омск,1127031,married,2,bachelor,employed,23476,0,0,3.5,1,7494.38,1,202244.45,506.0,7,0.53,4.5,Xiaomi,15992,21,0,0,0,,0
C100713,45,M,Уфа,1132385,married,5,secondary,employed,58959,0,1,8.4,2,59768.75,1,378918.85,532.4,12,0.599,1.6,OnePlus,61525,31,3,0,1,0.0,0
C100714,55,M,Екатеринбург,1527063,married,4,master,self_employed,132330,1,1,1.6,3,215804.32,0,,642.6,42,0.677,4.9,Huawei,33731,19,3,0,1,2.0,0
C100715,28,M,Санкт-Петербург,5171603,single,0,bachelor,employed,92110,1,1,2.5,2,39831.42,1,705109.61,628.7,25,0.627,6.3,Xiaomi,21364,16,2,0,0,,0
C100716,53,M,Москва,12658593,married,3,bachelor,employed,183205,1,1,5.0,6,551060.23,0,,711.6,38,0.654,18.9,Xiaomi,36718,5,7,1,1,0.0,1
C100717,35,M,Новосибирск,1665346,single,1,bachelor,employed,43299,0,0,8.5,1,13732.41,1,747054.19,557.0,16,0.824,5.1,Huawei,18354,18,1,0,1,2.0,0
C100718,69,M,Уфа,1193924,married,1,secondary,employed,48405,0,0,18.0,1,168121.82,0,,532.3,12,0.51,0.7,Huawei,25710,19,0,0,0,,0
C100719,41,M,Казань,1277217,single,0,bachelor,employed,53398,1,0,3.8,2,13920.48,1,370090.21,672.4,24,0.702,1.9,Xiaomi,24778,25,2,0,0,,0
C100720,69,F,Новосибирск,1664486,married,3,bachelor,employed,45489,1,1,21.7,2,64711.14,1,815031.76,639.4,6,0.166,,Huawei,30063,11,0,0,0,,0
C100721,35,M,Челябинск,1141739,single,0,secondary,employed,45183,0,0,2.9,2,32723.67,0,,492.7,15,0.765,2.3,Other,11409,5,3,0,0,,0
C100722,26,F,Уфа,1202639,single,0,bachelor,employed,48005,0,0,4.9,4,13877.69,0,,596.8,19,0.984,5.3,Xiaomi,26579,30,1,0,1,1.0,0
C100723,54,F,Санкт-Петербург,5215816,married,1,secondary,employed,73970,1,0,3.4,3,122133.11,0,,621.6,28,0.615,4.6,Huawei,24146,15,1,0,0,,0
C100724,66,M,Челябинск,1152033,divorced,3,master,employed,99427,1,1,2.8,3,161274.58,1,1079794.74,598.1,25,0.328,5.5,Xiaomi,37516,17,4,0,0,,0
C100725,38,F,Нижний Новгород,1179959,married,1,bachelor,employed,43099,0,0,6.0,4,19702.82,1,524096.79,643.4,14,0.623,5.6,Other,7699,24,1,0,0,,0
C100726,64,F,Уфа,1132526,divorced,0,master,employed,77180,0,0,14.0,2,96524.69,1,524064.08,695.9,18,0.41,2.1,Xiaomi,19346,22,1,0,1,3.0,0
C100727,51,F,Самара,1207213,single,1,bachelor,employed,93641,1,0,18.7,2,187288.65,1,646193.69,596.5,22,0.412,1.5,Samsung,61284,12,1,1,0,,0
C100728,62,M,Москва,12522690,married,1,bachelor,employed,169894,1,1,1.9,2,305042.73,1,780369.54,706.4,44,0.842,4.8,Samsung,88433,19,3,0,0,,0
C100729,44,M,Омск,1151466,single,0,master,employed,122598,1,0,1.0,3,171196.53,1,314737.0,616.7,29,0.487,2.8,Samsung,72246,18,5,0,0,,0
C100730,26,F,Уфа,1132081,single,0,bachelor,self_employed,47665,1,0,3.9,2,44726.54,1,1142913.66,513.7,34,0.959,5.0,Samsung,51294,8,3,1,0,,0
C100731,29,F,Санкт-Петербург,5555976,single,1,bachelor,employed,157866,1,1,7.1,2,319847.11,1,1684641.3,721.6,43,0.865,1.8,Apple,149412,14,2,0,1,0.0,1
C100732,40,F,Уфа,1166759,single,0,bachelor,employed,93998,0,0,3.8,3,119653.08,1,1729702.21,522.1,20,0.505,0.9,Samsung,68258,1,4,0,1,1.0,1
C100733,40,F,Санкт-Петербург,5397695,married,0,master,employed,173845,0,0,10.6,4,434821.0,1,5279486.15,718.8,37,0.825,7.6,Apple,89677,20,4,0,0,,1
C100734,44,M,Краснодар,1042902,married,4,secondary,employed,97801,0,1,1.4,1,47770.59,1,890958.68,669.1,33,0.9,9.4,Samsung,68949,7,4,1,0,,1
C100735,32,M,Уфа,1184893,single,0,bachelor,employed,36949,0,0,2.9,1,21221.52,1,500549.1,442.7,18,0.833,2.8,Xiaomi,18694,10,3,0,0,,0
C100736,27,F,Москва,12592081,single,0,bachelor,unemployed,44686,0,0,3.8,2,25329.3,1,1155169.92,577.2,16,0.801,3.3,Other,9861,30,3,0,0,,0
C100737,62,F,Москва,13066411,married,1,bachelor,employed,86798,1,1,2.4,1,62762.31,1,424187.77,497.0,26,0.5,0.6,Xiaomi,27423,29,2,0,0,,0
C100738,21,F,Нижний Новгород,1227562,single,0,master,self_employed,66341,0,1,3.0,3,46218.51,1,1453212.95,551.8,26,0.884,15.9,Huawei,22954,22,2,0,1,1.0,0
C100739,62,F,Москва,12968725,married,4,bachelor,employed,120788,1,1,11.1,2,162241.23,1,1222512.35,656.1,31,0.541,6.8,Huawei,62827,13,2,0,0,,0
C100740,25,M,Омск,1119116,single,0,master,employed,85221,1,0,0.9,1,167149.77,1,553259.53,602.6,34,0.952,8.5,Xiaomi,26469,0,0,1,1,1.0,1
C100741,20,F,Екатеринбург,1519293,single,0,bachelor,self_employed,51019,1,0,2.0,3,18232.73,0,,613.1,26,0.672,7.5,Huawei,20292,11,2,0,0,,0
C100742,48,M,Санкт-Петербург,5324671,married,4,bachelor,employed,73599,1,0,6.5,3,67403.81,1,339894.5,660.0,25,0.691,6.1,Huawei,15965,31,1,0,0,,0
C100743,30,M,Самара,1224297,single,0,bachelor,self_employed,55620,0,1,5.1,7,24018.49,1,343909.86,717.7,21,0.878,8.4,Xiaomi,32203,23,2,0,1,1.0,1
C100744,29,F,Самара,1187434,single,0,bachelor,employed,125575,0,1,2.7,1,92414.63,0,,,34,0.859,2.5,Apple,69074,20,1,0,0,,0
C100745,31,F,Краснодар,1084417,married,0,master,employed,147886,1,1,9.0,1,132209.99,0,,709.7,44,0.877,8.2,Apple,65324,19,4,1,1,0.0,1
C100746,24,F,Самара,1165107,single,0,secondary,self_employed,58080,1,0,6.0,3,10300.34,1,2330360.0,529.1,31,0.891,4.6,Xiaomi,20644,16,5,0,0,,0
C100747,72,F,Самара,1159530,married,3,secondary,employed,31199,1,1,8.4,2,42113.28,0,,536.9,3,0.11,0.2,Xiaomi,13628,17,3,0,1,2.0,0
C100748,42,F,Москва,12735385,single,0,bachelor,employed,94867,0,0,2.5,1,112962.18,1,175161.54,559.5,34,0.66,1.0,OnePlus,26891,47,1,1,1,0.0,0
C100749,24,M,Ростов-на-Дону,1155377,single,1,bachelor,employed,96495,0,1,4.3,4,66860.21,0,,815.1,34,0.826,7.3,Samsung,36393,3,5,0,0,,1
C100750,28,F,Нижний Новгород,1205204,single,0,secondary,employed,24792,0,1,7.4,3,7195.55,1,481226.24,495.6,20,0.981,6.9,Xiaomi,8750,43,3,0,0,,0
C100751,39,M,Новосибирск,1566276,married,0,bachelor,employed,38258,0,1,10.5,3,28848.04,1,230292.41,586.5,13,0.792,4.4,Xiaomi,16940,24,2,0,1,1.0,0
C100752,47,F,Санкт-Петербург,5344813,married,1,bachelor,employed,90346,0,1,18.3,4,43624.46,1,1029619.77,720.5,27,0.62,1.4,Samsung,52881,20,3,0,1,0.0,1
C100753,53,F,Ростов-на-Дону,1127437,married,0,bachelor,employed,33602,1,0,20.0,2,30890.59,1,174022.42,615.6,15,0.782,2.1,OnePlus,19290,27,1,0,1,0.0,0
C100754,50,F,Краснодар,1104175,married,1,secondary,employed,37440,0,0,7.0,2,33869.94,0,,631.5,5,0.426,3.7,Samsung,47144,7,1,0,0,,0
C100755,49,M,Казань,1283983,married,1,master,employed,122841,0,0,3.5,4,130912.55,1,1701088.29,602.6,30,0.828,1.7,Samsung,46841,18,9,0,1,0.0,0
C100756,34,F,Москва,13556175,single,0,master,employed,129439,1,1,3.3,2,220007.03,1,561344.65,641.8,41,0.803,5.5,Apple,72370,25,3,1,1,1.0,1
C100757,41,M,Челябинск,1172801,single,0,secondary,employed,64021,0,0,19.3,2,57478.25,1,668595.53,631.8,24,0.703,1.5,Apple,71520,30,1,0,0,,0
C100758,33,F,Санкт-Петербург,5625044,single,0,bachelor,employed,64278,0,0,9.6,2,87087.54,1,1595907.0,695.6,34,0.891,7.0,Google,48037,21,2,0,0,,0
C100759,30,M,Казань,1310103,single,0,secondary,employed,58231,1,0,12.0,2,30089.2,1,818813.04,642.7,23,0.899,5.7,Xiaomi,11744,45,1,0,0,,0
C100760,45,M,Нижний Новгород,1240562,married,5,bachelor,employed,162681,1,1,12.1,4,311822.66,1,4689707.76,703.0,48,0.919,12.5,Apple,149412,2,6,1,1,0.0,1
C100761,49,F,Москва,12815102,single,0,secondary,employed,104115,0,0,0.7,1,119342.41,0,,,43,0.844,2.9,Other,9527,35,0,0,1,0.0,0
C100762,50,F,Казань,1345911,single,0,bachelor,unemployed,14417,0,0,14.0,1,4346.98,0,,471.6,2,0.526,0.2,Xiaomi,10193,24,0,0,0,,0
C100763,35,F,Санкт-Петербург,5366437,married,3,secondary,employed,34125,0,0,13.3,3,24342.52,1,274635.46,522.7,14,0.589,6.1,Xiaomi,22251,8,1,0,0,,0
C100764,34,F,Санкт-Петербург,5032269,single,0,bachelor,self_employed,97959,1,0,3.9,6,87425.91,1,1929725.24,690.1,47,0.942,5.5,Samsung,67061,37,4,1,1,2.0,1
C100765,33,M,Ростов-на-Дону,1182129,married,1,bachelor,employed,32572,0,0,7.7,3,13215.94,0,,690.3,15,0.799,3.2,Xiaomi,14884,27,0,0,0,,0
C100766,24,M,Нижний Новгород,1233925,single,0,bachelor,self_employed,40845,0,1,3.6,1,13618.03,0,,609.5,20,0.839,2.4,Samsung,28179,48,0,1,0,,0
C100767,29,M,Уфа,1158141,single,0,master,employed,81556,0,0,10.7,2,40071.16,0,,606.6,49,0.772,5.5,Other,12063,35,1,0,0,,0
C100768,63,F,Ростов-на-Дону,1174501,married,2,bachelor,employed,30611,1,1,5.4,2,43945.15,0,,552.6,2,0.262,1.3,Xiaomi,13495,48,3,0,0,,0
C100769,41,F,Нижний Новгород,1274974,married,0,bachelor,employed,45754,1,1,4.9,1,15203.51,0,,613.6,14,0.748,2.1,Google,57766,14,0,0,0,,0
C100770,28,M,Краснодар,1089603,single,0,bachelor,employed,44228,1,1,10.0,1,59075.87,1,1425368.73,676.3,27,0.854,7.0,Xiaomi,15738,27,1,0,1,0.0,0
C100771,35,F,Новосибирск,1679643,single,0,secondary,self_employed,67952,0,1,1.9,2,26852.24,1,457474.87,609.7,19,0.733,2.5,Xiaomi,31411,10,3,1,1,2.0,1
C100772,26,F,Челябинск,1244471,single,0,master,employed,47735,1,0,7.4,3,28209.99,1,450912.79,616.9,28,0.922,5.7,Other,14714,19,2,0,0,,0
C100773,37,M,Москва,12775239,single,0,bachelor,employed,114554,0,0,7.0,3,295929.54,1,2785804.2,712.7,38,0.987,5.7,Samsung,57927,7,4,0,1,2.0,1
C100774,67,M,Самара,1226940,married,3,secondary,employed,36000,1,0,0.9,3,14167.19,0,,,5,0.436,1.0,Huawei,12091,7,0,0,1,1.0,0
C100775,27,F,Москва,12667729,single,0,bachelor,employed,98050,0,0,9.0,5,110793.22,1,716015.12,675.0,45,0.819,0.7,OnePlus,39162,2,3,0,1,0.0,1
C100776,38,F,Омск,1173717,single,0,bachelor,self_employed,136212,1,1,6.7,3,190705.96,1,450753.41,587.5,49,0.867,5.7,Apple,87729,32,2,1,1,1.0,1
C100777,20,F,Нижний Новгород,1221445,single,0,bachelor,employed,65859,0,0,1.1,1,18620.34,1,806578.6,613.4,28,0.798,10.0,Samsung,50885,12,1,1,0,,1
C100778,69,M,Омск,1088944,divorced,2,secondary,self_employed,40775,1,0,5.2,2,10903.99,0,,535.6,10,0.549,2.1,Xiaomi,17431,6,1,0,1,2.0,0
C100779,33,M,Новосибирск,1625987,single,0,secondary,employed,74967,0,0,1.6,1,23698.97,0,,,43,0.755,13.1,Samsung,38639,38,1,0,1,0.0,0
C100780,72,M,Москва,12441391,married,4,secondary,self_employed,103463,1,1,8.8,4,235911.92,1,1562200.43,732.5,28,0.357,1.6,Samsung,41938,14,2,0,1,0.0,0
C100781,52,F,Москва,12465186,married,1,master,employed,142443,0,1,0.9,4,311465.51,0,,,37,0.732,10.5,OnePlus,34231,21,3,0,1,1.0,0
C100782,34,M,Ростов-на-Дону,1178823,single,0,secondary,employed,27303,0,0,7.8,2,8177.82,1,199373.68,613.5,13,0.882,2.6,Xiaomi,14433,19,0,0,1,1.0,0
C100783,35,F,Нижний Новгород,1191958,single,0,bachelor,employed,115417,1,1,11.1,3,212099.39,1,1125941.99,661.4,20,0.524,3.8,Apple,105362,14,2,0,1,0.0,1
C100784,40,M,Москва,12167043,single,0,secondary,employed,101063,0,0,7.8,2,119831.23,0,,733.3,20,0.554,1.6,Xiaomi,22616,9,1,0,0,,0
C100785,35,F,Москва,12671189,single,0,bachelor,employed,83496,0,0,4.0,2,35859.98,1,206318.65,659.1,32,0.752,7.7,Apple,92661,5,1,0,0,,1
C100786,32,M,Москва,13189497,married,2,bachelor,employed,193700,1,1,1.4,7,112955.0,1,7618927.85,662.5,56,0.957,8.1,Apple,149412,14,5,1,1,0.0,1
C100787,33,F,Санкт-Петербург,5323261,married,1,master,employed,132697,0,0,15.0,3,304511.4,0,,707.7,40,0.815,3.3,Huawei,31709,21,3,1,1,0.0,1
C100788,33,F,Москва,12327105,single,2,bachelor,employed,172860,0,0,3.0,1,305812.35,1,1682772.02,701.7,41,0.904,1.5,Apple,89696,5,2,0,0,,1
C100789,60,F,Санкт-Петербург,5445831,married,5,bachelor,self_employed,97476,1,1,6.8,2,308670.23,0,,689.3,16,0.657,4.0,OnePlus,34509,24,1,0,1,0.0,0
C100790,60,F,Новосибирск,1677478,married,3,bachelor,employed,65739,0,1,13.0,1,53937.55,1,340619.19,636.3,10,0.258,1.2,Apple,35072,48,4,0,0,,0
C100791,43,M,Москва,12768961,married,0,secondary,employed,72671,0,1,0.6,2,122253.28,1,839297.57,641.4,27,0.847,6.6,Xiaomi,24501,7,1,0,0,,0
C100792,25,M,Краснодар,1181001,single,0,bachelor,employed,31865,0,1,7.0,4,24284.78,1,167481.3,579.7,15,0.848,5.7,Huawei,11770,48,1,0,1,0.0,0
C100793,41,F,Самара,1139740,single,0,secondary,employed,47501,0,0,9.2,2,24895.96,1,328338.36,593.4,10,0.298,2.3,Xiaomi,15892,33,2,0,0,,0
C100794,54,F,Казань,1326495,married,4,bachelor,employed,41476,0,1,3.7,1,68619.2,0,,545.2,9,0.381,1.6,Samsung,35185,8,0,0,1,0.0,0
C100795,69,F,Казань,1259596,married,1,secondary,employed,37589,1,1,11.6,2,16915.65,1,280551.93,567.6,2,0.142,0.8,Xiaomi,23620,24,1,0,0,,0
C100796,38,M,Санкт-Петербург,5293512,single,1,bachelor,self_employed,168362,1,1,2.7,2,480103.69,1,7705438.62,614.6,43,0.769,10.9,Google,58556,21,4,0,0,,0
C100797,66,F,Ростов-на-Дону,1171945,married,1,bachelor,employed,43316,0,0,6.7,2,37685.89,0,,540.8,3,0.212,0.5,Apple,65293,20,1,0,0,,0
C100798,49,M,Санкт-Петербург,5291521,single,1,secondary,employed,83036,1,0,8.8,2,184496.81,1,729616.99,591.6,26,0.616,0.5,Xiaomi,26896,7,1,0,1,1.0,0
C100799,60,F,Омск,1181191,married,1,secondary,employed,44747,1,0,6.5,1,58100.44,0,,739.4,13,0.625,1.2,Apple,41340,26,3,0,0,,0
C100800,29,F,Москва,12931094,married,2,bachelor,employed,128513,1,1,1.7,4,232165.08,1,1263456.52,659.2,36,0.626,4.6,Samsung,72302,12,3,0,1,1.0,1
C100801,24,M,Москва,12417685,single,0,bachelor,employed,120754,0,0,2.8,2,267985.66,1,958497.03,651.2,33,0.678,4.2,Xiaomi,51901,11,2,1,0,,0
C100802,31,F,Челябинск,1152683,married,2,secondary,self_employed,55665,0,0,7.5,1,55110.86,1,176192.66,651.4,16,0.632,1.9,Xiaomi,10750,17,1,0,1,0.0,0
C100803,25,M,Челябинск,1248236,single,1,bachelor,employed,23755,0,0,5.4,1,15177.06,1,386632.18,518.6,5,0.61,3.0,Other,3500,39,1,0,0,,0
C100804,68,F,Омск,1116228,married,3,bachelor,employed,38203,1,0,7.7,2,53214.78,0,,572.1,3,0.169,0.6,Xiaomi,15104,29,1,0,1,0.0,0
C100805,42,M,Краснодар,1159176,married,1,bachelor,employed,61885,0,0,12.1,1,128840.47,1,1495224.21,632.2,22,0.897,2.2,Xiaomi,19074,27,2,0,0,,0
C100806,59,F,Ростов-на-Дону,1182661,married,0,bachelor,employed,51235,0,0,17.7,3,65726.12,0,,580.9,5,0.226,1.4,Other,10063,17,1,0,0,,0
C100807,40,M,Москва,12739589,married,1,bachelor,employed,187697,0,1,2.6,3,272174.03,1,895340.48,722.9,31,0.761,6.5,Samsung,98820,4,3,0,0,,1
C100808,34,F,Новосибирск,1678214,single,0,bachelor,self_employed,79455,0,0,11.7,3,444226.02,1,819218.85,684.5,27,0.613,0.8,Samsung,60066,1,2,0,1,0.0,1
C100809,40,F,Нижний Новгород,1237813,married,3,secondary,employed,64081,0,0,22.0,4,43177.93,0,,653.3,18,0.581,4.8,OnePlus,24271,18,3,0,1,0.0,0
C100810,20,M,Краснодар,1131060,single,0,bachelor,self_employed,30935,0,0,2.0,2,15895.75,1,289437.32,489.6,21,0.933,3.6,Xiaomi,11780,48,2,1,0,,0
C100811,24,M,Краснодар,1036063,single,0,bachelor,self_employed,48810,0,0,2.5,2,42201.29,0,,521.3,22,0.918,7.4,Samsung,24531,16,2,1,1,0.0,0
C100812,20,F,Нижний Новгород,1200378,single,0,bachelor,employed,26050,0,0,2.0,1,16942.36,0,,,15,0.954,1.9,Other,9706,11,1,0,0,,0
C100813,43,F,Омск,1105626,married,2,master,employed,106604,1,1,3.2,3,188100.67,1,1285813.27,656.1,30,0.776,8.1,Samsung,78036,15,4,0,1,1.0,1
C100814,61,M,Екатеринбург,1471778,single,0,secondary,employed,54324,0,1,5.0,4,85545.06,0,,573.5,12,0.233,1.0,Huawei,30143,5,5,0,1,0.0,0
C100815,37,M,Краснодар,1138170,single,0,secondary,employed,85449,0,1,1.5,2,65227.89,1,4215348.52,617.4,22,0.689,4.1,Xiaomi,17154,21,0,0,0,,0
C100816,26,M,Казань,1325928,single,0,secondary,employed,33678,1,0,7.8,1,37842.03,0,,585.7,16,0.737,7.3,Xiaomi,21428,30,1,1,1,1.0,0
C100817,49,M,Омск,1083029,married,2,secondary,unemployed,18821,0,1,5.5,1,9326.42,0,,,2,0.456,1.7,Xiaomi,9828,17,1,1,0,,0
C100818,22,M,Москва,13134531,single,0,master,self_employed,110497,0,0,4.0,4,146205.63,0,,633.5,50,0.982,6.3,Samsung,74803,7,4,0,0,,1
C100819,32,M,Москва,13148376,single,0,bachelor,employed,169330,1,1,4.0,1,152315.14,0,,754.4,39,0.945,2.4,Apple,149412,2,3,1,0,,0
C100820,61,M,Ростов-на-Дону,1151590,married,3,secondary,employed,43650,1,1,5.5,1,60813.63,1,434169.87,480.7,2,0.209,1.1,Xiaomi,20064,10,3,0,0,,0
C100821,26,F,Уфа,1119051,single,0,secondary,employed,45341,1,0,8.0,1,17759.89,0,,689.8,20,0.714,0.7,Xiaomi,11824,37,0,0,0,,0
C100822,44,M,Москва,12406242,married,2,bachelor,employed,237685,1,1,8.6,1,311252.89,1,6869437.62,777.1,53,0.681,7.9,Huawei,46868,20,3,1,1,1.0,1
C100823,61,F,Ростов-на-Дону,1098899,married,3,bachelor,employed,44639,1,1,4.2,2,88733.12,0,,536.6,9,0.578,0.7,Xiaomi,31626,6,2,0,0,,0
C100824,36,M,Челябинск,1204528,single,2,bachelor,employed,106797,0,1,9.4,2,208800.41,1,644278.84,654.7,36,0.672,0.6,Xiaomi,26687,17,2,1,1,0.0,0
C100825,32,M,Уфа,1127568,single,2,bachelor,self_employed,71502,0,0,0.7,1,22016.96,1,1138934.87,640.0,22,0.652,8.5,Samsung,21440,39,3,1,0,,0
C100826,54,F,Санкт-Петербург,5459158,married,3,master,employed,123076,1,1,6.3,3,132521.67,1,817496.9,659.6,17,0.467,3.9,Apple,97027,31,3,0,0,,0
C100827,44,F,Самара,1198353,married,1,bachelor,self_employed,221169,1,1,6.1,1,145850.56,1,6627328.97,609.2,56,0.961,16.1,Apple,149412,7,3,1,1,0.0,1
C100828,63,M,Екатеринбург,1427360,single,0,bachelor,self_employed,90988,1,0,8.2,1,165012.4,0,,621.4,12,0.576,0.5,Apple,112184,5,2,0,1,1.0,1
C100829,30,F,Нижний Новгород,1229921,married,1,bachelor,self_employed,83785,0,0,0.1,1,105382.56,1,2446018.28,686.7,40,0.965,1.1,Apple,120158,10,2,1,0,,1
C100830,65,F,Омск,1115904,married,2,secondary,employed,18240,0,0,2.2,1,7282.49,0,,484.9,2,0.243,0.2,Huawei,8922,26,0,1,0,,0
C100831,56,M,Нижний Новгород,1194410,single,0,master,employed,89269,0,0,2.2,2,85860.83,1,333916.07,679.4,30,0.519,3.9,Xiaomi,20721,2,1,0,0,,0
C100832,64,F,Москва,12844457,married,4,secondary,self_employed,57927,1,1,5.1,3,19997.41,1,335864.52,604.5,10,0.426,0.5,Samsung,34536,17,0,0,0,,0
C100833,35,F,Москва,12391650,single,0,bachelor,self_employed,222896,0,0,1.7,1,406335.22,1,5580065.38,781.5,51,0.962,7.0,Samsung,112140,9,0,0,1,1.0,1
C100834,31,M,Москва,12536587,married,0,bachelor,employed,92582,0,1,1.7,5,68217.6,1,861525.75,663.2,35,0.938,5.8,Apple,100406,5,4,1,1,0.0,1
C100835,62,F,Санкт-Петербург,5187631,married,0,bachelor,employed,93876,1,0,2.0,3,240263.16,0,,693.6,19,0.592,0.2,Other,12390,7,2,0,1,0.0,0
C100836,53,M,Москва,13309692,married,2,master,self_employed,179530,1,0,5.4,3,421370.48,0,,734.7,42,0.883,7.6,OnePlus,48613,20,4,1,1,1.0,1
C100837,26,M,Самара,1199411,single,0,secondary,unemployed,10000,0,0,8.0,1,3966.65,0,,501.3,2,0.43,5.0,Samsung,15028,45,0,0,0,,0
C100838,47,M,Ростов-на-Дону,1126801,single,1,bachelor,self_employed,43671,1,1,6.0,1,6864.48,1,480395.07,486.7,12,0.433,0.4,Xiaomi,18573,9,2,0,1,1.0,0
C100839,30,M,Нижний Новгород,1156864,single,1,secondary,unemployed,17486,0,0,4.7,1,6670.75,0,,517.4,3,0.726,1.0,Xiaomi,14555,5,1,0,1,1.0,0
C100840,51,F,Нижний Новгород,1132001,married,5,secondary,self_employed,81785,1,0,6.4,2,172712.46,1,106921.89,540.4,24,0.727,0.4,Huawei,28465,14,3,1,1,1.0,0
C100841,18,F,Челябинск,1171623,single,0,bachelor,employed,146478,1,0,0.0,1,103199.57,1,1901889.85,573.3,34,0.77,4.5,Samsung,59351,26,3,0,0,,0
C100842,64,F,Нижний Новгород,1246133,married,3,secondary,employed,27113,0,0,5.4,2,7613.27,0,,595.9,2,0.307,1.1,Xiaomi,11179,47,1,0,1,0.0,0
C100843,30,M,Москва,12939666,married,1,secondary,employed,83786,1,1,2.7,3,91012.33,1,315919.62,596.8,30,0.838,0.6,Apple,94746,33,3,0,1,1.0,1
C100844,34,F,Ростов-на-Дону,1096962,married,1,secondary,employed,42427,0,1,4.3,1,17945.53,1,956888.97,549.7,9,0.447,2.2,Xiaomi,10354,33,1,0,0,,0
C100845,35,M,Краснодар,1119659,married,5,secondary,employed,31414,0,0,7.8,3,12611.58,0,,462.5,14,0.623,8.4,OnePlus,27979,23,2,0,0,,0
C100846,25,M,Челябинск,1204249,single,0,secondary,employed,32379,0,0,7.0,2,20884.37,0,,581.8,15,0.914,2.2,Other,10443,15,1,0,0,,0
C100847,57,F,Санкт-Петербург,5486822,single,1,secondary,employed,141278,1,1,5.1,3,90943.22,0,,717.1,27,0.607,6.8,Google,45545,22,3,0,1,0.0,0
C100848,33,F,Ростов-на-Дону,1116082,single,0,master,employed,89632,0,0,5.8,2,58059.12,0,,622.9,28,0.814,6.4,Apple,79389,18,2,0,0,,0
C100849,42,M,Санкт-Петербург,5534221,single,0,bachelor,employed,109439,1,0,5.2,2,60444.34,1,863140.43,606.2,38,0.724,6.7,Samsung,61156,9,3,1,1,0.0,1
C100850,52,M,Москва,12756030,married,1,secondary,employed,96824,0,1,6.8,7,106900.64,1,2148526.74,764.6,50,0.951,7.0,Other,10673,32,9,0,0,,0
C100851,43,F,Москва,12040490,single,1,bachelor,employed,369248,1,1,10.9,4,1202517.42,0,,808.5,61,0.844,15.1,Apple,149412,4,2,1,1,0.0,1
C100852,27,M,Казань,1304253,single,0,master,employed,39901,0,0,9.0,2,24379.27,0,,586.4,15,0.819,4.7,Samsung,24804,25,3,0,1,1.0,0
C100853,58,M,Краснодар,1147443,married,2,secondary,unemployed,10000,0,0,14.0,1,2220.59,0,,438.1,2,0.308,0.9,Other,3763,17,0,0,0,,0
C100854,35,F,Омск,1096429,single,0,bachelor,employed,70718,1,1,2.0,2,88269.71,1,1315342.27,569.0,26,0.778,4.9,Xiaomi,21635,13,3,0,0,,0
C100855,37,M,Самара,1150755,married,2,bachelor,employed,115568,1,0,2.9,1,96783.25,1,1310397.14,665.1,25,0.589,9.7,Xiaomi,25636,34,1,0,0,,0
C100856,51,F,Ростов-на-Дону,1141029,married,0,bachelor,employed,77433,1,1,10.6,2,79201.51,1,2004385.46,623.1,23,0.567,3.7,Other,16576,6,1,0,0,,0
C100857,40,M,Новосибирск,1629416,single,1,secondary,employed,55186,0,1,7.2,2,23635.95,1,1478878.97,628.4,15,0.462,4.8,Xiaomi,24179,25,3,0,0,,0
C100858,52,F,Казань,1343358,married,2,bachelor,employed,151274,1,1,9.2,3,454735.56,1,2216048.46,700.3,40,0.759,1.1,Huawei,31808,27,4,0,1,0.0,0
C100859,23,F,Нижний Новгород,1156491,single,0,bachelor,employed,66234,0,0,5.0,3,30724.56,1,177285.49,644.4,20,0.786,5.3,Samsung,31528,24,2,0,1,0.0,0
C100860,54,F,Казань,1311816,married,0,secondary,employed,28056,0,1,17.4,1,16774.29,1,538457.68,539.4,6,0.445,2.3,Other,11430,24,1,0,0,,0
C100861,43,F,Ростов-на-Дону,1112358,married,4,bachelor,employed,59287,1,1,3.1,1,40721.76,1,521480.41,587.2,10,0.273,5.0,Samsung,45494,35,1,0,0,,0
C100862,61,M,Москва,12348541,married,2,secondary,employed,74244,0,1,1.0,4,52507.69,0,,,26,0.81,1.2,Huawei,29287,17,5,0,1,0.0,0
C100863,27,M,Москва,12309562,single,0,master,employed,128323,0,0,4.4,6,336073.67,1,517159.03,664.3,46,0.922,12.8,Apple,123689,25,5,1,1,1.0,1
C100864,29,M,Ростов-на-Дону,1118577,single,0,bachelor,self_employed,82331,1,0,5.3,4,154511.6,1,553821.81,700.5,25,0.966,2.2,Xiaomi,27763,13,2,0,1,1.0,1
C100865,28,M,Челябинск,1091479,married,0,secondary,self_employed,40819,0,0,5.8,1,34128.15,1,236697.01,702.7,10,0.594,5.8,Huawei,18305,19,2,0,1,0.0,0
C100866,37,F,Москва,13125745,single,0,bachelor,employed,86027,0,1,11.6,1,50971.47,0,,554.5,33,0.911,3.7,Samsung,41488,22,2,1,0,,0
C100867,19,M,Самара,1177921,single,0,bachelor,employed,31356,0,0,1.0,1,7758.83,0,,,11,0.648,4.1,Xiaomi,12870,48,0,1,0,,0
C100868,65,F,Санкт-Петербург,5635701,married,2,secondary,employed,61492,1,1,6.3,4,104693.96,1,378467.61,654.1,13,0.394,1.6,Xiaomi,24611,17,5,0,0,,0
C100869,34,M,Екатеринбург,1585939,single,0,master,employed,59525,1,1,4.1,2,56101.92,1,848606.85,564.7,18,0.73,2.7,Samsung,37800,11,3,0,1,0.0,0
C100870,28,M,Москва,12757223,single,0,bachelor,employed,253253,1,0,8.3,3,441162.23,0,,,50,0.973,10.1,Apple,102704,5,4,1,1,0.0,1
C100871,63,F,Самара,1158280,married,3,bachelor,employed,77635,1,1,4.6,3,88572.71,1,1256290.54,746.7,17,0.303,4.5,Samsung,81246,12,1,0,0,,0
C100872,34,F,Екатеринбург,1481225,married,1,bachelor,employed,80421,1,0,6.3,5,125401.04,1,577865.12,684.9,25,0.863,6.9,Samsung,35312,9,1,1,1,0.0,1
C100873,49,F,Москва,12982090,married,2,secondary,employed,66203,0,1,10.7,3,46223.2,1,1210185.48,641.0,29,0.782,2.7,Apple,62162,22,1,0,0,,0
C100874,42,F,Санкт-Петербург,5461368,married,1,master,employed,173201,1,1,2.4,3,232154.74,1,2884386.18,584.5,39,0.571,5.3,Apple,149412,2,2,0,0,,1
C100875,29,M,Ростов-на-Дону,1174505,single,0,secondary,employed,83799,1,0,4.5,1,40949.13,1,1431135.8,572.0,28,0.608,1.2,Xiaomi,17152,40,3,0,1,0.0,0
C100876,62,F,Омск,1113136,married,0,secondary,self_employed,49273,1,1,4.3,5,49041.92,0,,564.7,15,0.545,1.8,Xiaomi,18383,18,5,1,1,1.0,0
C100877,30,M,Москва,12786077,married,0,secondary,employed,92746,0,0,2.3,2,40612.73,1,628987.66,582.8,33,0.966,11.2,Samsung,47083,5,2,1,0,,1
C100878,18,F,Москва,12400571,single,0,bachelor,employed,106858,0,0,0.0,1,55407.04,0,,603.9,42,0.926,6.8,Apple,75253,22,4,0,0,,0
C100879,34,F,Екатеринбург,1390858,single,0,bachelor,employed,39369,0,0,4.6,2,22601.61,1,137358.81,532.0,18,0.634,2.4,Samsung,37796,12,2,0,0,,0
C100880,45,M,Ростов-на-Дону,1130417,single,2,bachelor,self_employed,92170,1,1,11.0,2,242933.1,1,415198.94,695.1,25,0.538,3.3,Samsung,44339,22,2,0,1,1.0,0
C100881,46,M,Челябинск,1237924,single,0,bachelor,employed,40254,1,0,19.0,1,28886.48,1,494440.18,496.2,11,0.478,3.4,Other,7159,13,0,0,0,,0
C100882,28,F,Самара,1209092,single,0,master,unemployed,34295,0,0,7.5,1,33012.37,0,,524.7,15,0.717,4.6,Xiaomi,13134,14,4,0,0,,0
C100883,26,F,Москва,13389121,single,0,bachelor,employed,116605,0,0,8.0,1,116694.58,1,3935455.1,695.6,37,0.913,3.9,Huawei,40998,4,3,1,0,,1
C100884,37,M,Ростов-на-Дону,1210690,married,1,secondary,employed,49027,1,0,7.0,5,14172.46,1,1392446.8,693.5,19,0.76,1.5,Xiaomi,21781,11,2,0,0,,1
C100885,32,M,Уфа,1122802,single,0,secondary,employed,19420,0,0,10.6,1,9288.11,0,,495.3,7,0.731,3.9,Other,4894,42,0,1,0,,0
C100886,29,F,Казань,1336828,single,0,secondary,employed,33241,0,0,8.9,4,17768.86,1,415848.48,519.9,9,0.765,8.2,Apple,41952,32,2,0,0,,0
C100887,65,F,Санкт-Петербург,5564780,married,0,bachelor,employed,66708,1,1,9.5,3,96012.8,1,381925.92,660.0,12,0.232,2.2,Huawei,52012,2,4,0,0,,0
C100888,42,F,Санкт-Петербург,5608413,married,3,bachelor,employed,192367,1,1,5.3,3,210923.6,1,1558957.91,672.9,48,0.846,6.8,Samsung,66428,11,3,0,1,3.0,1
C100889,27,M,Новосибирск,1659585,single,0,master,employed,56167,1,0,8.0,2,38938.04,1,524481.52,634.7,25,0.971,2.7,Samsung,41579,19,3,1,1,0.0,1
C100890,46,F,Москва,12784882,single,0,phd,employed,189005,1,1,9.1,3,576207.87,1,3731287.54,775.0,34,0.747,1.7,Xiaomi,60480,12,2,0,1,2.0,1
C100891,62,M,Краснодар,1120066,married,1,bachelor,employed,38089,0,0,10.4,2,43083.97,1,1633189.49,594.6,7,0.422,2.5,Other,3929,48,2,0,0,,0
C100892,52,F,Краснодар,1049039,married,0,bachelor,employed,49014,1,0,1.9,3,39219.72,1,393571.69,624.9,16,0.525,2.4,Samsung,55716,2,2,0,1,0.0,0
C100893,34,F,Омск,1055419,single,0,bachelor,employed,115874,1,0,3.8,4,196760.87,1,2265801.4,579.3,43,0.826,17.0,Samsung,60214,11,1,0,0,,1
C100894,22,F,Санкт-Петербург,5261559,single,0,master,employed,96937,1,0,3.8,2,93761.57,1,2622030.24,557.0,33,0.89,2.4,Xiaomi,44492,11,3,0,0,,0
C100895,45,M,Самара,1173044,married,3,secondary,employed,37760,0,1,1.5,2,27726.98,0,,604.0,10,0.574,4.8,Xiaomi,9689,48,2,0,0,,0
C100896,53,M,Краснодар,1108911,married,4,master,employed,60818,1,0,28.0,3,143576.23,0,,605.5,22,0.495,2.8,Huawei,21356,23,3,0,1,0.0,0
C100897,31,F,Москва,12605492,single,0,master,self_employed,340565,1,1,13.0,2,1758322.83,1,5897774.96,850.0,55,0.978,4.3,Apple,149412,4,2,1,1,0.0,1
C100898,36,F,Самара,1115295,married,2,master,self_employed,65170,1,0,3.3,3,128549.85,1,427078.78,722.5,25,0.907,9.1,Other,17224,23,7,1,0,,0
C100899,26,M,Самара,1165320,single,0,bachelor,self_employed,78189,1,0,3.9,2,78759.4,0,,635.8,24,0.872,2.7,Apple,48010,48,3,0,1,1.0,0
C100900,37,M,Краснодар,1124102,single,0,bachelor,employed,100549,1,1,6.4,1,110596.46,0,,584.8,23,0.399,4.5,Xiaomi,13787,36,1,1,0,,0
C100901,72,F,Казань,1297299,married,0,bachelor,self_employed,25171,0,0,3.3,1,9206.15,0,,,3,0.227,0.1,Apple,28969,23,0,0,0,,0
C100902,24,F,Санкт-Петербург,5466036,single,0,bachelor,employed,67975,0,0,6.0,2,107966.8,0,,631.7,30,0.899,5.9,Huawei,29467,16,0,0,0,,0
C100903,28,F,Краснодар,1130969,married,1,bachelor,employed,75229,0,0,0.8,2,71076.57,1,617811.88,607.1,33,0.936,7.8,Samsung,60257,11,7,0,0,,0
C100904,53,F,Новосибирск,1648510,single,0,bachelor,employed,81563,1,0,7.5,2,53362.79,0,,636.2,30,0.639,4.0,Apple,59740,34,1,0,0,,0
C100905,23,F,Санкт-Петербург,5147104,single,0,bachelor,employed,54104,0,0,1.3,1,43094.17,1,536896.95,,20,0.795,10.9,Samsung,48849,7,0,0,0,,0
C100906,72,F,Москва,12702314,married,0,bachelor,employed,95653,1,1,9.0,1,195516.14,1,3463572.88,541.3,28,0.584,4.5,Samsung,56209,29,5,1,1,0.0,0
C100907,27,F,Екатеринбург,1560410,single,0,master,employed,161893,0,1,2.6,3,129629.42,1,1235475.42,649.7,33,0.789,1.2,Google,63583,20,3,1,0,,1
C100908,40,F,Ростов-на-Дону,1209227,married,0,bachelor,employed,142109,0,0,5.9,2,180297.53,0,,711.4,36,0.907,8.1,Apple,100921,4,5,0,0,,1
C100909,58,M,Краснодар,1095138,married,3,secondary,employed,59805,1,1,7.0,3,186426.21,1,2720292.27,630.7,17,0.563,2.7,Xiaomi,33067,10,2,0,1,1.0,0
C100910,23,F,Москва,13138251,single,0,master,employed,204025,0,0,3.5,5,95356.99,0,,741.1,46,0.964,10.9,Apple,104683,9,5,1,1,2.0,1
C100911,25,F,Самара,1173864,single,1,bachelor,employed,61602,0,0,7.0,2,63390.32,1,512523.39,535.7,26,0.621,4.5,Xiaomi,12490,35,2,0,0,,0
C100912,30,M,Новосибирск,1607108,single,1,bachelor,employed,80818,0,0,4.3,2,80566.5,1,1557546.65,611.8,44,0.988,11.5,Samsung,48322,8,1,0,0,,0
C100913,53,M,Самара,1145562,married,0,master,self_employed,86406,0,1,6.0,2,83348.9,0,,657.7,24,0.403,0.8,Xiaomi,21194,24,1,0,1,1.0,0
C100914,29,F,Казань,1300058,single,0,bachelor,employed,35965,0,0,7.1,1,19949.29,0,,507.8,17,0.903,1.8,Other,7566,30,0,0,0,,0
C100915,44,F,Москва,12770487,married,3,bachelor,employed,105363,1,1,7.3,2,101142.57,1,316813.47,705.9,38,0.901,4.1,Google,73826,11,5,1,1,1.0,1
C100916,37,M,Москва,12423442,married,0,bachelor,employed,162111,1,1,1.3,1,165667.45,1,664261.5,668.6,31,0.693,10.5,Samsung,61632,13,3,1,1,0.0,1
C100917,60,M,Омск,1158969,married,2,bachelor,employed,36359,0,0,8.8,1,31539.18,1,182452.35,562.6,2,0.305,0.2,Xiaomi,21711,8,2,0,0,,0
C100918,61,M,Челябинск,1188177,married,2,secondary,employed,59912,0,0,4.2,2,93793.08,1,647269.14,581.0,17,0.402,2.0,Samsung,57400,12,3,0,0,,0
C100919,20,F,Омск,1134238,single,0,bachelor,employed,101938,1,0,2.0,3,122212.1,0,,585.8,36,0.871,3.2,Samsung,53722,11,2,0,1,1.0,1
C100920,68,F,Нижний Новгород,1225276,married,2,secondary,employed,42784,1,0,24.6,1,108200.44,1,273459.43,670.6,7,0.337,0.9,Xiaomi,22250,18,1,1,0,,0
C100921,60,F,Казань,1337848,married,5,bachelor,employed,57763,1,1,8.6,2,47267.42,1,473708.67,641.6,6,0.14,0.4,Xiaomi,18702,23,1,0,1,0.0,0
C100922,29,F,Омск,1133277,single,1,bachelor,employed,63466,1,0,1.1,4,113723.7,1,268175.81,635.6,25,0.819,4.6,Huawei,21898,21,3,0,0,,0
C100923,30,F,Краснодар,1091805,single,0,bachelor,employed,60172,0,1,6.0,4,97849.84,1,908181.49,637.7,19,0.807,4.8,Samsung,31121,15,1,0,0,,0
C100924,35,F,Казань,1326985,single,1,bachelor,self_employed,90842,0,0,6.9,1,102809.12,1,807805.65,697.1,28,0.741,2.3,Apple,61043,24,2,0,0,,0
C100925,35,F,Новосибирск,1619780,single,0,bachelor,employed,53431,0,0,17.0,4,59409.65,0,,705.4,14,0.438,1.3,Xiaomi,17477,17,2,1,0,,0
C100926,26,M,Нижний Новгород,1241395,married,2,secondary,employed,24272,0,0,1.4,1,14091.81,1,289902.25,623.2,12,0.642,4.2,Other,7391,5,0,0,0,,0
C100927,57,F,Екатеринбург,1511495,married,1,bachelor,self_employed,96296,1,1,3.4,3,65961.67,1,1314594.87,562.0,13,0.272,1.1,OnePlus,39474,2,8,0,1,0.0,0
C100928,67,F,Нижний Новгород,1275912,married,2,secondary,self_employed,59888,1,0,18.2,3,23730.75,1,1710236.99,560.3,22,0.554,0.7,Google,75543,16,0,0,1,0.0,0
C100929,55,F,Самара,1139231,married,1,secondary,employed,60046,1,1,7.8,2,71120.26,1,472969.18,651.9,12,0.497,1.9,Samsung,48148,17,1,0,0,,0
C100930,22,F,Самара,1145954,single,0,bachelor,self_employed,95060,0,0,4.0,3,166846.93,0,,656.2,39,0.801,11.8,Samsung,43672,25,3,1,0,,1
C100931,24,M,Ростов-на-Дону,1119954,married,0,bachelor,employed,18274,0,0,2.4,1,7102.84,0,,370.4,15,0.981,4.4,Xiaomi,6917,48,0,0,0,,0
C100932,61,F,Новосибирск,1587692,married,1,secondary,employed,34511,0,0,2.1,1,37735.05,1,327856.64,546.2,2,0.283,0.4,Other,11159,7,0,0,0,,0
C100933,34,F,Москва,12354822,single,0,secondary,employed,92643,0,0,5.2,2,83603.81,1,1133760.96,631.8,25,0.681,2.7,Xiaomi,26436,34,4,1,1,0.0,0
C100934,25,F,Челябинск,1205187,single,0,secondary,employed,48406,0,0,5.4,2,18440.37,1,751753.51,555.0,22,0.76,7.2,Apple,98202,25,3,0,0,,0
C100935,50,M,Новосибирск,1669638,married,3,master,employed,65051,1,1,2.3,1,30917.65,1,1602898.52,470.5,25,0.59,1.6,Xiaomi,13588,23,3,1,0,,0
C100936,51,F,Самара,1172175,married,1,secondary,employed,66257,1,1,2.2,3,39711.62,1,272730.62,753.0,23,0.659,3.1,Samsung,37010,11,5,0,1,0.0,0
C100937,24,F,Омск,1127080,single,0,bachelor,employed,49079,1,0,6.0,4,14916.53,0,,594.2,22,0.81,1.7,Huawei,23678,11,3,1,1,0.0,0
C100938,62,M,Омск,1187990,divorced,1,bachelor,employed,77889,1,1,12.0,2,89277.81,1,955320.74,692.0,20,0.434,3.1,Samsung,69951,9,2,1,1,1.0,1
C100939,24,F,Санкт-Петербург,5141589,single,0,bachelor,employed,60035,1,0,3.6,1,13704.66,0,,558.5,34,0.986,3.7,Huawei,38274,9,2,0,0,,0
C100940,29,F,Москва,12281632,married,2,bachelor,employed,108081,0,0,8.0,5,95246.42,1,2303057.49,669.4,35,0.851,7.8,Xiaomi,40233,16,4,0,1,2.0,1
C100941,42,F,Краснодар,1118376,married,3,bachelor,employed,76250,1,0,3.0,2,56370.17,0,,586.5,15,0.477,6.9,Samsung,82028,1,3,0,1,0.0,1
C100942,47,F,Санкт-Петербург,5389406,married,2,bachelor,employed,93496,1,1,4.2,5,59452.06,1,4077100.38,697.8,43,0.725,2.0,Other,15502,22,6,0,1,2.0,0
C100943,48,F,Санкт-Петербург,5576733,married,3,secondary,employed,54701,1,1,3.5,2,62315.12,0,,611.7,22,0.607,3.2,Xiaomi,23410,10,0,0,0,,0
C100944,56,F,Самара,1120732,married,1,bachelor,self_employed,147285,0,1,5.5,1,142140.66,1,6401333.75,583.8,36,0.701,4.5,Apple,149412,7,1,0,0,,1
C100945,41,F,Санкт-Петербург,5405847,single,2,secondary,employed,80069,1,1,16.7,2,179258.41,1,1862639.31,514.6,38,0.827,,Xiaomi,38186,8,3,0,1,1.0,1
C100946,63,M,Екатеринбург,1488132,married,2,secondary,self_employed,47271,1,0,9.1,3,94715.66,0,,,19,0.585,1.5,Huawei,16112,3,3,0,0,,0
C100947,32,F,Новосибирск,1796809,single,1,master,self_employed,56161,0,0,7.3,2,46350.09,1,1029596.71,529.9,31,0.781,10.4,Huawei,21810,27,3,0,0,,0
C100948,60,F,Нижний Новгород,1271162,married,3,bachelor,employed,89027,1,0,18.3,5,130289.83,1,459417.66,697.2,23,0.612,1.6,Samsung,42088,26,1,0,0,,0
C100949,38,F,Москва,11995180,single,2,phd,employed,417589,1,0,0.7,1,700215.27,1,1513543.42,684.3,63,0.767,11.6,Apple,149412,4,5,1,1,0.0,1
C100950,32,F,Санкт-Петербург,4979948,single,1,secondary,employed,94581,1,0,0.9,2,306213.59,0,,654.1,34,0.957,7.5,Xiaomi,26962,6,1,1,1,1.0,1
C100951,43,F,Ростов-на-Дону,1167230,single,1,bachelor,employed,115138,0,1,8.6,2,136772.94,1,1428046.34,700.4,32,0.626,4.7,Samsung,46393,7,3,1,1,1.0,1
C100952,59,F,Казань,1319869,married,2,bachelor,employed,66753,0,0,1.4,1,51524.2,1,1410778.18,562.0,14,0.514,2.4,Xiaomi,17230,21,2,0,0,,0
C100953,44,F,Москва,12139131,divorced,2,bachelor,employed,158426,1,0,15.3,3,224549.57,1,947894.55,656.7,42,0.836,6.5,Apple,113295,20,3,1,1,1.0,1
C100954,44,M,Казань,1295165,single,2,bachelor,self_employed,156983,1,1,4.0,4,307867.91,0,,755.5,41,0.908,14.6,Xiaomi,85588,2,3,0,1,1.0,1
C100955,39,F,Екатеринбург,1560391,single,0,bachelor,employed,131177,1,0,6.6,5,181236.06,1,1734557.01,715.9,43,0.638,14.1,Samsung,72979,20,4,0,1,0.0,1
C100956,45,F,Челябинск,1164971,married,2,master,employed,128570,0,0,2.5,3,580664.92,1,781301.55,767.2,32,0.688,3.7,Apple,47079,29,2,0,0,,0
C100957,60,F,Краснодар,1061240,married,3,secondary,employed,103213,1,1,13.8,4,52998.26,0,,603.3,24,0.472,3.0,Samsung,55066,14,5,0,0,,0
C100958,59,F,Екатеринбург,1463116,single,0,bachelor,employed,118931,1,1,2.0,3,95571.21,1,1142337.65,679.9,38,0.515,5.7,Huawei,37636,12,2,0,1,0.0,0
C100959,38,M,Москва,12802191,married,3,bachelor,employed,171727,1,0,3.9,4,413688.2,1,1232373.67,680.4,40,0.796,7.8,Apple,95913,16,3,0,1,2.0,1
C100960,44,M,Челябинск,1209733,married,0,bachelor,employed,94805,1,0,5.2,3,66652.74,0,,717.9,26,0.603,5.6,Other,25099,14,2,0,0,,0
C100961,28,F,Самара,1179925,single,1,master,employed,68099,1,0,5.7,2,53189.37,1,509794.74,607.7,29,0.555,3.7,Xiaomi,17060,5,2,1,0,,0
C100962,53,M,Омск,1138333,married,0,master,employed,161154,1,0,2.0,2,134136.35,1,871091.53,674.7,42,0.714,11.9,Xiaomi,29649,0,3,0,1,1.0,1
C100963,34,F,Екатеринбург,1457942,married,1,secondary,employed,47534,0,1,6.2,2,44626.75,0,,692.3,28,0.826,6.6,Xiaomi,22491,16,1,1,0,,0
C100964,34,M,Москва,12206809,single,1,bachelor,unemployed,91144,0,0,0.9,3,91748.69,0,,,29,0.642,14.6,Samsung,26382,25,5,0,0,,0
C100965,32,M,Челябинск,1226421,single,0,master,employed,82890,1,0,11.1,1,68898.67,1,600613.86,664.2,27,0.744,11.4,Other,12428,8,3,1,1,1.0,1
C100966,44,F,Екатеринбург,1449685,married,3,secondary,self_employed,59149,0,1,8.7,2,25760.22,1,630326.49,574.3,19,0.82,3.6,Samsung,31234,38,2,0,0,,0
C100967,27,F,Москва,12776961,single,0,bachelor,employed,66319,0,0,2.4,1,105242.81,0,,,25,0.896,3.8,Other,10233,34,3,1,1,1.0,0
C100968,62,M,Ростов-на-Дону,1142153,married,0,secondary,employed,29996,0,0,2.1,1,16325.74,1,408665.14,571.5,3,0.095,0.2,Xiaomi,21127,36,0,0,0,,0
C100969,33,M,Челябинск,1158729,single,0,secondary,unemployed,20553,1,0,2.4,1,10636.46,1,397437.82,565.7,17,0.755,4.3,Xiaomi,10262,28,1,0,0,,0
C100970,29,F,Екатеринбург,1475229,married,1,bachelor,self_employed,88730,0,0,5.9,2,81393.02,0,,628.3,36,0.937,4.8,Other,19171,6,1,0,0,,0
C100971,32,F,Омск,1071493,single,0,bachelor,unemployed,20696,0,0,4.1,1,3208.24,0,,572.4,18,0.886,1.5,Xiaomi,16251,15,1,0,0,,0
C100972,53,F,Нижний Новгород,1215310,married,3,bachelor,employed,211209,1,1,5.4,5,342891.83,0,,687.4,47,0.834,7.9,Samsung,124525,4,1,1,1,0.0,1
C100973,60,F,Челябинск,1181257,married,4,bachelor,employed,144627,1,1,2.1,4,773031.73,1,10226684.35,686.3,38,0.7,5.7,Apple,95536,30,1,0,1,1.0,1
C100974,66,M,Екатеринбург,1449220,married,3,bachelor,employed,47630,0,1,14.1,1,45180.78,0,,564.0,10,0.54,2.3,Huawei,38099,12,3,0,0,,0
C100975,30,M,Екатеринбург,1448334,single,0,bachelor,self_employed,104711,0,0,5.0,1,129996.71,0,,610.5,30,0.795,15.4,Xiaomi,19321,28,0,1,0,,0
C100976,49,M,Москва,12612060,married,3,bachelor,self_employed,235287,1,1,2.4,6,305376.88,1,1101889.67,813.2,47,0.626,23.2,Samsung,55907,17,3,1,1,0.0,1
C100977,31,M,Казань,1294231,single,0,bachelor,self_employed,167154,1,0,2.6,3,517050.34,1,11256855.99,683.7,50,0.873,6.7,Apple,97247,8,4,0,1,0.0,1
C100978,42,F,Ростов-на-Дону,1094191,single,1,bachelor,employed,59366,0,1,11.7,3,34907.44,0,,680.0,22,0.719,2.9,Apple,72755,30,3,0,0,,0
C100979,65,M,Москва,12797852,married,3,secondary,employed,47234,0,1,3.3,1,44223.43,0,,,13,0.578,4.7,Samsung,29612,21,2,0,1,0.0,0
C100980,19,F,Екатеринбург,1514316,single,0,phd,employed,42651,0,0,1.0,1,18538.87,1,344562.84,589.1,22,0.957,0.9,Samsung,39776,10,1,0,0,,0
C100981,26,M,Самара,1148354,single,0,secondary,employed,98155,1,0,8.0,3,74566.6,1,1576788.04,624.9,38,0.775,7.0,Xiaomi,29802,8,2,0,1,1.0,0
C100982,32,F,Москва,12890615,single,0,bachelor,employed,193204,1,0,0.8,2,303597.28,1,3549531.13,693.5,44,0.975,4.2,Google,82502,2,1,0,1,1.0,1
C100983,62,M,Самара,1203693,married,3,bachelor,employed,133570,1,1,16.2,4,382586.38,1,760541.26,711.8,30,0.436,8.3,Xiaomi,30984,34,2,0,1,2.0,0
C100984,27,F,Ростов-на-Дону,1150243,single,0,secondary,self_employed,41456,1,0,0.2,2,19259.37,1,789520.87,559.5,26,0.754,12.6,Huawei,13785,18,1,1,0,,0
C100985,32,M,Казань,1245266,single,0,bachelor,employed,70943,1,1,1.9,3,63718.02,1,937101.71,648.3,20,0.775,5.8,Huawei,24838,11,3,0,0,,0
C100986,63,M,Санкт-Петербург,5453382,single,0,secondary,employed,77500,0,1,3.2,4,98836.62,1,751592.02,621.1,25,0.712,1.2,Xiaomi,27754,18,5,0,1,1.0,0
C100987,60,M,Москва,12635348,married,3,secondary,employed,73588,0,0,8.2,2,53264.5,0,,605.1,19,0.59,2.4,Samsung,32415,19,2,0,0,,0
C100988,46,F,Екатеринбург,1447409,married,4,bachelor,employed,144618,1,1,1.3,1,92544.37,1,757908.86,636.0,30,0.427,3.5,Apple,68351,39,3,0,1,1.0,0
C100989,33,M,Челябинск,1192207,single,1,bachelor,employed,41092,0,0,11.2,4,17203.23,0,,502.8,22,0.94,3.3,Huawei,18428,17,3,0,0,,0
C100990,28,M,Краснодар,1078677,single,0,secondary,employed,21965,0,0,10.0,2,7555.67,0,,509.7,2,0.849,2.6,Samsung,24951,9,3,0,0,,0
C100991,70,M,Москва,13383490,divorced,3,master,employed,63345,0,0,8.3,3,148619.19,0,,741.7,13,0.66,3.8,Samsung,48802,12,1,0,0,,0
C100992,41,F,Краснодар,1096211,married,1,bachelor,employed,134097,0,0,9.1,7,232966.11,1,1220868.25,767.0,38,0.868,6.2,OnePlus,48051,29,4,0,1,2.0,1
C100993,25,M,Омск,1123527,single,0,bachelor,employed,26992,0,0,7.0,1,17820.26,0,,513.7,14,0.825,13.2,OnePlus,19765,27,0,0,0,,0
C100994,27,M,Москва,12184001,single,0,bachelor,employed,48204,0,0,9.0,2,16888.74,0,,571.5,33,0.928,11.2,Apple,72735,12,5,0,0,,0
C100995,62,M,Нижний Новгород,1172779,married,1,secondary,employed,54449,0,0,16.0,2,49049.0,1,1599151.65,628.3,8,0.32,0.4,Xiaomi,20648,19,0,0,1,2.0,0
C100996,53,F,Екатеринбург,1480627,married,4,bachelor,employed,58574,0,0,3.3,3,67943.75,1,327442.25,607.9,17,0.532,3.3,Other,11452,24,2,0,0,,0
C100997,56,M,Москва,12869531,married,1,bachelor,employed,210591,1,1,2.5,2,266942.11,0,,732.5,48,0.868,5.4,Samsung,149412,1,4,1,1,1.0,1
C100998,38,F,Самара,1169623,single,0,bachelor,employed,43411,0,0,8.7,3,30155.58,1,660625.59,578.5,20,0.875,2.4,Xiaomi,13025,33,2,0,0,,0
C100999,64,M,Уфа,1201209,married,1,secondary,self_employed,34854,0,1,4.5,1,35173.59,0,,520.2,10,0.455,0.6,Xiaomi,22640,13,1,1,0,,0
C101000,31,F,Москва,12717032,single,1,master,employed,67761,1,0,5.1,2,94198.27,0,,681.2,27,0.933,3.8,Google,59937,28,0,0,1,0.0,1
C101001,68,F,Москва,12307123,married,2,secondary,employed,77833,1,1,1.9,2,53061.38,1,2710506.01,610.7,20,0.615,4.4,Samsung,33126,48,4,0,0,,0
C101002,64,F,Челябинск,1156864,married,1,bachelor,employed,100663,1,1,4.4,4,224832.45,1,432703.3,749.7,40,0.583,4.9,Other,15084,26,2,0,1,0.0,0
C101003,44,F,Москва,11822189,single,1,bachelor,employed,245651,0,1,10.7,3,289854.72,1,3497056.18,717.3,51,0.883,5.1,OnePlus,66607,15,4,0,1,0.0,1
C101004,42,M,Омск,1123762,married,3,secondary,employed,70519,0,0,6.5,5,26751.05,0,,589.1,15,0.634,2.1,Other,9278,4,7,0,0,,0
C101005,46,M,Самара,1131422,married,1,bachelor,employed,91926,0,1,20.8,1,129037.43,1,1154687.99,659.9,22,0.482,1.2,Samsung,52373,10,3,0,1,0.0,0
C101006,66,M,Челябинск,1205828,married,3,secondary,employed,59815,0,1,10.1,3,125410.72,1,533231.52,692.1,17,0.455,0.6,Other,9451,39,3,0,1,0.0,0
C101007,36,M,Нижний Новгород,1212719,single,0,bachelor,employed,35934,0,0,18.0,1,30245.69,0,,511.9,9,0.569,2.3,Xiaomi,16761,37,1,0,0,,0
C101008,20,F,Москва,12290335,single,0,bachelor,unemployed,45296,0,0,2.0,2,24538.88,0,,,18,0.788,6.7,Xiaomi,15511,22,1,0,0,,0
C101009,22,F,Новосибирск,1538869,single,0,bachelor,employed,33299,0,0,0.9,1,14111.93,1,83237.11,547.7,22,0.989,3.2,Huawei,13343,48,2,0,0,,0
C101010,37,F,Уфа,1144104,single,1,bachelor,employed,81565,1,1,16.4,4,47241.47,1,1846291.08,606.9,34,0.826,10.7,Samsung,34374,36,0,0,1,0.0,1
C101011,52,M,Ростов-на-Дону,1184828,single,1,secondary,employed,23365,0,1,0.8,1,6654.23,0,,,4,0.183,0.2,Other,3500,35,1,0,0,,0
C101012,58,M,Омск,1104215,married,0,bachelor,self_employed,110907,0,1,2.3,3,215693.31,1,999289.41,666.7,34,0.477,1.8,Xiaomi,35964,17,3,0,0,,0
C101013,32,M,Москва,12669613,single,0,bachelor,self_employed,117836,0,1,14.0,4,478271.56,0,,807.5,40,0.932,10.0,Xiaomi,22101,8,7,0,0,,0
C101014,36,F,Москва,12392334,married,2,master,employed,83491,1,1,14.0,4,110115.28,1,166843.31,,25,0.899,1.4,Samsung,50268,11,0,0,0,,0
C101015,52,F,Краснодар,1105116,married,2,secondary,employed,83034,0,1,1.4,1,81388.57,0,,,30,0.81,1.4,Xiaomi,28016,18,1,0,0,,0
C101016,25,F,Москва,12323367,single,0,bachelor,employed,200774,1,1,6.9,1,760089.05,0,,785.7,48,0.929,1.9,Apple,69648,29,1,1,0,,1
C101017,29,F,Уфа,1120505,single,0,bachelor,employed,28379,0,0,6.3,3,16202.18,0,,543.0,7,0.71,5.7,Xiaomi,13992,17,2,0,0,,0
C101018,45,F,Ростов-на-Дону,1168860,married,3,bachelor,employed,126461,1,1,10.4,2,75306.65,1,239031.77,709.0,41,0.971,5.0,Apple,92181,26,1,1,1,1.0,1
C101019,49,M,Уфа,1136921,married,0,bachelor,employed,200042,1,1,12.9,4,196899.72,0,,729.5,34,0.635,2.5,Google,66061,7,3,1,1,0.0,1
C101020,36,F,Самара,1134706,married,4,secondary,self_employed,141922,1,1,2.3,5,165742.15,1,1265521.6,729.9,35,0.72,3.1,Apple,95284,15,2,1,1,1.0,1
C101021,26,F,Москва,12703425,single,0,master,self_employed,335677,1,1,6.6,4,211021.59,0,,725.1,68,0.978,9.7,Apple,149412,3,4,0,1,1.0,1
C101022,58,F,Ростов-на-Дону,1116165,married,3,bachelor,employed,41602,0,0,14.9,3,31605.04,1,259951.8,697.9,6,0.398,2.3,Xiaomi,17035,17,3,0,0,,0
C101023,61,M,Казань,1298099,married,1,bachelor,employed,97908,1,1,6.5,3,45185.37,1,184269.3,729.1,42,0.705,2.0,Apple,118585,15,3,1,1,0.0,1
C101024,33,M,Краснодар,1077310,single,0,secondary,employed,40248,0,0,15.0,1,25056.12,1,185317.8,578.0,7,0.464,1.4,Xiaomi,17089,42,2,0,0,,0
C101025,58,F,Нижний Новгород,1271267,single,0,bachelor,employed,78865,1,1,1.6,1,164263.35,1,251880.31,622.0,22,0.674,5.7,Apple,57259,8,2,0,0,,0
C101026,34,M,Нижний Новгород,1294985,single,1,bachelor,self_employed,92012,0,0,5.4,3,73688.42,0,,570.1,27,0.807,1.4,Samsung,39957,23,7,0,0,,0
C101027,33,M,Москва,12654508,single,0,master,employed,348820,1,1,5.3,5,377084.47,1,3173097.51,850.0,42,0.875,2.0,Apple,149412,13,1,0,1,0.0,1
C101028,39,F,Екатеринбург,1488810,single,2,master,self_employed,399659,1,1,11.0,4,378386.16,1,2145275.23,739.1,50,0.978,2.5,Apple,149412,4,4,0,1,0.0,1
C101029,67,M,Санкт-Петербург,5638243,married,1,secondary,employed,75244,0,1,3.1,1,84276.23,1,461718.79,539.0,8,0.356,1.3,Xiaomi,23792,32,3,0,1,1.0,0
C101030,47,F,Краснодар,1113380,single,0,master,unemployed,16065,0,0,17.2,1,7252.59,0,,596.9,2,0.493,2.7,Other,3500,48,0,0,0,,0
C101031,23,M,Нижний Новгород,1247622,single,0,bachelor,employed,80163,0,0,5.0,2,96705.15,1,650564.6,678.3,35,0.953,5.4,Huawei,44218,10,1,0,0,,0
C101032,46,M,Казань,1332243,married,3,bachelor,employed,68484,1,1,7.4,3,161271.45,1,3881239.74,526.5,39,0.83,14.7,Other,20902,4,1,1,0,,0
C101033,65,F,Омск,1138425,married,3,bachelor,employed,57588,1,1,0.8,2,14507.84,1,808478.64,666.0,9,0.154,1.4,Samsung,33331,23,1,0,0,,0
C101034,30,F,Москва,12569840,married,2,bachelor,employed,134973,0,0,8.3,3,73573.96,1,3390413.97,624.1,50,0.856,8.4,Samsung,66949,8,2,0,0,,1
C101035,60,M,Новосибирск,1646241,married,5,secondary,self_employed,48658,1,0,5.3,1,48408.0,0,,575.6,9,0.409,2.7,Xiaomi,10796,48,2,0,0,,0
C101036,35,F,Челябинск,1168234,single,1,bachelor,employed,54737,0,1,9.1,3,55095.29,1,459395.32,543.6,22,0.9,4.1,Xiaomi,14731,44,2,0,0,,0
C101037,52,M,Санкт-Петербург,5175616,divorced,0,master,employed,211275,1,1,1.0,4,231021.22,1,3646476.45,737.7,37,0.653,2.0,Samsung,79196,8,2,0,1,0.0,1
C101038,28,F,Москва,12302792,single,0,master,self_employed,417589,1,0,4.1,7,1757019.08,1,2809277.8,850.0,67,0.951,10.1,Apple,149412,10,10,1,1,0.0,1
C101039,41,F,Самара,1108517,single,0,bachelor,unemployed,25002,0,0,1.6,1,8409.06,1,234595.47,513.7,2,0.453,0.2,Xiaomi,12333,48,1,1,0,,0
C101040,32,M,Омск,1113904,single,0,master,employed,30576,0,0,4.7,2,33978.29,1,711758.41,524.8,11,0.458,4.8,Xiaomi,16477,8,2,0,0,,0
C101041,61,F,Новосибирск,1622579,married,0,bachelor,employed,36963,0,1,3.5,4,43829.83,0,,543.2,10,0.539,1.2,Other,12801,16,1,0,0,,0
C101042,24,F,Ростов-на-Дону,1160558,single,0,phd,employed,65600,0,0,5.0,2,85533.6,1,1325698.98,626.7,30,0.878,1.6,Samsung,34142,6,1,0,1,1.0,0
C101043,36,F,Нижний Новгород,1199859,married,1,secondary,employed,49451,0,1,12.8,2,13802.05,0,,,15,0.332,5.6,Xiaomi,15458,40,1,1,0,,0
C101044,23,M,Москва,12894753,single,0,bachelor,employed,87329,1,0,3.5,3,108298.8,0,,593.4,39,0.994,4.2,Samsung,42572,48,4,1,1,0.0,1
C101045,49,F,Ростов-на-Дону,1097444,married,0,bachelor,employed,73401,0,0,4.6,1,79699.08,0,,641.4,25,0.577,5.2,Xiaomi,21783,12,0,0,0,,0
C101046,45,M,Уфа,1149898,single,1,secondary,employed,61992,0,0,8.9,1,18847.04,1,2043812.83,577.3,14,0.611,,Samsung,52850,5,3,0,0,,0
C101047,45,F,Омск,1139600,married,5,bachelor,employed,134013,1,0,2.4,5,56450.88,1,355524.08,774.3,43,0.737,9.1,Samsung,69446,23,5,0,0,,1
C101048,36,M,Казань,1288312,married,1,bachelor,employed,77172,0,1,9.8,3,40894.48,0,,659.4,28,0.789,3.5,Samsung,103614,20,1,0,1,0.0,1
C101049,71,F,Нижний Новгород,1170100,married,1,secondary,self_employed,68058,0,1,9.0,7,73274.47,0,,630.3,9,0.285,2.6,Xiaomi,29721,8,3,0,1,0.0,0
C101050,61,M,Санкт-Петербург,5196562,married,1,master,employed,159954,1,1,4.3,2,428214.22,1,1608679.67,594.0,39,0.598,4.8,Apple,56680,29,1,0,1,0.0,0
C101051,32,F,Уфа,1164947,single,0,bachelor,self_employed,105999,1,0,4.9,3,51096.75,1,1789954.88,666.4,38,0.883,3.6,OnePlus,33436,4,5,0,1,0.0,0
C101052,26,M,Нижний Новгород,1261843,single,0,bachelor,employed,29509,0,0,8.0,1,2305.18,0,,549.3,15,0.782,4.4,Xiaomi,17469,3,3,0,0,,0
C101053,29,M,Казань,1357787,single,0,bachelor,self_employed,175197,1,0,1.6,3,391232.2,1,1651351.47,798.2,37,0.703,3.2,Huawei,48830,29,2,0,1,0.0,1
C101054,33,M,Нижний Новгород,1233270,single,0,bachelor,employed,66945,0,0,4.4,2,28950.17,1,263415.85,681.4,23,0.817,11.8,Xiaomi,23224,12,1,0,0,,0
C101055,29,F,Екатеринбург,1526101,single,0,secondary,employed,33082,0,0,11.0,2,9510.49,0,,493.4,12,0.657,4.1,Xiaomi,14522,2,2,0,0,,0
C101056,37,M,Москва,13697536,married,1,secondary,employed,57822,0,1,13.4,2,132868.82,1,347573.51,706.1,19,0.54,2.9,Xiaomi,34777,11,1,0,1,2.0,1
C101057,39,F,Екатеринбург,1551721,single,0,bachelor,employed,54025,0,1,4.9,1,30847.11,1,1005717.07,652.2,15,0.735,0.6,Xiaomi,23515,14,0,0,0,,0
C101058,31,F,Санкт-Петербург,5486892,married,4,bachelor,employed,108382,1,0,0.6,1,75415.33,0,,,38,0.979,7.1,Apple,85034,6,2,1,0,,1
C101059,32,F,Казань,1246166,single,0,bachelor,employed,66528,0,0,13.8,2,51742.87,0,,765.2,27,0.931,14.2,Other,8726,28,1,0,0,,0
C101060,47,F,Самара,1129507,married,1,bachelor,employed,58543,1,1,12.4,2,117484.9,1,1722583.32,601.4,30,0.796,7.1,Xiaomi,19374,8,0,1,0,,0
C101061,38,F,Новосибирск,1685278,married,2,bachelor,employed,48730,0,0,19.0,1,33562.35,0,,641.2,29,0.965,5.6,Xiaomi,14441,38,1,0,0,,0
C101062,45,M,Уфа,1150764,single,0,bachelor,employed,88507,0,1,0.9,3,126434.28,0,,,27,0.659,3.3,Xiaomi,22369,28,1,0,0,,0
C101063,37,M,Казань,1303485,single,0,secondary,employed,38436,0,0,1.7,1,42037.32,1,2074166.36,530.8,14,0.848,4.5,Samsung,18815,48,3,0,0,,0
C101064,27,F,Санкт-Петербург,5367987,single,0,bachelor,employed,28105,1,1,1.3,1,18863.28,1,1550451.76,556.6,12,0.72,3.0,Other,8833,5,0,0,0,,0
C101065,48,M,Самара,1123122,married,1,bachelor,employed,29778,0,0,1.3,1,25778.32,0,,564.7,6,0.448,0.2,Other,8860,42,1,0,0,,0
C101066,44,F,Екатеринбург,1573083,married,4,master,self_employed,88229,1,0,8.4,2,347677.55,1,526721.62,638.7,21,0.633,5.1,Huawei,41166,13,2,0,1,0.0,0
C101067,48,M,Краснодар,1067682,single,0,phd,employed,130915,1,0,15.0,5,134740.99,0,,705.8,30,0.674,,Huawei,15842,23,4,1,1,0.0,0
C101068,60,F,Омск,1090764,married,1,secondary,employed,24406,0,1,2.3,1,25056.17,0,,,2,0.209,0.3,Other,9508,31,0,0,0,,0
C101069,58,F,Ростов-на-Дону,1128154,married,3,master,self_employed,68894,0,0,5.1,3,116244.69,1,1775805.38,578.5,18,0.235,6.3,Samsung,37386,33,5,0,0,,0
C101070,57,M,Санкт-Петербург,4989438,married,4,bachelor,employed,85672,1,1,9.2,4,69466.91,0,,614.8,29,0.544,2.2,Xiaomi,15352,16,4,0,1,0.0,0
C101071,36,F,Самара,1098810,married,0,bachelor,employed,109762,0,1,5.4,4,155831.47,1,607297.17,664.9,48,0.779,4.8,Apple,54892,48,2,0,1,0.0,1
C101072,44,M,Ростов-на-Дону,1129895,married,1,bachelor,employed,45347,0,1,14.1,2,17687.93,0,,622.5,18,0.708,1.9,Other,13839,21,2,0,0,,0
C101073,44,F,Челябинск,1209841,single,0,secondary,self_employed,187186,0,1,7.7,3,447490.21,1,2220812.93,640.4,37,0.793,0.5,Apple,122696,6,2,0,1,0.0,1
C101074,39,F,Екатеринбург,1471103,married,4,master,self_employed,194330,1,1,2.0,3,498015.43,1,1883268.89,766.7,49,0.841,3.2,Apple,113644,7,5,0,1,1.0,1
C101075,36,M,Краснодар,1126494,single,0,master,employed,45281,0,0,10.5,1,50018.81,0,,721.0,21,0.87,5.6,OnePlus,18565,42,1,0,0,,0
C101076,52,M,Нижний Новгород,1234938,married,1,secondary,employed,19243,0,0,1.0,1,2611.22,0,,476.9,2,0.282,0.6,Xiaomi,16655,9,1,0,0,,0
C101077,53,F,Казань,1347177,married,0,bachelor,self_employed,74609,0,0,11.4,4,68663.8,0,,611.1,32,0.615,3.1,Xiaomi,23468,48,3,1,1,0.0,0
C101078,23,F,Нижний Новгород,1197929,single,0,bachelor,employed,41514,0,0,5.0,1,13394.03,1,356362.32,507.3,30,0.866,7.3,Huawei,23836,6,0,1,0,,0
C101079,38,M,Нижний Новгород,1246941,single,0,master,self_employed,105510,0,1,11.7,2,144775.75,1,2815732.46,554.4,50,0.961,12.7,Samsung,97373,13,1,1,1,1.0,1
C101080,27,M,Нижний Новгород,1211918,single,0,bachelor,employed,68465,1,0,2.2,2,42697.3,1,2265211.71,599.6,35,0.829,7.7,Xiaomi,12019,32,2,0,1,1.0,0
C101081,30,M,Самара,1149710,single,0,bachelor,employed,76463,1,0,11.9,2,25751.05,0,,653.5,25,0.837,10.4,OnePlus,33715,27,2,0,1,0.0,0
C101082,57,F,Омск,1125266,married,1,secondary,employed,30926,0,1,2.6,2,50727.96,1,356270.6,563.5,8,0.686,3.6,Xiaomi,17594,9,2,0,0,,0
C101083,38,F,Нижний Новгород,1277743,single,0,secondary,self_employed,73679,1,1,7.0,2,38837.46,1,1626528.97,573.9,23,0.78,1.7,Xiaomi,23628,6,2,1,0,,0
C101084,45,F,Челябинск,1172100,divorced,2,bachelor,employed,158401,1,1,1.1,1,256170.72,1,577088.85,675.6,42,0.693,9.5,Apple,149412,3,3,0,1,0.0,1
C101085,51,F,Москва,12403625,single,0,phd,self_employed,155121,1,0,28.0,5,240242.37,1,1677442.86,745.7,40,0.606,5.6,Apple,149412,16,5,0,1,1.0,1
C101086,33,M,Краснодар,1072836,single,0,bachelor,employed,155697,1,0,0.2,1,83089.27,1,19852997.38,530.2,30,0.883,3.1,Apple,95962,26,1,1,1,1.0,1
C101087,34,M,Санкт-Петербург,5304237,single,0,bachelor,employed,153068,1,0,7.4,2,78270.65,0,,636.2,35,0.956,1.6,Samsung,73619,5,1,0,1,0.0,1
C101088,49,M,Москва,12311535,married,1,secondary,employed,72043,1,1,11.1,3,89628.1,1,613489.86,584.9,23,0.831,6.3,OnePlus,31202,18,3,0,1,0.0,0
C101089,61,F,Санкт-Петербург,5274472,divorced,2,bachelor,employed,78341,1,0,8.2,4,57475.52,0,,702.3,20,0.725,2.9,Xiaomi,21937,4,4,0,1,1.0,0
C101090,26,M,Санкт-Петербург,5421276,single,0,secondary,employed,34738,0,0,7.9,1,13584.51,1,254437.77,615.6,21,0.767,3.4,Apple,48445,31,4,0,0,,0
C101091,60,F,Омск,1136886,married,5,bachelor,employed,86335,1,1,12.1,7,56325.58,0,,700.8,7,0.276,1.7,Other,12174,35,2,1,1,0.0,0
C101092,39,M,Челябинск,1188471,single,0,bachelor,employed,78940,0,0,3.1,1,93580.28,1,698280.9,691.1,18,0.568,8.9,Huawei,34785,12,2,1,1,0.0,1
C101093,48,M,Уфа,1189166,single,0,bachelor,employed,93196,0,1,2.3,4,251426.08,0,,678.4,15,0.689,2.1,Samsung,40709,8,4,0,1,0.0,0
C101094,60,M,Москва,12839466,single,1,master,employed,173829,0,0,4.9,2,393327.31,1,2247108.4,664.0,37,0.691,,Other,26854,6,2,0,1,0.0,0
C101095,20,M,Москва,13006807,single,0,master,employed,76042,1,0,2.0,1,45775.79,1,204196.18,596.1,38,0.951,3.1,Apple,61742,18,1,0,0,,0
C101096,35,M,Москва,11866280,single,0,secondary,employed,81568,0,0,4.5,2,107274.49,0,,772.1,30,0.971,1.6,Apple,127015,7,7,1,0,,1
C101097,39,F,Москва,12002972,single,0,bachelor,employed,79633,0,0,9.9,3,91833.81,1,1807752.08,672.4,26,0.881,1.5,Samsung,35063,33,6,0,0,,0
C101098,55,F,Самара,1151562,married,3,secondary,self_employed,21635,1,0,4.3,1,6605.76,0,,426.4,2,0.258,0.8,Xiaomi,10812,30,2,0,0,,0
C101099,56,M,Новосибирск,1607477,married,1,secondary,unemployed,18207,0,0,6.9,2,13514.85,0,,382.8,3,0.418,0.8,Other,7300,8,0,0,0,,0
C101100,31,M,Москва,13032491,single,0,bachelor,employed,154611,1,1,13.0,2,125719.05,1,2803194.78,707.8,45,0.918,3.0,Apple,149412,6,5,0,1,0.0,1
C101101,28,F,Москва,12889212,single,0,bachelor,employed,89445,0,1,1.0,1,75379.99,1,343481.46,550.3,52,0.931,7.3,Xiaomi,27129,18,3,0,0,,0
C101102,62,F,Краснодар,1072198,divorced,1,secondary,employed,25724,0,1,2.5,2,41147.6,0,,,2,0.342,0.4,Xiaomi,15101,11,3,0,0,,0
C101103,47,M,Самара,1193067,married,5,secondary,employed,120232,1,0,6.4,5,284275.06,1,492397.51,655.9,34,0.751,1.9,Huawei,29510,9,3,0,1,1.0,0
C101104,54,F,Москва,12839029,single,0,secondary,employed,91386,0,0,1.1,1,198359.14,1,3903723.15,656.2,29,0.809,5.9,Samsung,40342,30,5,0,1,1.0,0
C101105,26,F,Нижний Новгород,1191912,single,0,bachelor,employed,151644,1,1,4.5,3,177998.18,1,1115301.9,740.6,42,0.811,4.7,Samsung,80112,12,1,0,1,1.0,1
C101106,35,M,Краснодар,1090250,single,0,bachelor,employed,27848,0,0,1.9,1,11199.02,0,,485.5,7,0.775,2.2,Xiaomi,16607,11,0,0,0,,0
C101107,53,F,Новосибирск,1608467,married,4,secondary,employed,66536,1,1,5.7,4,90004.97,0,,672.9,18,0.567,5.1,Xiaomi,11816,28,2,0,0,,0
C101108,64,F,Уфа,1151394,divorced,2,secondary,employed,55337,0,1,8.4,1,40988.27,1,1543203.8,558.6,14,0.445,2.9,Samsung,36622,23,1,0,1,1.0,0
C101109,46,F,Санкт-Петербург,5282196,married,1,bachelor,employed,107914,0,1,1.0,2,49379.77,1,2728802.82,654.9,32,0.608,10.1,Xiaomi,28332,33,5,0,0,,0
C101110,55,M,Москва,12731651,married,3,bachelor,employed,201363,1,1,13.2,3,549657.07,1,2004493.97,802.2,38,0.597,1.8,Apple,133627,17,5,1,1,0.0,1
C101111,45,F,Самара,1136280,single,0,phd,employed,81970,0,0,6.9,3,52715.36,1,692725.18,640.9,14,0.246,2.9,Huawei,32481,18,2,0,0,,0
C101112,29,F,Ростов-на-Дону,1169578,single,0,secondary,employed,79133,0,1,11.0,3,99321.76,0,,576.1,34,0.905,4.1,Apple,55109,29,1,0,1,1.0,1
C101113,33,M,Ростов-на-Дону,1131397,single,0,bachelor,employed,81153,1,0,13.0,4,65065.24,1,1368965.96,608.7,31,0.913,13.7,Samsung,27722,48,5,1,0,,1
C101114,43,M,Санкт-Петербург,5393397,single,0,bachelor,employed,64123,1,1,9.1,2,42532.98,0,,667.9,19,0.694,0.8,Huawei,26131,32,4,1,1,3.0,1
C101115,27,F,Омск,1091178,single,1,bachelor,unemployed,31669,0,0,7.6,2,9049.42,0,,514.1,11,0.611,10.2,Xiaomi,11911,17,0,0,0,,0
C101116,43,F,Москва,12509244,married,1,master,employed,132766,1,1,3.1,5,252774.07,1,294635.15,678.5,40,0.949,5.3,Apple,78239,26,1,1,1,0.0,1
C101117,57,M,Москва,12484305,married,3,master,self_employed,283333,1,0,8.8,6,1437367.13,0,,751.1,39,0.419,6.7,Apple,149412,5,6,1,1,1.0,1
C101118,47,F,Самара,1179444,married,3,bachelor,self_employed,42410,0,0,6.0,2,113351.84,0,,560.8,24,0.723,4.8,Xiaomi,16208,29,5,1,0,,0
C101119,32,M,Омск,1122940,single,0,bachelor,employed,65678,0,0,3.4,1,38054.73,0,,,21,0.831,2.7,Huawei,14172,27,3,0,0,,0
C101120,46,F,Санкт-Петербург,5528336,single,0,bachelor,employed,84720,0,1,7.8,1,115941.81,1,1963472.91,640.8,27,0.688,3.5,Samsung,40860,48,1,0,1,0.0,0
C101121,18,M,Самара,1155859,single,0,bachelor,employed,45003,1,0,0.0,2,5904.38,1,921064.52,535.6,28,0.948,5.9,Huawei,12348,48,3,1,0,,0
C101122,31,M,Самара,1147466,single,0,secondary,employed,55220,0,0,13.0,5,33359.99,1,986812.55,556.0,23,0.836,4.9,Xiaomi,34899,7,2,1,1,0.0,1
C101123,25,M,Омск,1140338,single,0,master,employed,60756,0,1,5.0,7,29959.27,0,,711.3,15,0.415,0.4,Other,8131,19,5,0,1,0.0,0
C101124,22,M,Самара,1147996,single,0,master,employed,59806,0,0,4.0,1,77101.37,0,,582.5,25,0.985,0.9,OnePlus,40694,6,1,1,1,1.0,1
C101125,27,M,Нижний Новгород,1253026,single,0,bachelor,employed,61937,0,0,9.0,3,24960.14,1,220489.91,625.3,30,0.853,1.9,Xiaomi,15138,40,4,0,0,,0
C101126,23,M,Самара,1200047,single,0,secondary,self_employed,27734,0,0,5.0,1,11460.59,0,,467.7,10,0.789,3.4,Other,4608,48,3,0,0,,0
C101127,47,M,Казань,1295683,married,3,master,employed,49713,0,1,6.9,1,72264.17,1,325492.78,452.3,13,0.493,0.8,Xiaomi,18102,16,2,0,1,0.0,0
C101128,57,M,Краснодар,1012754,single,0,bachelor,employed,72941,1,1,17.3,2,74385.46,0,,677.2,19,0.521,1.8,Huawei,30077,20,1,0,1,2.0,0
C101129,34,M,Омск,1149952,married,0,master,employed,59010,1,1,0.9,1,132018.42,1,573950.92,616.5,29,0.785,9.3,Apple,113863,13,1,0,0,,1
C101130,23,F,Санкт-Петербург,5359566,single,0,secondary,unemployed,34692,0,0,5.0,1,18135.54,1,247703.16,540.6,26,0.868,11.5,Apple,45501,31,2,0,0,,0
C101131,34,F,Омск,1100853,single,0,master,self_employed,81533,0,0,5.8,3,40077.9,1,77339.23,700.0,20,0.712,1.3,Huawei,17897,48,6,1,1,0.0,0
C101132,63,F,Самара,1188548,married,2,master,employed,23211,0,0,9.0,1,19419.38,0,,540.6,2,0.426,,Xiaomi,15344,35,2,0,0,,0
C101133,35,M,Екатеринбург,1476158,single,0,master,employed,100572,0,0,9.2,3,54892.56,0,,543.5,22,0.418,0.7,Xiaomi,21797,27,2,0,0,,0
C101134,31,M,Омск,1119161,single,0,secondary,self_employed,49272,0,1,4.0,1,14108.81,1,1045097.95,643.3,24,0.755,11.5,Xiaomi,12142,43,4,1,1,0.0,0
C101135,38,F,Казань,1276145,single,1,secondary,self_employed,122101,0,1,8.8,3,232078.43,1,919075.2,741.7,29,0.668,6.2,Samsung,80774,5,3,0,1,1.0,1
C101136,33,M,Уфа,1138218,single,1,master,employed,48394,0,0,2.0,2,13308.26,0,,509.8,14,0.556,1.7,Huawei,11310,26,2,0,0,,0
C101137,26,M,Новосибирск,1672217,single,0,bachelor,employed,57693,0,0,8.0,1,29222.65,1,246215.28,657.6,31,0.821,10.3,Samsung,32268,41,2,0,1,0.0,0
C101138,38,F,Самара,1184569,married,3,bachelor,self_employed,176543,1,0,8.1,4,263937.52,1,3291375.37,796.1,47,0.896,5.5,Samsung,71866,5,7,0,1,0.0,1
C101139,33,M,Самара,1114410,single,0,bachelor,employed,44824,0,0,6.4,1,8172.07,1,371851.78,518.2,24,0.918,4.9,Huawei,22953,27,2,0,0,,0
C101140,35,F,Санкт-Петербург,5119148,married,0,master,employed,77654,1,0,7.3,4,193817.76,1,877724.62,691.0,19,0.905,12.6,Google,60948,23,3,0,1,0.0,1
C101141,50,F,Москва,12607667,married,1,secondary,employed,127576,1,1,10.6,7,301198.87,1,661660.28,777.3,55,0.965,11.8,Huawei,64579,2,3,0,1,0.0,1
C101142,28,F,Челябинск,1183259,married,0,secondary,employed,29141,0,0,10.0,2,17081.2,0,,600.4,11,0.754,0.9,Other,5503,39,2,0,0,,0
C101143,68,M,Казань,1337899,married,2,secondary,employed,40251,0,0,2.2,3,54247.86,0,,,16,0.539,,Samsung,33942,9,2,0,0,,0
C101144,31,F,Ростов-на-Дону,1058319,single,0,bachelor,unemployed,25090,1,0,13.0,1,7949.98,1,23556.53,563.7,8,0.612,3.8,Other,7291,9,0,0,0,,0
C101145,34,F,Ростов-на-Дону,1134554,single,0,secondary,employed,90692,0,0,8.3,4,197540.33,1,626353.16,609.5,47,0.916,2.1,Apple,60021,40,3,1,0,,1
C101146,38,F,Краснодар,1107479,married,2,bachelor,self_employed,43666,1,0,8.2,1,19566.53,0,,601.5,15,0.59,2.4,Huawei,21060,1,1,0,0,,0
C101147,51,M,Уфа,1101220,married,1,secondary,employed,40909,0,0,18.1,1,24035.78,0,,630.8,12,0.628,4.7,Other,11975,22,3,0,0,,0
C101148,19,F,Москва,12450154,single,0,secondary,employed,38727,0,0,1.0,1,27247.65,0,,448.5,19,0.937,4.1,Xiaomi,9970,48,2,1,0,,0
C101149,32,M,Москва,13053675,married,1,master,employed,243356,1,1,3.1,3,208635.99,1,624518.4,752.2,54,0.886,10.0,Apple,97813,18,1,0,1,0.0,1
C101150,43,F,Новосибирск,1648319,married,5,bachelor,employed,85122,0,1,5.4,2,408698.01,0,,663.1,27,0.745,2.8,Samsung,56261,32,2,0,0,,0
C101151,70,M,Омск,1136027,married,5,bachelor,self_employed,93722,0,1,28.0,2,175569.86,1,545497.32,703.8,15,0.113,0.5,Xiaomi,27275,9,3,0,0,,0
C101152,53,M,Нижний Новгород,1275623,single,2,bachelor,employed,87639,1,1,11.0,4,49842.51,1,609894.56,684.3,16,0.555,2.1,Samsung,32779,27,4,0,0,,0
C101153,58,F,Санкт-Петербург,5241657,married,3,master,employed,66662,1,1,19.6,3,28658.02,1,1065371.63,676.1,19,0.583,6.2,Xiaomi,23219,42,3,0,1,2.0,0
C101154,44,F,Екатеринбург,1452648,married,3,bachelor,employed,60150,1,0,3.2,2,85535.62,0,,695.9,22,0.699,1.9,Huawei,21386,7,1,1,1,0.0,0
C101155,40,F,Москва,12149424,single,0,master,employed,164008,1,0,5.1,2,207590.95,0,,706.8,50,0.849,14.5,Other,29533,5,1,0,1,0.0,1
C101156,18,M,Омск,1230570,single,0,master,employed,103431,1,1,0.0,3,130057.65,0,,,32,0.769,4.2,Samsung,59299,4,1,0,0,,0
C101157,36,F,Челябинск,1231921,single,0,secondary,employed,73713,1,1,4.2,5,20194.46,1,579268.91,712.3,25,0.65,1.6,Samsung,59606,4,3,1,1,1.0,1
C101158,39,M,Челябинск,1220789,single,0,bachelor,self_employed,109226,1,0,2.5,1,165889.53,1,514376.87,680.5,25,0.693,6.9,Apple,103789,9,0,0,0,,1
C101159,26,F,Ростов-на-Дону,1159828,single,0,bachelor,employed,103547,0,0,8.0,2,87901.15,1,1266035.7,673.0,41,0.913,2.3,Apple,45946,43,5,0,0,,0
C101160,48,M,Казань,1263760,single,0,secondary,self_employed,115823,0,1,3.7,2,66394.24,0,,704.1,33,0.78,1.7,Samsung,61504,10,3,0,1,1.0,1
C101161,55,M,Краснодар,1110370,single,0,bachelor,employed,37435,0,1,11.6,2,50498.26,0,,490.1,6,0.565,0.6,Xiaomi,14750,14,2,1,1,1.0,0
C101162,30,M,Москва,12976193,single,1,bachelor,employed,68680,0,0,8.5,1,73600.33,0,,635.3,26,0.97,2.0,Apple,66693,14,1,0,0,,0
C101163,57,M,Екатеринбург,1485918,married,5,bachelor,employed,76929,1,1,8.3,4,98506.37,1,414926.72,510.2,29,0.576,4.7,Xiaomi,17154,36,2,0,1,0.0,0
C101164,72,F,Новосибирск,1617729,married,3,secondary,employed,51114,1,1,4.5,1,214294.43,1,1350103.46,577.6,11,0.321,2.0,Huawei,29668,5,2,0,0,,0
C101165,20,M,Санкт-Петербург,5383942,single,0,bachelor,employed,75361,0,1,2.0,3,13394.06,1,1130994.92,504.2,36,0.975,2.1,Huawei,19054,8,3,0,0,,0
C101166,27,F,Екатеринбург,1483379,single,0,bachelor,employed,26459,0,0,6.3,2,8514.81,0,,484.7,6,0.491,2.9,Xiaomi,7642,30,1,0,0,,0
C101167,49,M,Ростов-на-Дону,1169256,married,2,secondary,employed,103344,1,0,3.2,1,157402.5,1,5638487.99,647.5,26,0.802,1.5,OnePlus,33977,19,0,0,1,0.0,0
C101168,27,M,Омск,1122348,single,0,secondary,self_employed,35286,1,0,9.0,3,12278.74,0,,600.6,28,0.939,5.2,Xiaomi,18332,25,2,0,0,,0
C101169,40,F,Москва,12253242,married,2,bachelor,self_employed,89574,0,0,7.5,2,87172.88,1,534837.25,649.4,25,0.693,2.6,Apple,75780,14,4,0,0,,0
C101170,37,F,Москва,12507979,single,1,bachelor,employed,124232,1,1,4.3,3,102952.26,1,1360135.35,668.3,32,0.885,2.5,Apple,124914,3,7,1,1,0.0,1
C101171,23,M,Омск,1143724,married,0,master,employed,69015,1,0,5.0,2,350703.12,0,,689.3,36,0.841,3.2,Huawei,15392,48,1,0,0,,0
C101172,40,M,Москва,13333040,single,0,bachelor,employed,324602,0,1,1.0,3,512784.44,0,,712.3,65,0.976,26.7,Apple,149412,7,11,1,0,,1
C101173,27,M,Санкт-Петербург,5256639,single,0,secondary,employed,29661,1,0,9.0,1,10018.33,0,,638.4,18,0.962,5.5,Other,7556,30,0,1,1,0.0,0
C101174,47,F,Самара,1141465,single,0,secondary,employed,70868,1,1,3.4,3,27802.26,1,1474725.53,623.2,15,0.452,1.3,Other,10025,28,5,1,0,,0
C101175,40,M,Ростов-на-Дону,1111223,married,4,secondary,employed,26017,1,0,5.6,1,8809.79,1,398281.87,576.7,9,0.561,1.6,Other,9379,18,1,0,0,,0
C101176,32,F,Казань,1350346,single,0,bachelor,employed,58514,0,0,4.6,1,13010.24,0,,460.8,26,0.955,3.6,Xiaomi,15858,45,1,0,0,,0
C101177,38,M,Санкт-Петербург,5080349,single,0,bachelor,employed,153915,1,0,10.8,1,385206.41,1,20086106.7,503.9,44,0.925,3.0,Samsung,48332,24,3,1,1,1.0,1
C101178,38,M,Екатеринбург,1471035,married,1,secondary,employed,67651,0,0,7.2,1,89358.5,1,1449956.46,769.7,13,0.698,,Other,6123,19,2,0,0,,0
C101179,39,M,Санкт-Петербург,5423848,single,0,bachelor,employed,184161,1,1,10.7,2,522954.11,1,2343797.1,647.8,44,0.735,12.6,Samsung,99687,17,5,0,1,0.0,1
C101180,66,F,Уфа,1151824,married,2,master,employed,86015,1,1,2.0,2,205640.09,1,828654.37,630.2,13,0.203,1.5,Xiaomi,17771,37,1,1,0,,0
C101181,43,F,Омск,1123486,single,0,secondary,self_employed,43612,1,0,7.9,1,28250.76,0,,572.0,13,0.579,1.9,Xiaomi,22587,10,1,0,1,2.0,0
C101182,31,M,Уфа,1144671,single,0,master,employed,107480,1,1,3.3,2,186084.32,1,2716329.17,632.6,31,0.813,3.3,Xiaomi,29131,10,2,0,1,0.0,0
C101183,47,M,Уфа,1152017,single,0,secondary,employed,52692,0,1,0.3,1,7213.68,1,621008.32,582.1,19,0.539,1.9,Apple,72542,8,6,0,0,,0
C101184,44,F,Санкт-Петербург,5400723,single,0,bachelor,self_employed,238948,1,1,7.4,6,298738.93,1,2140158.36,774.8,46,0.887,5.6,Samsung,118139,8,7,1,1,0.0,1
C101185,32,M,Москва,13086721,single,0,secondary,employed,93575,0,0,3.1,1,62222.68,1,780605.01,629.1,33,0.816,1.6,Samsung,49932,22,1,1,0,,0
C101186,53,M,Новосибирск,1611636,single,1,bachelor,employed,100375,1,1,7.9,3,93421.31,1,754615.46,639.9,25,0.715,6.0,Xiaomi,32703,18,3,0,1,0.0,0
C101187,44,F,Челябинск,1151937,married,2,bachelor,employed,44796,1,1,7.9,1,12696.62,1,686141.98,560.9,15,0.591,5.3,Other,10931,31,1,0,1,0.0,0
C101188,32,M,Краснодар,1108560,married,2,bachelor,employed,205165,1,0,6.2,5,157632.2,0,,755.4,47,0.964,2.8,Samsung,43922,16,2,0,1,0.0,1
C101189,32,M,Омск,1145409,single,2,master,employed,32039,0,0,3.8,2,25216.09,0,,528.6,15,0.723,3.1,Xiaomi,9903,48,2,0,0,,0
C101190,31,F,Уфа,1168478,married,0,secondary,employed,107190,0,0,3.7,2,94373.12,1,4164347.24,677.6,41,0.903,8.7,Samsung,50514,22,2,0,0,,0
C101191,39,M,Самара,1185470,married,3,bachelor,self_employed,140205,1,0,18.0,5,133531.67,1,1928090.74,692.9,26,0.529,14.9,Apple,149374,3,5,1,1,1.0,1
C101192,48,M,Самара,1185373,married,2,secondary,employed,57798,0,0,7.8,3,36326.22,1,759365.86,606.4,26,0.775,1.3,Xiaomi,14515,32,3,1,0,,0
C101193,39,M,Санкт-Петербург,5318032,single,1,bachelor,employed,110701,0,1,6.8,2,223159.91,1,254186.56,666.8,33,0.87,5.4,Samsung,52545,14,2,0,0,,0
C101194,49,F,Ростов-на-Дону,1115895,married,2,bachelor,employed,81604,0,0,12.0,4,23267.74,1,999098.77,577.6,19,0.507,3.2,Xiaomi,25739,17,0,0,1,0.0,0
C101195,47,M,Новосибирск,1741361,married,0,secondary,employed,65966,0,0,9.2,2,39922.99,1,127138.83,657.9,15,0.217,0.5,Xiaomi,9593,39,4,0,0,,0
C101196,24,F,Нижний Новгород,1201837,single,0,bachelor,self_employed,48768,0,0,6.0,1,25987.08,0,,528.1,23,0.903,3.2,Xiaomi,14626,20,4,0,0,,0
C101197,28,M,Новосибирск,1648785,single,0,bachelor,employed,87089,0,0,10.0,3,156459.93,0,,660.8,35,0.887,10.9,Apple,101768,2,2,0,1,0.0,1
C101198,62,F,Челябинск,1145527,married,3,bachelor,employed,54359,0,0,2.7,1,96054.52,1,862951.8,624.9,10,0.334,1.2,Other,6775,46,0,1,1,0.0,0
C101199,62,F,Ростов-на-Дону,1150137,married,2,bachelor,employed,58774,1,1,13.2,1,30395.29,1,842130.44,608.9,8,0.283,2.6,Huawei,15358,32,3,0,1,1.0,0
C101200,64,F,Казань,1268786,single,0,bachelor,employed,50536,0,1,7.3,3,57966.47,0,,644.6,22,0.602,1.2,Xiaomi,23174,14,4,0,1,3.0,0
C101201,60,M,Казань,1302542,married,0,secondary,employed,31634,0,0,8.1,1,18319.7,0,,593.9,4,0.376,0.9,Other,8130,42,2,0,1,0.0,0
C101202,28,F,Москва,13259568,married,0,bachelor,employed,252891,1,0,5.4,5,682994.36,1,6830382.16,775.0,50,0.937,15.2,Apple,109832,42,5,0,0,,1
C101203,48,M,Екатеринбург,1500416,married,2,secondary,employed,53108,1,0,4.8,3,26150.2,0,,632.9,18,0.664,3.4,Xiaomi,19472,25,5,0,1,0.0,0
C101204,37,M,Москва,12885256,single,0,secondary,employed,68679,0,1,6.5,3,23019.72,1,688593.75,679.6,36,0.848,18.2,Xiaomi,17218,34,6,1,1,0.0,1
C101205,59,F,Ростов-на-Дону,1180745,married,1,bachelor,employed,37241,0,0,8.7,3,7531.36,0,,584.0,12,0.633,0.3,Google,54043,20,1,0,0,,0
C101206,55,M,Краснодар,1084744,married,1,secondary,employed,72805,0,0,14.1,2,176624.75,1,423919.49,608.7,17,0.479,1.2,Xiaomi,21209,22,5,1,1,1.0,0
C101207,27,M,Омск,1148504,single,1,bachelor,employed,48500,0,0,9.0,2,27563.23,0,,465.2,25,0.955,2.6,Apple,35834,35,2,1,0,,0
C101208,65,F,Екатеринбург,1521784,married,2,bachelor,employed,37448,1,1,4.9,4,25002.11,1,518081.7,592.3,9,0.436,1.2,OnePlus,17272,25,1,0,1,1.0,0
C101209,23,M,Нижний Новгород,1243956,single,0,bachelor,employed,33878,0,0,5.0,1,44279.81,1,294538.26,564.8,20,0.766,1.8,OnePlus,26352,41,0,0,0,,0
C101210,43,M,Москва,12470369,single,0,phd,employed,169299,1,1,8.4,5,305962.51,1,1240289.58,701.4,37,0.933,3.1,Xiaomi,32750,18,2,0,0,,0
C101211,28,M,Ростов-на-Дону,1195922,single,0,master,employed,182313,1,0,7.3,3,62739.92,1,3204242.58,609.0,38,0.887,0.9,Samsung,98718,23,3,1,1,1.0,1
C101212,65,M,Уфа,1141217,married,2,bachelor,employed,44368,0,1,6.9,2,89056.07,1,225086.1,614.4,10,0.34,0.7,Google,42474,28,1,1,1,1.0,0
C101213,31,M,Уфа,1233266,single,1,secondary,employed,47632,0,1,6.6,1,8566.44,1,1405160.87,598.2,21,0.96,1.3,Samsung,30355,28,0,0,0,,0
C101214,61,M,Нижний Новгород,1229935,married,2,bachelor,employed,70008,1,0,4.8,2,152764.38,1,723837.78,641.0,29,0.662,3.5,Huawei,37701,13,4,0,1,0.0,0
C101215,39,M,Новосибирск,1616820,single,0,bachelor,employed,102682,1,1,7.2,1,110554.56,1,880657.24,676.7,42,0.896,2.4,Xiaomi,21452,48,2,1,0,,0
C101216,29,M,Краснодар,1124486,single,0,bachelor,unemployed,42376,0,0,3.2,3,37568.88,0,,630.3,18,0.785,7.2,Other,5851,48,1,0,1,0.0,0
C101217,70,F,Уфа,1083903,married,2,secondary,employed,42140,0,1,0.7,1,33333.69,0,,540.4,10,0.422,,Other,7473,39,0,0,1,0.0,0
C101218,35,M,Казань,1355884,single,1,secondary,employed,34787,0,1,4.9,2,30718.88,1,271741.52,619.9,12,0.694,6.1,Other,8188,15,1,1,0,,0
C101219,46,F,Ростов-на-Дону,1137094,married,0,secondary,employed,43036,0,1,11.6,2,41816.98,1,339426.97,586.8,25,0.66,8.2,Samsung,36689,13,0,0,1,0.0,0
C101220,59,F,Уфа,1077087,single,1,secondary,employed,60900,0,1,6.4,1,31362.51,0,,537.1,16,0.497,4.0,Samsung,31664,11,0,0,1,1.0,0
C101221,24,F,Нижний Новгород,1263409,single,0,master,employed,65379,1,0,1.6,1,67893.99,1,410986.51,538.3,22,0.567,1.6,Xiaomi,26350,8,2,1,1,1.0,0
C101222,44,F,Омск,1157487,married,1,bachelor,employed,139708,1,1,3.7,4,410902.12,1,1101131.26,678.5,31,0.644,3.9,Samsung,103928,2,2,1,1,0.0,1
C101223,64,F,Ростов-на-Дону,1157110,married,3,master,self_employed,86178,0,0,25.4,2,211665.39,1,409452.42,609.8,30,0.544,4.4,Samsung,30083,21,4,0,1,0.0,0
C101224,32,M,Уфа,1108489,single,0,master,employed,88979,0,1,2.7,3,55702.91,1,311653.21,669.9,32,0.897,13.2,Samsung,33630,32,2,0,1,1.0,1
C101225,31,F,Новосибирск,1633278,single,0,bachelor,employed,29819,1,0,6.7,5,8128.17,0,,595.9,14,0.779,2.9,Xiaomi,18580,23,4,0,0,,0
C101226,57,M,Санкт-Петербург,5373381,married,1,bachelor,employed,125089,0,1,14.6,3,134694.65,1,8452562.6,670.4,28,0.488,1.2,Apple,114935,18,6,0,0,,0
C101227,34,M,Москва,12272657,single,0,bachelor,employed,84170,1,0,6.1,3,91438.08,1,536267.71,554.3,31,0.807,1.8,Apple,67266,13,0,0,0,,0
C101228,59,F,Москва,12388210,married,0,secondary,employed,93376,0,0,6.4,8,645847.18,0,,658.6,23,0.424,2.7,Other,10868,10,5,0,1,2.0,0
C101229,34,M,Самара,1226293,single,0,secondary,employed,34254,1,0,15.8,4,12641.64,0,,648.1,15,0.755,5.6,Huawei,20352,10,5,1,0,,0
C101230,46,F,Краснодар,1060581,married,1,bachelor,employed,58585,1,0,3.5,2,74853.67,1,1144964.03,433.0,34,0.904,5.2,Xiaomi,17285,45,7,0,1,1.0,0
C101231,48,F,Ростов-на-Дону,1133087,married,1,secondary,employed,26151,0,0,11.0,1,12697.26,0,,645.0,9,0.723,4.1,Xiaomi,6506,21,1,0,1,0.0,0
C101232,32,M,Санкт-Петербург,5397663,married,1,bachelor,self_employed,96530,0,0,6.5,1,131822.79,1,430335.29,649.5,30,0.645,7.3,Samsung,43637,17,2,0,1,1.0,1
C101233,30,F,Москва,12550936,single,0,bachelor,employed,74705,0,1,4.0,1,41638.87,0,,661.8,30,0.919,6.0,Samsung,33114,28,6,1,0,,0
C101234,20,F,Самара,1157306,single,0,bachelor,employed,38907,0,0,2.0,1,17820.78,0,,,15,0.772,7.8,Xiaomi,24708,20,1,0,0,,0
C101235,27,M,Новосибирск,1628972,single,0,bachelor,employed,85729,1,0,9.0,3,94325.89,1,1064665.81,587.7,33,0.977,5.7,Samsung,36747,25,2,0,1,0.0,1
C101236,26,F,Краснодар,1084307,single,0,secondary,self_employed,55023,1,1,4.9,2,56972.94,1,242301.87,648.2,31,0.841,7.3,Xiaomi,18346,17,3,0,0,,0
C101237,41,M,Санкт-Петербург,5096442,married,1,phd,employed,206761,1,1,23.0,3,741162.38,1,2374558.46,719.0,36,0.786,13.4,Xiaomi,44749,15,6,1,1,0.0,1
C101238,62,F,Челябинск,1197919,married,2,secondary,employed,11358,0,0,8.4,1,6612.24,0,,376.0,2,0.491,0.9,Xiaomi,7181,31,0,0,1,0.0,0
C101239,64,M,Москва,12730793,married,3,master,employed,130373,1,1,21.9,3,75553.87,0,,721.6,25,0.385,5.6,Huawei,36056,13,2,1,0,,0
C101240,43,M,Челябинск,1119030,married,3,bachelor,employed,37181,0,0,11.3,3,38391.6,0,,638.9,10,0.745,1.4,Xiaomi,14422,41,1,0,0,,0
C101241,22,M,Москва,12513353,single,0,secondary,employed,79773,0,0,4.0,1,46376.99,1,589486.46,599.1,34,0.97,9.1,Xiaomi,22263,10,4,0,1,1.0,0
C101242,28,F,Челябинск,1173871,single,1,master,employed,93123,0,1,7.3,3,51160.06,0,,657.2,25,0.889,6.7,Huawei,35312,4,1,0,0,,0
C101243,28,F,Нижний Новгород,1201874,single,0,master,employed,70189,0,0,8.0,2,28682.63,0,,714.2,22,0.8,0.7,Xiaomi,14839,48,2,0,1,3.0,0
C101244,32,M,Санкт-Петербург,5358034,single,1,secondary,employed,70314,1,0,10.9,3,84528.76,0,,669.4,38,0.974,7.4,Samsung,59474,4,3,1,0,,1
C101245,46,M,Самара,1128958,single,1,master,employed,88623,0,1,12.0,5,84465.31,1,583835.51,667.5,26,0.94,3.4,Samsung,50631,7,3,0,1,0.0,1
C101246,36,M,Казань,1311480,married,2,bachelor,employed,76080,1,0,9.9,2,105126.1,1,1117350.92,633.5,39,0.732,3.8,Xiaomi,30560,17,1,0,1,1.0,0
C101247,44,M,Омск,1065129,married,4,secondary,employed,39435,0,0,10.7,1,25626.17,1,518129.18,568.3,11,0.417,2.9,Xiaomi,22544,17,0,0,0,,0
C101248,33,F,Екатеринбург,1522845,single,0,bachelor,self_employed,30245,0,1,14.3,4,21963.84,0,,566.5,8,0.68,0.9,Other,5484,37,4,0,0,,0
C101249,45,F,Самара,1156150,married,5,secondary,employed,32129,0,0,10.9,2,12816.67,1,245631.86,535.6,16,0.756,1.5,Xiaomi,23478,9,0,0,0,,0
C101250,41,F,Челябинск,1139573,married,3,secondary,employed,72896,1,1,8.0,4,104864.08,0,,654.2,26,0.615,17.6,Huawei,33139,6,2,0,1,1.0,1
C101251,18,F,Новосибирск,1601815,single,0,master,employed,208167,0,0,0.0,5,186788.72,0,,,42,0.775,18.4,Samsung,77173,11,1,0,1,1.0,1
C101252,23,F,Новосибирск,1694725,single,0,bachelor,employed,61567,1,0,5.0,3,23337.5,0,,615.4,32,0.914,2.4,Samsung,49993,3,1,1,0,,1
C101253,64,M,Челябинск,1104093,married,5,bachelor,employed,46874,1,1,1.7,2,78543.46,1,1140029.96,594.0,9,0.425,0.6,Xiaomi,18602,12,1,0,0,,0
C101254,33,F,Екатеринбург,1486490,married,1,secondary,employed,24636,0,0,15.0,3,15814.77,1,71985.88,507.5,10,0.746,4.6,Xiaomi,24252,10,2,0,0,,0
C101255,46,M,Нижний Новгород,1224461,married,4,bachelor,employed,86640,1,0,2.4,1,154451.89,1,418446.01,621.2,23,0.486,0.3,Xiaomi,18616,24,3,0,1,1.0,0
C101256,33,M,Москва,12027764,single,0,secondary,employed,79376,0,0,15.0,5,19628.93,0,,667.2,34,0.987,3.1,Other,11537,19,1,0,0,,0
C101257,36,F,Москва,12246216,single,1,bachelor,employed,181867,1,0,14.0,5,1095053.56,0,,726.8,44,0.894,4.6,Samsung,80831,5,4,1,0,,1
C101258,62,F,Омск,1126368,single,1,bachelor,employed,42434,1,0,5.4,1,19423.3,1,105663.1,591.4,2,0.148,0.9,Other,9380,21,2,0,0,,0
C101259,30,M,Омск,1106607,single,0,secondary,employed,42867,0,0,7.8,1,15758.56,0,,565.5,21,0.873,11.4,Huawei,15538,25,0,0,1,1.0,0
C101260,46,M,Омск,1168101,married,2,secondary,employed,50546,1,1,8.5,2,32081.82,0,,703.3,11,0.361,3.4,Samsung,63884,9,0,0,1,1.0,1
C101261,41,M,Уфа,1137674,single,0,master,employed,117416,1,1,1.5,4,262174.51,1,3917681.52,581.3,39,0.71,7.0,Xiaomi,36720,32,2,1,1,0.0,1
C101262,61,M,Казань,1276347,married,4,secondary,employed,50716,1,1,3.3,1,47276.93,1,745657.47,580.9,6,0.259,1.2,Huawei,14754,48,1,0,1,0.0,0
C101263,52,M,Краснодар,1078170,divorced,0,bachelor,employed,66296,0,1,2.1,1,83640.96,0,,563.9,25,0.83,,Samsung,43814,37,2,0,0,,0
C101264,49,M,Ростов-на-Дону,1157349,married,2,master,employed,69789,1,0,4.3,3,19166.13,1,998136.36,698.7,24,0.61,5.1,Huawei,40480,18,0,0,0,,0
C101265,50,F,Омск,1093915,married,1,secondary,employed,61379,0,1,4.2,1,38613.52,1,689509.95,603.3,27,0.786,5.1,Xiaomi,21076,34,0,0,1,1.0,0
C101266,24,M,Москва,12516024,single,0,secondary,employed,76569,0,0,6.0,2,89909.25,0,,590.8,38,0.99,9.0,Samsung,47764,19,3,1,0,,1
C101267,38,F,Нижний Новгород,1218508,married,0,master,employed,30246,1,0,8.7,1,20122.04,0,,595.6,9,0.797,3.5,Xiaomi,13718,28,2,0,1,0.0,0
C101268,36,F,Казань,1300235,married,3,bachelor,employed,192217,1,1,14.3,5,81928.41,1,2607473.25,685.3,44,0.937,5.4,Apple,90181,7,4,1,1,0.0,1
C101269,65,M,Москва,12150729,married,3,master,employed,82958,1,1,13.2,2,272824.77,0,,674.0,19,0.523,2.2,Other,12279,9,3,0,1,0.0,0
C101270,25,F,Екатеринбург,1460991,single,0,bachelor,employed,140531,0,0,4.3,7,74614.99,0,,741.1,45,0.945,5.6,Apple,149412,11,3,0,1,0.0,1
C101271,30,F,Москва,13075126,single,0,master,employed,163266,0,1,6.5,2,416429.25,1,563650.5,677.7,58,0.971,11.1,Apple,87282,9,5,1,0,,1
C101272,55,F,Нижний Новгород,1231700,married,1,master,employed,62706,0,0,2.7,3,143809.24,1,822484.58,572.8,23,0.422,2.0,Huawei,15341,48,1,0,1,1.0,0
C101273,63,F,Казань,1382640,married,1,master,employed,80105,1,1,4.3,4,107823.07,1,818923.75,639.1,12,0.15,2.6,Samsung,82810,12,4,0,1,1.0,1
C101274,20,M,Санкт-Петербург,4862394,single,0,bachelor,self_employed,94403,0,0,2.0,3,33403.14,0,,662.9,38,0.951,8.2,Samsung,90977,10,3,0,1,0.0,1
C101275,54,F,Самара,1206437,married,2,secondary,employed,67565,1,0,0.5,2,34854.04,1,747994.01,605.4,12,0.309,2.3,Samsung,52823,12,2,0,1,0.0,0
C101276,30,F,Уфа,1107964,single,0,secondary,employed,35329,1,0,9.7,1,12811.65,1,238329.12,597.0,25,0.921,3.2,Other,9386,5,1,0,1,0.0,0
C101277,46,M,Екатеринбург,1532857,single,2,secondary,employed,57643,0,1,1.3,2,43765.77,1,542738.5,578.7,21,0.79,1.5,Other,16376,5,1,0,0,,0
C101278,58,F,Москва,12228013,married,1,bachelor,employed,89067,1,0,6.4,5,48056.01,0,,624.0,24,0.653,3.7,Xiaomi,21830,19,8,1,1,1.0,0
C101279,62,F,Казань,1309577,married,2,secondary,employed,77580,1,0,12.3,2,321013.23,1,1477991.84,578.2,19,0.505,6.8,Samsung,65551,7,3,0,1,0.0,0
C101280,41,F,Новосибирск,1580531,single,0,secondary,unemployed,19574,0,0,3.7,1,7126.37,1,282358.69,431.0,2,0.602,1.5,Xiaomi,16278,5,1,0,1,0.0,0
C101281,43,M,Москва,13094009,married,5,secondary,employed,144569,1,1,3.9,3,288984.73,1,988172.6,756.8,36,0.892,6.4,Apple,113408,34,5,0,1,0.0,1
C101282,35,F,Москва,12876417,single,1,bachelor,employed,217137,1,0,2.6,4,693587.2,1,4903641.75,626.0,38,0.724,5.1,Apple,149412,6,6,0,1,1.0,1
C101283,55,F,Ростов-на-Дону,1106397,married,2,bachelor,employed,73963,1,1,10.9,3,63451.56,0,,615.0,17,0.326,1.7,Samsung,39027,26,5,1,0,,0
C101284,29,F,Челябинск,1180587,single,0,secondary,employed,83088,1,0,8.1,1,25723.57,1,2199947.36,568.7,29,0.71,0.6,Samsung,58664,8,4,1,1,1.0,1
C101285,53,F,Санкт-Петербург,5360834,married,1,secondary,employed,146146,1,1,3.9,1,274958.02,1,336420.27,744.8,29,0.657,1.4,Samsung,65865,7,0,0,1,0.0,1
C101286,28,M,Казань,1355249,single,0,bachelor,employed,42095,0,0,2.0,2,20693.3,0,,575.6,15,0.612,4.6,Xiaomi,13328,32,3,0,0,,0
C101287,63,F,Самара,1204007,married,3,secondary,employed,29183,0,0,15.9,1,12896.04,1,434057.18,499.4,8,0.516,1.8,Other,7982,17,0,0,0,,0
C101288,27,F,Санкт-Петербург,5343964,single,0,bachelor,employed,49829,1,0,1.9,1,21293.62,0,,,22,0.723,5.9,Xiaomi,18131,6,2,0,1,0.0,0
C101289,23,F,Самара,1135388,single,0,bachelor,employed,90913,1,0,3.7,4,77385.93,0,,667.5,35,0.986,7.6,Samsung,64183,24,4,0,1,1.0,1
C101290,43,F,Москва,12847678,married,0,master,employed,331564,1,0,19.1,3,394979.17,0,,741.0,48,0.756,12.1,Apple,116840,19,2,0,1,0.0,1
C101291,21,M,Омск,1130511,single,0,bachelor,employed,47281,0,0,3.0,1,11950.86,0,,,20,0.575,7.6,Huawei,23400,24,0,0,0,,0
C101292,65,F,Санкт-Петербург,5164680,married,3,master,employed,68523,1,1,23.6,5,68949.58,0,,603.3,14,0.266,1.9,Apple,49985,33,3,0,1,0.0,0
C101293,72,M,Ростов-на-Дону,1146419,single,0,secondary,employed,33450,0,0,6.8,3,62495.84,0,,563.7,2,0.147,,Xiaomi,17501,4,1,0,1,2.0,0
C101294,43,M,Ростов-на-Дону,1124669,single,0,bachelor,employed,118255,1,1,2.9,2,100707.13,0,,,34,0.742,2.9,Samsung,40586,39,4,0,0,,0
C101295,40,F,Краснодар,1109204,married,2,secondary,self_employed,150616,1,1,8.2,3,213301.24,0,,743.7,53,0.914,12.2,Xiaomi,32185,28,2,0,1,1.0,1
C101296,35,M,Краснодар,1040836,married,3,bachelor,employed,49649,1,0,7.2,1,19565.49,1,629510.48,636.2,19,0.649,7.6,Samsung,29827,19,3,0,0,,0
C101297,41,F,Краснодар,1103787,married,2,bachelor,employed,145023,0,1,11.3,2,77263.39,1,1048183.62,624.5,30,0.801,5.3,Samsung,55033,18,5,0,0,,0
C101298,35,M,Санкт-Петербург,5335444,single,0,master,employed,214728,1,1,4.7,5,625610.72,1,2583641.96,850.0,54,0.81,10.7,Apple,101766,21,4,0,1,1.0,1
C101299,21,F,Москва,12104360,single,0,bachelor,employed,158813,0,1,3.0,1,99544.16,0,,795.9,49,0.924,11.9,Samsung,82155,12,2,1,0,,1
C101300,41,M,Москва,12703166,married,3,secondary,employed,118183,1,0,7.6,4,68594.16,1,1126539.64,595.6,33,0.939,7.9,Apple,130583,2,1,0,0,,1
C101301,56,M,Омск,1134596,married,2,secondary,employed,70555,1,1,15.4,4,58227.81,1,409365.39,635.4,14,0.295,1.0,Samsung,65477,7,2,0,1,0.0,1
C101302,30,M,Ростов-на-Дону,1138025,married,1,bachelor,student,38058,0,0,6.0,1,48739.37,1,337435.47,634.4,15,0.663,1.6,Xiaomi,20294,22,0,0,1,0.0,0
C101303,55,F,Челябинск,1192803,married,2,secondary,employed,34487,0,1,4.8,1,41702.6,1,173616.43,452.9,9,0.436,0.4,OnePlus,46631,2,1,0,1,0.0,0
C101304,58,F,Санкт-Петербург,5370407,married,3,secondary,self_employed,90620,1,1,5.2,2,149048.03,0,,624.3,18,0.503,5.8,Other,9035,38,0,0,1,0.0,0
C101305,48,M,Уфа,1118006,married,3,secondary,employed,83746,0,0,3.2,3,63545.09,1,400953.02,760.1,28,0.696,1.7,Samsung,38717,22,4,0,1,1.0,0
C101306,32,F,Челябинск,1216594,married,1,bachelor,employed,96582,0,0,6.0,4,144711.16,1,423120.04,620.7,28,0.767,4.2,Apple,49684,25,3,0,1,1.0,1
C101307,19,F,Нижний Новгород,1249924,single,0,bachelor,employed,56571,0,0,1.0,3,25193.26,0,,551.4,28,0.851,8.9,Google,57888,19,0,1,1,0.0,1
C101308,29,M,Краснодар,1114409,married,0,bachelor,self_employed,187870,1,1,11.0,4,119960.35,0,,798.6,43,0.742,6.7,Apple,117656,2,3,0,1,1.0,1
C101309,23,F,Омск,1095680,single,1,secondary,employed,50943,0,0,5.0,1,23463.93,0,,669.3,12,0.559,15.6,Samsung,39956,20,5,1,1,0.0,1
C101310,18,F,Ростов-на-Дону,1085986,single,0,bachelor,employed,57103,0,1,0.0,1,35337.18,1,828605.21,618.5,23,0.792,4.2,Samsung,34788,41,0,0,0,,0
C101311,39,F,Нижний Новгород,1236725,married,2,secondary,employed,41059,0,0,1.2,2,17840.57,0,,,14,0.888,2.1,Xiaomi,21585,20,2,1,0,,0
C101312,42,M,Казань,1319346,single,0,secondary,self_employed,56107,0,0,4.9,1,24180.95,0,,538.4,27,0.802,5.9,Xiaomi,28871,2,4,1,1,1.0,1
C101313,39,M,Нижний Новгород,1275779,married,2,master,employed,128662,1,0,7.2,2,150903.42,1,5298025.29,714.8,41,0.884,2.1,Apple,72980,48,3,0,1,3.0,1
C101314,36,M,Самара,1179514,single,0,bachelor,employed,49372,0,1,14.0,1,29634.05,1,214004.4,574.6,15,0.772,4.5,Apple,61671,21,1,0,0,,0
C101315,45,M,Москва,12452505,single,0,master,employed,123735,0,1,5.0,2,127927.1,1,3224825.16,616.8,48,0.97,2.4,Huawei,43183,20,2,1,1,0.0,1
C101316,51,F,Уфа,1070875,married,0,secondary,employed,100057,1,1,2.4,6,154471.02,1,2533825.01,766.0,17,0.442,2.4,Samsung,44254,23,7,0,0,,0
C101317,55,F,Москва,12627330,married,2,master,employed,112893,1,0,3.2,1,507417.01,1,1798289.97,582.4,34,0.667,1.6,Xiaomi,36837,7,4,0,0,,0
C101318,52,M,Омск,1186578,married,3,secondary,employed,40378,0,0,9.2,1,63558.61,0,,675.8,16,0.689,2.3,Other,4782,34,2,1,0,,0
C101319,31,F,Екатеринбург,1473032,married,1,bachelor,employed,69957,1,0,2.0,1,29440.16,1,979584.25,588.3,26,0.81,4.2,Huawei,33196,33,0,0,0,,0
C101320,45,M,Омск,1159426,married,0,secondary,self_employed,39983,0,1,3.7,1,32259.65,1,632938.22,503.6,13,0.562,1.4,Huawei,13613,29,2,0,0,,0
C101321,29,M,Москва,12890140,single,0,master,employed,80569,0,0,11.0,1,26170.74,1,635152.69,657.9,36,0.88,2.5,Samsung,41393,17,1,0,0,,0
C101322,59,F,Уфа,1110951,married,3,bachelor,self_employed,71763,0,1,6.3,3,47091.01,0,,617.0,15,0.645,,Xiaomi,26925,12,4,0,0,,0
C101323,33,F,Казань,1300450,single,0,bachelor,employed,40764,0,0,11.4,2,8495.77,1,478432.45,632.3,22,0.744,7.7,Other,11748,19,0,0,0,,0
C101324,33,F,Челябинск,1176342,single,0,bachelor,employed,39476,0,0,7.6,1,34128.26,0,,653.0,18,0.692,6.1,Other,4144,7,0,1,0,,0
C101325,48,F,Омск,1167648,married,1,bachelor,employed,79893,0,0,8.7,3,66382.2,1,1852822.07,745.0,32,0.69,4.5,Other,10817,20,4,0,0,,0
C101326,43,F,Краснодар,1101149,single,1,bachelor,employed,89337,1,1,12.8,2,101195.94,1,1563188.15,657.4,18,0.37,6.1,Samsung,43201,7,2,0,0,,0
C101327,27,M,Самара,1092865,single,0,secondary,employed,47464,0,1,9.0,2,21012.26,1,547227.63,660.8,22,0.706,9.5,OnePlus,43495,10,2,0,1,2.0,1
C101328,27,M,Москва,12685851,single,0,bachelor,employed,89554,0,0,2.1,2,20666.21,0,,,29,0.794,1.9,Xiaomi,29569,14,1,0,0,,0
C101329,39,F,Уфа,1196559,single,0,bachelor,unemployed,28573,1,0,10.6,5,50561.1,1,134175.17,600.0,11,0.604,2.6,Xiaomi,8376,35,3,0,0,,0
C101330,35,M,Нижний Новгород,1228910,single,0,bachelor,employed,119850,1,1,7.3,3,208714.03,0,,686.7,38,0.845,2.7,Samsung,75519,14,6,0,0,,1
C101331,26,F,Москва,12930885,single,1,secondary,employed,98983,0,0,0.8,4,48934.5,1,1034639.61,637.5,45,0.939,16.9,Samsung,61304,9,6,0,0,,1
C101332,40,M,Уфа,1106755,divorced,3,master,employed,123655,0,0,9.9,1,253489.6,1,1223299.54,729.4,25,0.877,2.1,Samsung,58363,22,1,0,1,0.0,1
C101333,42,F,Новосибирск,1605664,married,1,secondary,employed,176235,1,1,1.5,2,203691.43,1,9545542.31,631.2,43,0.521,6.8,Xiaomi,60112,5,4,0,0,,0
C101334,22,F,Уфа,1154684,single,0,bachelor,employed,31209,0,0,0.8,1,46522.73,1,307536.3,547.1,22,0.877,2.9,Samsung,27417,26,2,0,0,,0
C101335,50,F,Самара,1215281,married,1,secondary,employed,42321,0,1,6.4,3,32553.81,1,319698.33,672.7,15,0.501,5.5,Apple,61452,3,3,0,1,1.0,1
C101336,51,F,Новосибирск,1682271,single,0,secondary,employed,41994,0,0,5.5,1,37837.34,0,,574.5,15,0.426,1.3,Xiaomi,22969,5,0,0,0,,0
C101337,64,F,Уфа,1126522,divorced,2,secondary,employed,38468,0,0,4.5,2,21910.44,0,,544.9,6,0.452,0.5,Huawei,14944,45,0,0,0,,0
C101338,61,M,Москва,12782241,married,1,bachelor,employed,69588,1,0,21.0,6,65354.19,0,,626.3,18,0.56,1.2,Huawei,35941,16,2,1,1,0.0,0
C101339,38,F,Москва,12117232,single,0,master,employed,294466,1,1,1.9,4,746356.74,1,7577203.77,754.2,44,0.808,4.8,Samsung,149412,5,3,1,1,1.0,1
C101340,29,F,Москва,12966437,married,1,master,employed,131299,0,1,3.4,2,113097.19,0,,,42,0.927,1.5,Samsung,53812,18,5,1,1,0.0,1
C101341,37,F,Москва,12896636,married,1,bachelor,employed,294333,1,0,4.9,4,1469027.44,1,6923071.87,775.0,68,0.962,29.3,Apple,149412,2,2,1,1,0.0,1
C101342,28,F,Нижний Новгород,1237702,single,0,master,employed,116833,0,1,5.9,8,274950.17,1,2242458.47,765.6,34,0.803,5.9,Xiaomi,28357,19,5,1,1,0.0,1
C101343,42,M,Самара,1159675,single,1,master,employed,43896,1,0,5.1,3,44591.65,1,410154.35,524.0,29,0.926,1.4,Xiaomi,30877,5,1,0,0,,0
C101344,61,M,Нижний Новгород,1207558,married,3,secondary,employed,27611,0,0,10.4,3,6542.86,0,,658.2,2,0.413,0.6,Xiaomi,21575,14,3,0,0,,0
C101345,26,F,Уфа,1223725,single,1,secondary,employed,51490,0,0,2.1,3,76478.27,0,,638.2,20,0.661,3.1,Xiaomi,8581,48,2,0,0,,0
C101346,44,M,Уфа,1188960,married,3,secondary,employed,65742,0,0,5.2,3,49477.69,1,289004.25,580.3,32,0.787,5.4,Huawei,28143,21,3,0,0,,0
C101347,38,F,Москва,12252647,single,0,bachelor,employed,145992,0,1,9.5,2,240360.89,1,2350269.47,732.7,46,0.801,6.3,Apple,112690,3,4,0,1,2.0,1
C101348,34,M,Санкт-Петербург,5288149,single,0,secondary,employed,105897,0,0,9.2,5,299050.14,1,995093.85,704.4,36,0.792,4.4,Samsung,68184,8,3,0,1,1.0,1
C101349,54,M,Краснодар,1062397,married,4,secondary,employed,48672,0,1,1.9,1,45640.81,0,,,12,0.338,1.5,Xiaomi,19277,31,1,0,0,,0
C101350,31,F,Москва,12684425,married,1,bachelor,employed,117245,0,1,9.6,3,118344.58,1,1498491.55,,56,0.995,11.6,Apple,76492,7,3,1,1,0.0,1
C101351,25,F,Ростов-на-Дону,1168222,single,0,master,employed,82497,0,0,1.6,3,41689.19,1,674317.29,632.9,43,0.967,3.0,Samsung,27869,37,4,0,1,0.0,0
C101352,19,M,Омск,1151040,single,0,bachelor,employed,82970,0,0,1.0,2,48076.96,1,1142837.87,601.4,31,0.894,8.1,Xiaomi,20520,25,4,0,0,,0
C101353,37,F,Санкт-Петербург,5581987,married,3,secondary,employed,43256,0,0,1.5,1,27477.25,1,324766.11,520.1,9,0.52,1.3,Other,5558,36,1,0,0,,0
C101354,46,F,Омск,1069445,married,1,phd,employed,119058,1,1,4.1,3,58327.3,1,752085.47,693.0,27,0.592,13.0,Apple,81225,26,1,0,1,1.0,1
C101355,40,M,Санкт-Петербург,5410073,married,2,secondary,self_employed,100407,1,0,9.4,4,95372.09,1,659159.72,685.2,30,0.82,8.5,Xiaomi,37410,9,2,0,1,0.0,1
C101356,42,M,Ростов-на-Дону,1181050,married,0,master,employed,93343,1,0,10.2,2,78188.75,0,,593.7,23,0.436,4.8,Xiaomi,33105,3,1,0,0,,0
C101357,37,F,Казань,1299133,single,0,master,employed,93780,0,1,7.0,4,91756.15,1,509224.18,704.5,24,0.781,2.1,Samsung,33621,25,5,0,1,0.0,0
C101358,55,M,Екатеринбург,1517168,married,2,secondary,self_employed,78449,1,1,3.9,5,62253.83,1,357708.08,730.8,19,0.491,3.6,Xiaomi,31508,18,6,1,1,0.0,0
C101359,60,M,Казань,1311704,married,1,secondary,employed,88963,0,1,7.9,2,210634.23,0,,646.3,16,0.372,2.3,Samsung,96272,6,2,0,1,1.0,1
C101360,48,F,Нижний Новгород,1234689,married,2,phd,employed,174740,1,0,1.9,4,301704.95,1,2761449.43,644.7,40,0.752,8.9,Samsung,113841,1,8,0,1,0.0,1
C101361,62,F,Ростов-на-Дону,1144082,divorced,1,secondary,self_employed,54558,0,1,7.7,2,33360.68,1,291549.94,609.0,14,0.404,1.7,Samsung,42208,7,3,1,0,,0
C101362,71,M,Омск,1028058,divorced,3,secondary,employed,52171,0,1,6.6,2,63465.69,1,427131.62,587.9,8,0.202,,Other,14484,12,1,0,0,,0
C101363,65,M,Омск,1086397,married,1,secondary,employed,20851,0,0,5.3,1,11384.62,0,,575.5,3,0.38,0.6,Xiaomi,7534,48,1,0,0,,0
C101364,23,F,Казань,1341833,married,0,bachelor,employed,88571,1,0,4.1,2,207298.34,0,,732.6,29,0.842,0.4,Apple,60004,26,1,0,0,,0
C101365,32,M,Омск,1158920,single,0,bachelor,employed,66263,1,0,3.5,1,38628.72,0,,633.6,16,0.567,,Huawei,26374,48,2,0,1,1.0,0
C101366,23,M,Новосибирск,1664584,single,0,bachelor,employed,33303,0,0,5.0,2,19683.85,1,186877.37,526.6,24,0.836,7.5,Other,7390,24,2,0,0,,0
C101367,36,M,Самара,1153554,married,1,secondary,self_employed,62443,1,0,4.8,2,114523.18,1,623586.82,626.7,22,0.566,7.1,Xiaomi,16477,38,4,0,1,3.0,0
C101368,44,M,Санкт-Петербург,5399886,married,5,master,employed,142968,1,0,8.5,3,369801.77,1,655941.19,764.2,46,0.886,,Apple,62308,6,2,1,1,0.0,1
C101369,41,F,Новосибирск,1656929,single,1,secondary,employed,51872,0,0,12.3,3,40982.06,0,,655.9,21,0.729,5.9,Apple,85146,6,0,0,0,,1
C101370,32,F,Ростов-на-Дону,1178638,single,0,master,employed,120537,0,0,11.3,3,419414.35,1,1059127.38,616.4,38,0.899,6.3,Apple,87242,16,3,0,1,0.0,1
C101371,43,F,Москва,13353402,married,1,bachelor,employed,293470,1,0,6.0,3,383760.15,1,1483431.31,842.5,45,0.75,1.4,Apple,122191,1,3,0,1,0.0,1
C101372,39,M,Казань,1342497,married,1,secondary,self_employed,63439,0,0,7.9,2,142568.19,1,1911633.98,552.9,38,0.912,8.9,Xiaomi,15085,38,4,0,1,0.0,0
C101373,31,F,Москва,12433118,single,0,secondary,unemployed,35092,1,0,9.6,2,15332.91,0,,579.3,14,0.724,5.8,Xiaomi,12256,32,1,1,1,0.0,0
C101374,31,M,Нижний Новгород,1265039,single,0,secondary,employed,25301,0,0,4.8,1,14595.74,0,,445.1,14,0.784,7.9,Xiaomi,11268,6,0,0,0,,0
C101375,29,F,Санкт-Петербург,5220293,single,0,master,employed,65420,1,0,7.1,2,84902.52,1,862235.27,711.0,20,0.678,0.3,Samsung,32990,18,0,0,0,,0
C101376,39,M,Санкт-Петербург,5376374,married,3,master,employed,158858,1,1,1.3,1,95884.07,1,1064825.08,652.0,28,0.697,4.4,Apple,118197,20,1,0,1,1.0,1
C101377,60,F,Казань,1284650,married,2,secondary,employed,75082,1,0,2.2,1,156560.06,1,388353.74,654.8,13,0.642,0.8,Other,13038,13,3,1,1,1.0,0
C101378,41,F,Екатеринбург,1404767,married,1,bachelor,employed,161502,1,0,0.2,4,206145.28,1,2781236.28,704.0,38,0.805,7.3,Samsung,82205,10,4,1,0,,1
C101379,26,F,Москва,12588328,single,0,bachelor,employed,334090,1,0,3.5,4,587923.06,0,,722.1,51,0.78,12.1,Samsung,74165,6,1,1,1,0.0,1
C101380,47,M,Москва,12182506,married,1,master,employed,417589,1,1,17.3,7,633751.91,0,,789.4,51,0.902,12.8,Samsung,108833,34,3,1,1,1.0,1
C101381,23,M,Новосибирск,1722382,single,1,secondary,self_employed,50400,0,0,5.0,1,29930.85,0,,640.2,28,0.898,9.4,Xiaomi,12105,48,1,0,0,,0
C101382,66,F,Краснодар,1070595,single,1,bachelor,employed,19239,0,1,11.5,3,6879.5,0,,530.7,2,0.191,,Other,5647,30,1,0,0,,0
C101383,39,M,Новосибирск,1650038,married,0,master,employed,138414,1,0,6.3,3,90009.1,0,,749.8,22,0.605,8.6,Apple,110524,5,6,1,1,0.0,1
C101384,31,M,Самара,1146395,single,0,bachelor,employed,68185,0,0,9.2,4,106910.95,1,1065417.18,617.5,28,0.991,1.5,Xiaomi,21760,10,4,0,1,1.0,0
C101385,46,M,Санкт-Петербург,5428681,married,4,secondary,employed,78733,1,1,4.9,2,336131.64,1,2418351.18,614.8,24,0.764,1.7,Google,27529,43,2,0,0,,0
C101386,49,M,Самара,1065290,married,3,master,employed,283186,1,1,3.3,4,609927.61,1,7894262.37,761.1,46,0.57,4.3,Apple,136656,6,4,0,1,1.0,1
C101387,59,F,Москва,13005252,married,0,master,employed,123887,0,1,10.8,4,241568.38,0,,734.0,20,0.577,,Google,60777,11,3,0,1,0.0,1
C101388,23,M,Уфа,1152815,married,1,bachelor,employed,90005,0,0,5.0,2,93979.11,0,,622.7,43,0.967,9.6,Huawei,39324,17,1,0,1,1.0,1
C101389,63,M,Ростов-на-Дону,1052995,married,2,bachelor,employed,70897,0,1,7.7,1,176020.18,0,,574.8,17,0.442,0.3,Huawei,25432,5,1,0,0,,0
C101390,53,F,Челябинск,1201660,married,2,secondary,self_employed,101271,0,1,1.2,2,46554.92,1,1264719.88,686.0,39,0.782,4.2,Huawei,23245,14,2,1,1,1.0,0
C101391,40,F,Москва,12059033,married,4,bachelor,employed,296009,1,0,4.5,2,413018.53,1,6321083.14,780.3,47,0.773,3.9,Apple,109427,15,1,0,1,0.0,1
C101392,18,F,Москва,12388522,single,0,bachelor,self_employed,171424,1,0,0.0,5,217072.81,0,,733.4,51,0.992,26.1,Samsung,75500,8,4,1,1,1.0,1
C101393,46,M,Москва,12055917,single,0,master,self_employed,152735,0,1,5.5,3,242940.32,0,,622.2,33,0.706,8.3,Apple,130814,2,3,0,1,0.0,1
C101394,29,M,Москва,12486007,married,1,master,employed,96555,1,1,11.0,5,45424.72,1,2035516.3,683.3,41,0.913,6.3,Xiaomi,20574,21,6,1,1,0.0,1
C101395,29,F,Москва,12917848,married,0,master,employed,172905,0,0,2.4,3,129671.45,1,1134216.62,628.0,52,0.986,15.5,Huawei,32873,11,4,1,1,0.0,1
C101396,43,M,Омск,1079424,married,3,bachelor,employed,75382,0,1,1.9,2,234949.49,1,1055406.3,585.6,27,0.745,5.3,Other,18624,1,4,0,0,,0
C101397,32,F,Москва,12273300,single,0,secondary,employed,87926,1,0,5.6,1,48682.59,1,1020844.52,631.0,36,0.984,5.1,Samsung,41010,38,0,0,0,,0
C101398,41,F,Новосибирск,1630805,single,0,secondary,self_employed,141235,1,0,8.7,6,519959.78,0,,672.7,44,0.933,7.9,Apple,78607,10,7,1,1,0.0,1
C101399,64,F,Санкт-Петербург,5232583,married,1,secondary,employed,27619,0,1,10.6,1,12825.04,0,,587.1,2,0.416,1.7,Xiaomi,9309,14,2,0,1,0.0,0
C101400,72,M,Уфа,1195143,married,0,secondary,employed,54832,1,1,5.3,3,128669.7,1,707594.08,483.1,5,0.064,0.9,Xiaomi,20993,8,3,1,0,,0
C101401,28,F,Казань,1306721,single,0,bachelor,employed,117573,1,0,4.1,4,74452.74,0,,691.9,35,0.987,5.4,Apple,97247,9,2,0,1,0.0,1
C101402,47,M,Омск,1153272,married,3,bachelor,employed,136276,1,1,4.4,4,192979.17,1,2107603.11,798.4,44,0.711,2.9,Samsung,47433,20,7,0,1,0.0,1
C101403,62,F,Новосибирск,1624313,married,3,bachelor,unemployed,14089,0,0,4.8,1,20813.62,1,33566.86,468.1,2,0.258,0.2,Other,5585,42,0,0,0,,0
C101404,43,F,Нижний Новгород,1199056,single,0,secondary,employed,126030,1,0,25.0,5,118292.56,0,,756.7,41,0.918,8.2,Samsung,58462,17,1,0,1,0.0,1
C101405,38,F,Казань,1320074,married,3,bachelor,employed,85177,0,0,6.2,1,385346.05,1,384346.36,697.7,36,0.957,8.6,Samsung,60973,11,3,1,0,,1
C101406,37,M,Москва,12616172,single,0,master,self_employed,284929,0,1,9.1,7,726237.01,1,2920150.1,850.0,54,0.916,3.6,Samsung,143018,11,3,0,1,0.0,1
C101407,34,M,Санкт-Петербург,5608345,single,1,bachelor,self_employed,116213,1,1,5.9,3,236008.68,0,,646.2,36,0.971,8.7,Xiaomi,52280,11,5,1,1,0.0,1
C101408,27,F,Ростов-на-Дону,1127947,single,0,secondary,self_employed,46079,0,0,9.0,3,31166.98,0,,629.9,27,0.867,2.6,Samsung,43687,25,2,0,0,,0
C101409,23,F,Москва,13079487,single,0,bachelor,employed,193398,1,1,5.0,4,175072.81,1,3809230.34,748.1,46,0.964,14.7,Samsung,107319,3,0,0,1,0.0,1
C101410,28,M,Омск,1133102,married,2,bachelor,employed,34041,0,0,5.2,1,12787.42,0,,467.8,12,0.641,3.6,Xiaomi,16277,29,0,1,0,,0
C101411,66,F,Казань,1285158,single,0,bachelor,self_employed,140148,0,1,1.2,7,143383.13,0,,,20,0.435,3.8,Apple,85970,25,4,0,1,0.0,0
C101412,49,M,Уфа,1138370,married,1,secondary,employed,25894,0,0,24.8,1,8195.46,0,,561.4,2,0.387,2.7,Xiaomi,15378,10,4,0,0,,0
C101413,38,M,Казань,1337377,single,0,bachelor,employed,69499,1,1,20.0,2,39117.33,0,,598.0,23,0.688,1.8,Huawei,19154,41,1,0,1,0.0,0
C101414,37,M,Челябинск,1229116,married,1,bachelor,employed,62818,0,0,9.0,3,51147.6,1,661005.04,653.1,24,0.837,2.9,Apple,61230,18,2,0,0,,0
C101415,63,F,Челябинск,1187867,single,0,master,self_employed,44684,0,0,3.3,4,72225.89,0,,543.3,12,0.413,2.4,Xiaomi,20914,8,2,0,1,3.0,0
C101416,26,F,Самара,1165694,single,0,master,employed,55272,0,0,5.2,3,46762.17,1,94861.87,691.8,22,0.879,2.7,Xiaomi,34294,1,3,0,0,,0
C101417,35,M,Нижний Новгород,1255107,single,0,bachelor,employed,78596,0,0,4.2,4,46098.17,1,446501.47,565.6,30,0.737,5.2,Apple,43742,37,3,0,0,,0
C101418,18,F,Нижний Новгород,1231917,single,0,master,employed,39224,0,0,0.0,1,32766.81,1,181383.9,651.4,17,0.681,2.3,Other,8371,24,0,1,0,,0
C101419,44,M,Санкт-Петербург,5235242,married,1,secondary,employed,80931,0,1,6.9,2,63175.93,1,1012397.29,588.8,18,0.436,8.1,Xiaomi,18577,39,4,0,1,0.0,0
C101420,27,M,Самара,1107271,single,0,secondary,employed,42300,0,0,9.0,1,21768.54,0,,579.1,19,0.848,2.3,Other,10665,15,0,0,0,,0
C101421,50,F,Уфа,1100064,married,1,bachelor,employed,44444,0,0,4.0,2,26601.7,0,,542.2,5,0.402,0.5,Xiaomi,15249,17,0,0,0,,0
C101422,32,F,Санкт-Петербург,5644230,single,0,secondary,employed,62963,1,0,14.0,2,30442.87,0,,604.4,25,0.826,4.8,Samsung,24048,43,2,0,0,,0
C101423,31,F,Омск,1139402,single,0,bachelor,employed,70467,0,0,10.0,4,14699.76,1,964735.67,642.6,31,0.71,5.9,Xiaomi,34307,9,4,0,0,,0
C101424,34,F,Санкт-Петербург,5164933,single,0,bachelor,employed,76092,0,1,4.3,6,71265.06,1,536930.81,715.6,34,0.725,4.7,Xiaomi,26204,16,1,0,1,0.0,0
C101425,32,F,Челябинск,1221764,single,0,bachelor,self_employed,54920,0,0,9.6,3,45612.53,0,,578.2,29,0.763,12.8,Xiaomi,12132,24,2,0,0,,0
C101426,18,F,Москва,12827689,single,0,secondary,employed,94788,0,0,0.0,1,25620.4,0,,647.5,31,0.973,8.3,Samsung,71148,10,1,1,0,,1
C101427,28,M,Новосибирск,1638945,married,1,bachelor,employed,54900,0,1,1.6,3,28484.0,0,,484.4,23,0.605,6.9,Samsung,50496,19,3,0,0,,0
C101428,56,F,Казань,1344974,divorced,1,bachelor,employed,76554,1,0,3.7,3,98784.24,1,554049.55,684.3,23,0.746,1.3,Xiaomi,44507,7,3,1,1,1.0,1
C101429,27,M,Санкт-Петербург,5311427,single,0,bachelor,self_employed,45428,0,0,9.0,2,21268.49,0,,665.5,25,0.863,4.3,OnePlus,23476,28,1,0,0,,0
C101430,29,M,Санкт-Петербург,5460846,single,0,bachelor,employed,68182,0,0,11.0,2,84840.79,0,,637.7,23,0.917,4.9,Xiaomi,27130,13,0,0,1,1.0,0
C101431,30,M,Ростов-на-Дону,1171342,single,0,bachelor,self_employed,55968,0,0,6.7,1,48541.58,0,,715.5,26,0.89,13.6,Xiaomi,11292,48,2,0,1,2.0,0
C101432,30,F,Нижний Новгород,1244731,single,0,bachelor,employed,56093,0,0,3.3,2,18625.82,0,,491.2,25,0.504,4.4,Xiaomi,15305,19,2,0,0,,0
C101433,47,M,Екатеринбург,1462404,single,0,bachelor,self_employed,50370,1,1,3.0,2,41661.44,0,,,28,0.789,0.6,Google,42560,6,0,1,1,3.0,1
C101434,36,F,Ростов-на-Дону,1161496,single,0,bachelor,employed,38306,0,0,5.2,2,8037.26,1,429825.84,556.5,26,0.861,5.3,Xiaomi,21424,30,2,1,0,,0
C101435,18,F,Самара,1177785,single,0,bachelor,employed,81783,1,1,0.0,2,47110.62,0,,560.6,31,0.848,7.0,Samsung,45505,26,2,0,0,,0
C101436,34,F,Екатеринбург,1482251,married,0,bachelor,employed,160260,1,0,3.9,4,198743.58,1,982412.72,734.2,34,0.707,3.1,Apple,147400,8,3,1,0,,1
C101437,33,M,Уфа,1174526,single,0,bachelor,employed,76041,1,0,3.8,4,36227.11,0,,543.6,22,0.937,6.6,Google,61169,15,2,1,1,0.0,1
C101438,44,M,Ростов-на-Дону,1074685,married,0,secondary,employed,35642,0,0,5.0,1,11294.14,1,340569.46,565.7,9,0.604,0.4,Other,17432,3,0,0,0,,0
C101439,27,M,Екатеринбург,1442204,single,0,bachelor,employed,54528,1,0,5.6,2,19107.04,1,378008.92,586.1,29,0.81,4.7,Xiaomi,23281,27,2,1,1,0.0,0
C101440,35,F,Омск,1152080,single,0,bachelor,unemployed,40896,0,0,5.8,2,7480.02,1,118605.21,613.3,11,0.617,1.7,Xiaomi,24558,7,1,1,0,,0
C101441,24,F,Самара,1130169,single,0,master,employed,53743,0,0,6.0,1,19826.63,0,,526.4,25,0.887,10.6,Apple,60342,46,0,0,0,,0
C101442,23,F,Санкт-Петербург,5021642,single,0,bachelor,employed,157502,0,0,1.6,1,170926.92,1,4815414.95,694.6,43,0.997,8.4,Apple,112700,7,3,0,1,0.0,1
C101443,21,F,Омск,1104154,single,0,bachelor,employed,48715,0,0,3.0,1,33292.77,0,,641.6,19,0.816,7.7,Huawei,21499,13,2,0,0,,0
C101444,34,F,Екатеринбург,1448810,single,0,bachelor,employed,93621,1,0,2.8,3,85534.16,1,1927332.18,632.6,31,0.912,,Xiaomi,35739,11,2,1,0,,1
C101445,26,F,Санкт-Петербург,5383977,single,1,bachelor,employed,87776,0,1,8.0,2,59996.01,1,268143.92,648.7,20,0.896,2.5,Samsung,40237,19,3,1,0,,0
C101446,34,F,Челябинск,1233135,single,1,secondary,employed,51473,0,0,4.4,2,96444.93,1,749506.22,570.3,17,0.559,8.3,Xiaomi,15961,48,2,0,0,,0
C101447,66,M,Москва,12988022,married,1,secondary,employed,288315,1,1,4.2,3,325320.64,0,,821.8,42,0.784,7.8,Apple,149412,7,3,1,1,1.0,1
C101448,37,F,Москва,12184972,single,0,master,employed,207399,1,1,2.2,2,441518.92,1,1982994.96,703.1,58,0.898,5.1,Apple,104787,4,5,0,1,3.0,1
C101449,38,F,Санкт-Петербург,5328793,married,2,master,employed,103130,1,0,6.2,2,57328.47,1,847889.1,647.9,32,0.631,2.1,Samsung,63209,22,2,0,0,,0
C101450,32,M,Самара,1172080,married,1,master,employed,36177,0,0,14.0,5,16096.89,0,,532.2,19,0.837,1.7,Other,8281,8,1,1,0,,0
C101451,25,F,Екатеринбург,1522799,single,0,bachelor,employed,43805,0,0,5.1,2,14189.77,0,,557.6,23,0.958,8.3,Other,6947,10,2,1,0,,0
C101452,38,M,Самара,1164079,single,0,secondary,employed,45276,0,1,2.5,2,42051.22,1,181517.87,660.1,7,0.487,3.3,Xiaomi,16905,21,2,1,0,,0
C101453,42,M,Омск,1119654,single,1,secondary,self_employed,417589,1,1,3.5,5,340832.03,1,5648832.84,805.0,54,0.788,1.7,Samsung,133569,2,5,0,1,1.0,1
C101454,35,M,Екатеринбург,1481990,single,0,secondary,self_employed,97334,1,0,11.5,3,168866.68,1,726390.98,708.3,34,0.665,4.1,Xiaomi,29382,24,2,0,0,,0
C101455,43,F,Казань,1310115,single,1,bachelor,employed,204417,1,0,7.3,3,129241.88,1,980753.01,761.5,50,0.772,3.1,Samsung,127472,20,5,0,0,,1
C101456,18,F,Санкт-Петербург,5356462,single,0,master,employed,34673,0,0,0.0,3,20529.53,0,,557.0,17,0.997,1.9,Xiaomi,20814,12,3,0,0,,0
C101457,63,F,Челябинск,1124213,married,1,secondary,unemployed,14379,0,0,6.0,1,25145.0,0,,516.5,5,0.332,0.3,Huawei,7346,31,0,0,1,1.0,0
C101458,29,F,Москва,13133711,single,0,bachelor,employed,179364,1,0,9.9,1,315963.65,1,5410248.07,759.4,44,0.84,,Apple,100466,10,4,1,1,0.0,1
C101459,44,F,Ростов-на-Дону,1154505,married,3,bachelor,employed,38621,1,1,5.6,1,34926.2,0,,609.6,18,0.594,1.7,Other,8644,43,0,0,0,,0
C101460,49,M,Ростов-на-Дону,1137804,single,0,secondary,employed,67780,1,0,1.6,2,82565.33,0,,,13,0.304,1.6,Xiaomi,30999,4,1,0,1,2.0,0
C101461,60,M,Москва,12332134,married,1,bachelor,employed,262234,1,1,6.0,5,810146.66,0,,820.0,24,0.412,,Samsung,116920,4,7,0,1,1.0,1
C101462,29,F,Москва,13102466,single,0,master,employed,167200,1,0,3.6,3,154588.84,1,4016757.67,634.2,47,0.876,6.8,Apple,65592,36,3,1,0,,1
C101463,35,M,Ростов-на-Дону,1172885,married,0,bachelor,employed,115441,1,1,2.1,2,47537.35,0,,659.7,32,0.744,4.5,Apple,101743,5,5,0,1,1.0,1
C101464,32,F,Уфа,1122519,single,1,bachelor,employed,84373,0,1,4.6,2,113514.81,0,,657.8,29,0.86,2.9,Xiaomi,29514,27,5,0,0,,0
C101465,20,F,Екатеринбург,1511322,single,0,master,employed,123669,1,1,0.6,5,103772.46,1,3948579.5,558.5,41,0.961,20.4,Apple,149412,20,4,1,1,0.0,1
C101466,28,M,Новосибирск,1643666,single,0,bachelor,employed,66220,0,0,4.5,4,35567.67,1,994318.97,644.2,18,0.816,1.7,Samsung,66930,21,3,0,0,,0
C101467,69,F,Москва,11872876,married,3,master,employed,167944,1,1,14.0,4,427992.48,1,4147287.05,757.7,33,0.568,3.5,Samsung,127641,4,1,0,1,0.0,1
C101468,27,F,Москва,11683003,single,0,master,employed,69987,1,0,5.1,3,36787.97,1,1312708.43,529.9,27,0.892,9.1,Samsung,66603,11,4,0,1,0.0,1
C101469,37,F,Новосибирск,1606703,single,0,secondary,employed,37645,0,0,8.4,2,25951.13,0,,593.6,8,0.525,1.0,Xiaomi,16068,26,0,1,0,,0
C101470,59,M,Уфа,1118637,married,2,secondary,employed,44503,1,0,13.1,3,48471.51,0,,612.4,13,0.529,6.2,Other,6298,20,3,0,1,0.0,0
C101471,47,M,Краснодар,1088256,married,4,bachelor,self_employed,72424,1,1,6.2,2,120997.83,1,1336222.19,476.1,30,0.71,3.5,Samsung,45450,8,0,0,1,0.0,0
C101472,52,M,Самара,1103742,single,0,secondary,employed,27124,0,0,9.4,2,6914.32,0,,620.9,3,0.241,1.8,Huawei,11188,46,3,0,1,1.0,0
C101473,21,F,Нижний Новгород,1202806,single,0,secondary,employed,37775,1,0,2.7,1,20141.41,0,,,14,0.825,5.8,Xiaomi,14410,48,3,0,0,,0
C101474,68,M,Москва,12470398,married,2,bachelor,self_employed,94805,1,1,3.9,1,94292.74,1,1223092.04,684.1,23,0.277,1.0,Xiaomi,23598,20,1,1,1,2.0,0
C101475,60,F,Новосибирск,1602566,married,3,secondary,employed,49192,0,1,9.4,4,10033.47,1,319003.74,544.9,23,0.513,1.9,Xiaomi,21587,22,2,0,0,,0
C101476,54,F,Москва,12526749,married,5,phd,employed,278955,1,1,6.8,3,773223.85,1,3742336.12,719.1,46,0.705,2.8,Apple,149412,20,3,0,1,0.0,1
C101477,31,F,Челябинск,1245033,single,0,secondary,self_employed,137362,0,1,5.6,4,114819.87,1,643214.46,729.7,52,0.891,1.4,Samsung,89810,5,1,1,0,,1
C101478,43,F,Новосибирск,1575380,single,1,secondary,employed,65859,1,0,0.8,3,39982.97,1,566042.83,624.4,34,0.899,4.3,Xiaomi,26802,18,1,0,0,,0
C101479,59,M,Ростов-на-Дону,1115840,married,1,bachelor,employed,28038,0,0,8.3,3,29784.07,0,,615.7,6,0.59,3.8,Other,9970,9,1,1,0,,0
C101480,38,M,Краснодар,1096852,single,2,bachelor,employed,35314,0,1,3.3,1,18451.5,1,133079.39,533.5,3,0.172,4.0,Other,9617,17,2,0,1,2.0,0
C101481,25,M,Москва,12244348,single,0,bachelor,employed,98069,0,1,4.5,1,70231.38,0,,558.4,30,0.771,0.8,Xiaomi,21109,33,2,1,0,,0
C101482,37,F,Москва,12500825,single,0,bachelor,employed,86847,0,0,12.8,3,23378.77,1,571493.72,631.2,30,0.717,9.7,Huawei,33922,34,4,0,1,0.0,0
C101483,20,M,Екатеринбург,1553758,single,0,bachelor,employed,88746,0,0,2.0,3,25341.06,0,,691.1,29,0.824,7.2,OnePlus,21877,48,2,1,1,1.0,1
C101484,29,F,Москва,13234923,single,0,bachelor,employed,67754,0,0,7.0,1,39924.89,1,2496494.17,530.5,26,0.931,5.8,Apple,85022,7,3,0,1,1.0,1
C101485,21,M,Москва,12881199,single,0,master,self_employed,41357,0,0,3.0,3,12750.83,0,,647.9,24,0.889,1.7,Xiaomi,13099,3,5,0,0,,0
C101486,41,M,Санкт-Петербург,5046820,married,3,secondary,employed,70432,0,1,3.5,3,18505.08,1,1215192.27,657.5,21,0.571,3.3,Xiaomi,24014,43,4,1,1,1.0,0
C101487,61,F,Санкт-Петербург,5403294,married,4,secondary,employed,51534,1,0,0.7,2,51142.75,1,497882.22,557.0,29,0.785,7.9,OnePlus,15797,34,0,1,1,2.0,0
C101488,36,F,Екатеринбург,1526717,married,0,master,employed,120619,1,0,12.3,1,127120.56,0,,681.0,42,0.74,8.2,Samsung,69222,9,4,0,0,,1
C101489,34,M,Москва,13039840,married,1,master,self_employed,129509,0,0,9.1,2,140966.26,1,959646.62,678.3,41,0.911,5.3,Samsung,52024,21,3,0,0,,0
C101490,29,M,Ростов-на-Дону,1120650,married,1,bachelor,employed,78639,0,0,11.0,4,67839.83,0,,699.1,28,0.875,3.6,Samsung,47509,22,0,0,0,,0
C101491,23,M,Нижний Новгород,1255730,married,0,secondary,employed,43600,0,0,5.0,1,35742.89,1,706936.79,560.3,18,0.706,7.6,Xiaomi,14009,32,2,0,0,,0
C101492,25,M,Москва,13024170,single,0,bachelor,self_employed,133310,1,0,2.1,2,29683.69,0,,,28,0.846,11.5,Xiaomi,28260,48,1,1,0,,0
C101493,29,M,Санкт-Петербург,5487624,single,0,secondary,employed,79517,1,0,6.1,2,77440.27,1,193915.41,635.7,50,0.909,5.9,Huawei,38696,18,4,1,0,,1
C101494,26,M,Омск,1131179,single,0,master,employed,49986,0,0,8.0,2,31529.19,0,,575.0,16,0.65,7.3,Huawei,17623,17,1,0,0,,0
C101495,62,M,Новосибирск,1587658,divorced,1,secondary,employed,80458,0,0,7.3,3,94724.53,0,,610.6,15,0.29,0.8,Xiaomi,14911,23,3,0,0,,0
C101496,48,M,Москва,13576931,married,2,bachelor,self_employed,233085,0,1,28.0,1,237417.0,1,466469.2,850.0,31,0.325,3.5,Samsung,98599,16,3,0,1,0.0,1
C101497,18,M,Москва,12014775,single,0,bachelor,employed,180161,0,1,0.0,3,223695.24,1,4918808.85,678.8,43,0.906,8.2,Samsung,68456,32,2,0,1,0.0,1
C101498,28,F,Краснодар,1126377,single,0,bachelor,employed,120826,0,0,4.4,3,116825.62,0,,642.5,38,0.96,0.4,Apple,79014,20,1,0,0,,0
C101499,50,F,Краснодар,1135490,divorced,2,bachelor,employed,42943,1,0,9.6,3,32538.61,1,769975.68,702.0,15,0.495,2.3,Xiaomi,17330,20,2,0,1,1.0,0
C101500,41,F,Новосибирск,1506449,married,4,master,employed,68007,1,0,5.7,1,84859.22,1,652547.51,534.4,20,0.786,1.9,Xiaomi,23148,4,0,0,0,,0
C101501,35,M,Москва,12216637,married,3,master,employed,157242,0,1,4.0,5,276055.41,1,12933218.22,663.2,47,0.676,3.5,Apple,142589,10,3,1,1,0.0,1
C101502,49,F,Санкт-Петербург,5589077,married,2,secondary,employed,97067,1,1,1.3,3,199032.1,1,1598594.1,684.9,34,0.807,9.2,Huawei,25669,26,4,0,0,,0
C101503,26,M,Краснодар,1157078,married,1,secondary,employed,34839,1,0,8.0,2,13487.11,1,130540.51,545.2,15,0.66,10.3,Xiaomi,13435,48,1,0,0,,0
C101504,37,M,Ростов-на-Дону,1091356,married,1,master,employed,65610,0,0,5.2,2,47721.55,0,,583.4,22,0.719,4.7,Samsung,35758,23,3,1,1,1.0,1
C101505,26,F,Челябинск,1158630,married,0,bachelor,employed,106743,1,0,4.9,1,91839.48,1,455460.02,592.7,30,0.911,6.7,Xiaomi,38420,9,3,0,0,,0
C101506,42,M,Новосибирск,1595925,married,3,secondary,employed,141782,1,0,5.5,3,88085.95,0,,650.1,36,0.636,2.8,Apple,147902,26,2,1,0,,1
C101507,27,M,Екатеринбург,1563134,single,0,bachelor,unemployed,28198,0,0,8.2,3,10777.51,0,,538.3,7,0.647,1.4,Other,7462,31,2,0,0,,0
C101508,31,F,Ростов-на-Дону,1120879,single,0,secondary,self_employed,63487,1,0,9.6,5,24463.18,0,,673.5,21,0.711,3.0,Huawei,16023,33,2,1,0,,0
C101509,37,M,Уфа,1108659,single,0,master,employed,77802,0,0,10.9,5,99092.28,1,6871388.44,618.6,34,0.893,2.1,Xiaomi,27722,30,6,0,0,,0
C101510,48,M,Ростов-на-Дону,1095812,married,3,bachelor,employed,56353,0,0,14.5,3,27740.05,0,,,24,0.769,5.9,Samsung,43413,18,3,1,0,,0
C101511,62,F,Москва,12410412,married,5,secondary,employed,35464,0,1,17.5,2,38021.23,0,,649.4,10,0.526,2.9,Samsung,38029,33,3,0,0,,0
C101512,37,F,Москва,12233738,single,0,secondary,employed,116991,0,1,6.0,4,237895.05,1,723073.53,619.7,32,0.894,1.6,Samsung,59744,32,3,0,1,0.0,1
C101513,27,M,Москва,12476333,single,0,secondary,unemployed,34121,0,0,3.3,1,12971.99,1,524440.26,539.7,20,0.995,3.6,Xiaomi,24492,7,1,0,0,,0
C101514,52,F,Уфа,1115026,married,2,bachelor,employed,45272,1,1,2.0,1,110843.33,0,,,15,0.52,2.0,Samsung,26367,17,3,0,0,,0
C101515,37,M,Нижний Новгород,1186260,married,1,bachelor,self_employed,87299,0,0,8.0,3,121750.1,1,1617931.11,671.8,24,0.911,5.4,Xiaomi,16909,39,5,1,0,,0
C101516,30,M,Казань,1340412,single,0,secondary,employed,71007,1,0,1.8,1,56409.41,1,535829.21,626.1,34,0.875,5.5,Apple,64778,12,0,0,1,0.0,1
C101517,31,M,Санкт-Петербург,5347153,single,0,bachelor,employed,124335,1,1,3.1,1,412331.75,1,1578060.79,689.1,48,0.961,8.0,Apple,140361,19,2,0,1,1.0,1
C101518,66,F,Москва,12253741,single,1,bachelor,employed,67064,0,1,5.0,1,44756.77,0,,641.3,8,0.278,0.6,Samsung,34651,28,2,0,0,,0
C101519,36,M,Москва,13085333,married,1,bachelor,self_employed,198850,1,1,2.6,4,113419.72,1,1412321.93,688.4,36,0.747,2.4,Apple,133898,23,7,0,1,1.0,1
C101520,33,F,Ростов-на-Дону,1183678,single,1,bachelor,employed,111039,1,0,2.4,2,253597.96,1,1278357.34,,30,0.81,2.3,Samsung,39978,2,0,0,0,,0
C101521,27,F,Омск,1122922,single,0,bachelor,employed,68117,0,0,8.3,1,61569.57,1,984674.65,673.3,24,0.811,5.0,Huawei,32308,4,1,1,1,0.0,1
C101522,43,F,Нижний Новгород,1166697,married,4,bachelor,employed,50492,1,1,4.6,4,33939.81,1,234270.6,615.0,28,0.816,3.6,Other,7488,47,4,0,0,,0
C101523,25,F,Ростов-на-Дону,1081827,single,0,master,self_employed,52263,0,0,2.4,1,11077.47,0,,550.1,25,0.925,2.7,Huawei,11715,29,1,0,0,,0
C101524,25,F,Казань,1313293,single,0,secondary,self_employed,72724,0,0,0.9,1,33166.45,1,549071.03,533.8,27,0.914,3.3,Xiaomi,21532,1,0,0,1,0.0,0
C101525,28,M,Москва,12127891,single,0,secondary,employed,50176,0,0,10.0,5,27887.4,0,,617.1,27,0.811,11.5,Apple,42519,34,4,1,1,2.0,1
C101526,69,F,Екатеринбург,1477028,married,1,bachelor,employed,204829,1,1,6.5,2,461424.01,0,,792.7,39,0.481,8.8,Samsung,97717,8,5,1,1,0.0,1
C101527,35,M,Москва,13020975,single,0,secondary,employed,100607,0,0,4.5,2,110887.35,1,1198701.58,623.8,39,0.871,0.3,Apple,96938,21,1,0,1,1.0,1
C101528,37,M,Новосибирск,1635094,single,0,bachelor,employed,90702,0,0,13.0,2,181732.63,0,,571.3,31,0.938,5.8,Other,14567,27,3,1,1,0.0,0
C101529,34,F,Уфа,1189332,single,0,bachelor,self_employed,114433,0,0,3.3,2,155400.62,0,,,48,0.88,3.8,Samsung,46876,19,2,0,0,,0
C101530,57,F,Краснодар,1098112,married,2,bachelor,employed,172284,1,1,2.1,4,191530.81,1,2414556.66,675.0,36,0.54,2.4,Huawei,42395,33,3,0,1,0.0,0
C101531,52,M,Екатеринбург,1514437,married,1,bachelor,employed,171221,1,1,5.5,3,669066.21,0,,692.7,41,0.676,7.3,Samsung,109439,4,3,1,1,0.0,1
C101532,35,M,Ростов-на-Дону,1126581,married,0,bachelor,employed,30849,0,1,4.9,1,33051.49,0,,522.3,5,0.457,3.7,Xiaomi,17730,8,0,1,0,,0
C101533,28,M,Самара,1129193,single,0,phd,employed,184215,0,1,9.1,4,36751.16,1,1584615.3,669.7,54,0.918,19.9,Samsung,86115,11,2,1,1,0.0,1
C101534,52,M,Омск,1127662,married,1,bachelor,employed,135853,1,1,3.7,2,261291.69,1,2711057.65,669.2,27,0.411,0.5,Xiaomi,29848,11,1,1,0,,0
C101535,34,M,Санкт-Петербург,5395255,single,1,secondary,employed,100831,1,0,5.8,4,190483.46,1,530592.78,644.3,32,0.638,1.1,Samsung,85044,4,4,0,0,,1
C101536,47,F,Самара,1149103,married,0,bachelor,employed,30415,0,1,2.2,2,14101.75,0,,,4,0.592,4.8,Xiaomi,18591,5,3,0,1,0.0,0
C101537,31,F,Санкт-Петербург,5498336,single,0,bachelor,employed,70045,0,0,7.5,2,26905.92,0,,490.5,24,0.661,5.6,Huawei,27726,17,1,0,0,,0
C101538,38,M,Уфа,1179602,divorced,2,bachelor,self_employed,102151,1,0,2.4,3,74474.65,1,1432906.43,725.6,35,0.879,9.5,Google,88445,11,1,1,1,2.0,1
C101539,32,M,Краснодар,1072531,single,1,bachelor,employed,34609,0,0,13.0,2,30937.28,1,1930842.84,543.5,8,0.526,4.2,Huawei,15625,19,1,0,0,,0
C101540,53,F,Челябинск,1140457,married,1,bachelor,employed,105964,0,1,4.9,3,237872.34,1,3433654.86,586.4,27,0.649,7.1,Apple,39533,45,2,0,0,,0
C101541,49,F,Санкт-Петербург,5610402,married,2,secondary,self_employed,111276,1,0,2.9,2,37775.5,1,2759447.09,560.6,37,0.768,4.2,Xiaomi,41766,2,3,0,0,,0
C101542,46,F,Казань,1358180,single,2,secondary,employed,74380,1,0,1.2,1,35297.67,1,1341684.99,,16,0.709,5.8,Google,25947,44,0,0,1,0.0,0
C101543,31,F,Санкт-Петербург,5663676,single,0,bachelor,unemployed,50637,0,0,13.0,3,66732.87,1,460525.15,624.9,30,0.907,19.0,Other,10495,18,2,0,0,,0
C101544,22,M,Санкт-Петербург,5109338,single,0,bachelor,employed,167052,1,1,4.0,4,157469.04,1,823117.42,730.1,51,0.925,6.6,Apple,149412,1,7,0,1,0.0,1
C101545,24,F,Екатеринбург,1516432,single,0,bachelor,employed,109495,1,1,6.0,3,101942.08,1,1156252.23,729.0,41,0.829,1.4,Samsung,71096,1,0,0,0,,1
C101546,45,F,Краснодар,1110325,married,2,bachelor,self_employed,104961,0,1,12.2,2,111137.75,1,422895.27,659.4,25,0.486,5.2,Huawei,37080,26,6,0,0,,0
C101547,67,F,Москва,13898496,married,5,bachelor,employed,61656,1,0,11.8,3,319871.49,0,,569.9,19,0.614,3.5,Samsung,49473,4,6,1,1,0.0,1
C101548,24,F,Санкт-Петербург,5306858,single,0,bachelor,employed,76150,0,1,6.0,3,120192.71,1,762845.85,636.9,31,0.984,12.1,Xiaomi,18312,22,2,0,0,,0
C101549,43,F,Москва,12993657,single,0,secondary,employed,81085,0,0,6.0,1,84611.51,1,495999.32,664.6,28,0.81,4.8,Apple,63696,44,2,1,0,,0
C101550,43,M,Уфа,1163389,married,1,secondary,employed,101959,1,1,6.8,3,55221.7,0,,674.1,29,0.575,3.1,Samsung,57370,6,3,0,1,0.0,1
C101551,29,M,Краснодар,1095221,single,0,secondary,self_employed,60183,0,0,9.2,4,35072.1,1,466711.31,535.5,32,0.799,12.8,Samsung,43291,11,5,1,1,1.0,1
C101552,63,M,Уфа,1218678,married,2,bachelor,employed,43027,0,1,13.2,3,51407.8,1,1024542.1,572.8,4,0.135,1.3,Huawei,18039,13,1,0,1,0.0,0
C101553,50,F,Уфа,1146992,married,1,master,employed,47473,0,1,8.3,2,145588.14,1,1564441.76,618.2,9,0.656,5.9,Xiaomi,16400,26,2,0,0,,0
C101554,35,M,Ростов-на-Дону,1154730,single,0,master,employed,117414,1,0,6.3,6,153420.3,1,2031814.56,656.0,36,0.733,1.5,Xiaomi,33424,7,2,1,1,0.0,1
C101555,54,F,Уфа,1089297,married,4,bachelor,self_employed,51793,1,1,6.5,2,28419.19,1,688529.27,543.9,4,0.138,0.4,Other,10931,8,4,1,1,0.0,0
C101556,24,F,Ростов-на-Дону,1138065,single,0,bachelor,employed,62403,0,0,6.0,2,119406.16,0,,665.3,40,0.961,27.2,Xiaomi,34389,10,3,1,0,,1
C101557,58,F,Москва,13429828,married,1,bachelor,employed,31576,0,0,12.6,2,19551.92,0,,572.0,4,0.341,1.3,Samsung,14414,47,0,0,0,,0
C101558,30,M,Самара,1156564,single,0,bachelor,employed,31681,0,0,0.9,1,17977.02,0,,,17,0.818,1.2,Xiaomi,19128,15,1,0,0,,0
C101559,40,F,Челябинск,1133217,single,0,bachelor,employed,34332,0,0,4.1,1,22265.79,0,,433.4,26,0.851,0.3,Samsung,33140,18,2,0,0,,0
C101560,40,F,Казань,1350397,married,1,bachelor,employed,63992,0,0,7.6,2,116540.86,0,,706.6,17,0.406,7.8,Other,11636,4,3,0,0,,0
C101561,30,F,Екатеринбург,1519549,single,1,bachelor,self_employed,140044,1,0,5.3,1,76906.33,0,,662.5,31,0.697,4.2,Apple,99234,5,4,1,0,,1
C101562,36,M,Челябинск,1214666,married,1,secondary,employed,35680,0,0,12.0,2,16876.56,1,405034.38,549.7,13,0.631,2.0,Samsung,27560,35,3,1,0,,0
C101563,26,F,Уфа,1097001,single,0,bachelor,employed,65080,0,0,4.3,2,20950.01,1,251979.84,601.6,29,0.846,3.3,Samsung,24333,27,4,0,0,,0
C101564,57,M,Екатеринбург,1502495,married,2,secondary,employed,71405,1,1,2.4,1,93146.56,1,392472.94,588.6,13,0.462,2.5,Huawei,17364,18,3,0,1,1.0,0
C101565,24,M,Ростов-на-Дону,1167583,single,0,master,employed,116624,0,0,6.0,2,31690.38,1,1356005.2,665.0,34,0.707,3.9,Samsung,89943,1,3,0,0,,1
C101566,61,F,Уфа,1155909,married,3,secondary,employed,63364,1,0,9.0,5,59299.1,1,869189.52,797.3,23,0.695,3.5,Xiaomi,17894,16,6,0,0,,0
C101567,43,F,Новосибирск,1640854,married,0,bachelor,employed,49237,0,0,2.8,1,39320.77,0,,,19,0.782,3.0,Xiaomi,20034,48,0,0,0,,0
C101568,27,F,Москва,13159833,single,0,master,employed,150198,0,1,1.6,3,111873.12,1,972949.65,671.9,39,0.999,7.8,Apple,115517,24,0,1,1,2.0,1
C101569,60,F,Новосибирск,1573788,married,5,bachelor,self_employed,41097,0,0,0.4,1,8796.94,1,394627.67,529.8,8,0.434,0.6,Xiaomi,13743,29,2,0,0,,0
C101570,25,F,Москва,12683202,single,0,secondary,employed,69118,0,1,7.0,3,43682.3,1,110566.32,642.7,20,0.785,3.8,Xiaomi,17875,45,2,0,1,1.0,0
C101571,29,M,Нижний Новгород,1258920,single,0,bachelor,employed,97260,1,1,2.2,2,213431.54,0,,,42,0.898,1.6,Apple,65561,28,4,1,0,,1
C101572,36,F,Москва,12009354,single,0,bachelor,employed,132410,0,0,6.7,2,426307.21,1,577521.62,730.7,31,0.612,1.7,Huawei,31066,14,3,0,0,,0
C101573,46,F,Челябинск,1187572,married,2,bachelor,employed,52501,0,1,8.7,3,19027.9,0,,586.1,18,0.658,5.2,Xiaomi,13381,48,1,0,0,,0
C101574,62,M,Москва,12366539,married,2,master,employed,417589,1,1,12.8,3,1277964.08,0,,781.2,43,0.401,0.8,Apple,149412,1,6,0,1,1.0,1
C101575,40,F,Уфа,1246654,single,0,bachelor,unemployed,34986,0,0,2.2,1,14471.45,1,334456.91,498.7,4,0.498,2.0,Xiaomi,28942,1,1,0,0,,0
C101576,51,M,Санкт-Петербург,5460293,married,4,secondary,employed,71231,1,1,3.6,1,123030.15,0,,686.7,22,0.931,6.5,Samsung,33401,15,2,0,1,1.0,0
C101577,30,M,Москва,12509353,single,0,master,employed,53204,0,1,3.8,1,37968.07,1,396918.47,611.1,30,0.889,6.6,Xiaomi,15819,16,0,0,0,,0
C101578,58,M,Казань,1231905,married,3,bachelor,employed,67416,1,0,0.1,1,92525.38,0,,,22,0.802,0.4,Huawei,16749,33,0,0,1,1.0,0
C101579,30,M,Москва,12685871,single,0,master,employed,417589,1,1,4.5,3,1891549.61,0,,777.3,51,0.991,16.4,Huawei,57727,15,5,1,1,1.0,1
C101580,22,M,Челябинск,1138127,single,0,bachelor,employed,75725,1,0,4.0,2,131962.2,1,2124107.96,659.7,29,0.903,9.6,Samsung,40408,12,3,0,0,,0
C101581,56,M,Самара,1147623,single,1,secondary,unemployed,39561,1,1,2.6,3,43675.54,1,921544.37,560.7,16,0.692,4.3,Xiaomi,12461,42,2,0,1,0.0,0
C101582,37,F,Самара,1128958,married,1,secondary,employed,43020,0,1,4.8,2,62191.45,1,126351.07,604.9,24,0.598,4.1,Other,11147,14,2,0,0,,0
C101583,49,F,Санкт-Петербург,5144871,married,0,master,employed,113486,1,0,6.9,5,268495.01,1,1817579.89,585.0,24,0.59,1.9,Other,6786,48,1,0,0,,0
C101584,40,F,Новосибирск,1706388,single,1,bachelor,employed,76742,1,0,5.9,2,74478.41,1,790402.44,684.0,45,0.798,1.9,Apple,64817,22,3,0,0,,0
C101585,44,M,Челябинск,1161456,married,3,bachelor,self_employed,106061,1,0,1.2,3,138388.75,1,1130262.59,682.0,38,0.834,5.1,Samsung,53842,24,4,0,1,1.0,1
C101586,66,M,Москва,13028628,married,1,bachelor,employed,141374,1,1,4.8,2,285506.45,1,744345.75,717.6,30,0.572,5.2,Xiaomi,57354,3,4,1,1,0.0,1
C101587,26,F,Новосибирск,1567417,single,0,bachelor,self_employed,77242,0,0,8.0,3,79849.34,0,,570.1,28,0.786,4.0,Samsung,55778,10,2,0,1,0.0,1
C101588,39,F,Санкт-Петербург,5379925,single,0,bachelor,self_employed,185107,1,0,5.9,6,232171.34,1,2709376.05,724.8,46,0.991,4.6,Apple,123675,5,3,0,1,0.0,1
C101589,18,M,Москва,12667233,single,0,bachelor,employed,91625,0,0,0.0,2,157841.5,1,1193408.0,662.0,33,0.982,13.7,Xiaomi,34532,12,2,0,1,0.0,0
C101590,51,M,Новосибирск,1635156,single,0,secondary,self_employed,64236,1,0,3.0,2,48975.92,0,,619.7,19,0.615,1.7,Huawei,19869,9,0,0,0,,0
C101591,22,F,Санкт-Петербург,5345808,single,0,bachelor,employed,123950,0,0,4.0,4,404042.17,0,,739.8,48,0.923,8.7,Apple,97679,17,7,0,0,,1
C101592,26,F,Москва,12295088,single,0,bachelor,employed,132834,0,0,1.3,3,48504.02,1,2662743.71,653.0,37,0.962,6.6,Apple,97583,9,4,1,0,,1
C101593,28,M,Москва,13206842,single,1,secondary,employed,73552,0,0,10.0,1,76511.31,1,1789557.47,552.0,24,0.732,3.4,Samsung,27741,26,3,0,0,,1
C101594,32,F,Челябинск,1202044,single,1,bachelor,employed,46850,0,1,8.4,3,57979.76,0,,489.2,19,0.684,3.7,Xiaomi,11634,48,1,0,0,,0
C101595,43,F,Москва,12051032,married,1,secondary,employed,86895,1,0,9.1,6,145774.7,1,3085142.14,649.2,16,0.387,2.9,Samsung,71219,3,3,0,1,0.0,1
C101596,34,M,Екатеринбург,1503031,single,0,bachelor,employed,86682,0,0,3.3,2,90066.65,1,1238258.34,616.8,38,0.928,5.6,Huawei,47870,17,3,0,0,,0
C101597,35,F,Новосибирск,1574411,single,0,bachelor,employed,197599,1,1,0.1,1,158716.61,1,3084666.5,713.8,45,0.911,2.9,Samsung,91859,1,3,0,1,0.0,1
C101598,36,F,Нижний Новгород,1182147,single,1,secondary,unemployed,32649,1,0,1.0,1,6535.27,1,2563135.58,402.7,12,0.695,5.5,Xiaomi,9847,48,0,0,1,0.0,0
C101599,35,F,Уфа,1197011,single,0,master,self_employed,149580,1,1,6.3,6,108888.32,1,767271.44,772.4,38,0.775,1.4,Samsung,64007,3,6,1,1,0.0,1
C101600,34,M,Челябинск,1281080,married,0,bachelor,employed,60631,0,1,12.1,1,43290.27,1,189982.6,585.6,19,0.917,1.0,Huawei,8598,39,3,1,0,,0
C101601,28,F,Нижний Новгород,1224809,married,0,bachelor,employed,107417,1,1,2.4,2,62397.89,0,,575.1,50,0.776,8.5,Apple,78354,26,2,0,1,0.0,1
C101602,30,M,Санкт-Петербург,5200325,single,0,bachelor,employed,73566,0,1,3.7,3,66158.8,1,234411.51,694.2,28,0.659,7.4,Samsung,46063,4,2,0,1,0.0,1
C101603,70,F,Екатеринбург,1565104,married,1,secondary,employed,39769,0,1,1.4,4,22761.82,0,,,5,0.392,5.0,Other,8859,14,3,0,0,,0
C101604,33,F,Москва,12422012,married,0,bachelor,employed,114496,1,0,3.0,4,93524.98,0,,679.9,37,0.862,2.4,Samsung,41094,6,2,0,0,,0
C101605,57,M,Ростов-на-Дону,1209364,divorced,1,secondary,self_employed,93291,0,0,5.3,3,92283.17,0,,646.2,37,0.738,3.9,Xiaomi,34978,20,1,0,0,,0
C101606,29,M,Краснодар,1127519,married,2,bachelor,employed,54053,0,1,2.7,1,59095.74,0,,598.9,27,0.877,1.8,Samsung,48367,15,2,0,0,,0
C101607,28,M,Уфа,1086763,single,0,master,employed,140051,0,1,8.0,4,214291.28,1,4326592.86,625.3,39,0.938,13.5,Apple,110037,8,2,0,0,,1
C101608,45,F,Уфа,1159867,married,1,master,self_employed,93341,1,0,9.4,4,51214.21,1,3547664.8,583.2,31,0.778,4.3,Xiaomi,23531,5,1,0,0,,0
C101609,33,M,Самара,1226746,married,1,master,employed,60694,0,0,4.7,4,52653.44,1,578699.11,543.0,16,0.919,5.1,Samsung,80344,9,2,0,0,,1
C101610,36,M,Казань,1278277,single,0,bachelor,employed,40053,0,0,12.4,1,21600.86,0,,568.1,22,0.707,2.0,Xiaomi,22627,19,0,0,0,,0
C101611,49,F,Челябинск,1167177,married,2,master,employed,155340,1,0,1.7,2,93725.99,1,911309.98,724.1,34,0.656,5.0,Apple,86770,31,1,1,1,1.0,1
C101612,38,F,Нижний Новгород,1234254,married,2,phd,employed,111247,0,1,14.5,3,307685.6,0,,644.5,38,0.873,9.0,Samsung,64497,1,3,0,0,,1
C101613,56,M,Уфа,1165812,married,2,phd,self_employed,176883,1,1,2.9,4,308842.37,1,5599956.23,707.5,31,0.655,5.0,Xiaomi,40931,16,1,0,1,0.0,0
C101614,48,M,Санкт-Петербург,5488951,married,3,bachelor,employed,136840,0,1,9.3,3,185064.72,1,7098918.52,674.9,26,0.422,7.5,Samsung,43225,14,5,1,1,1.0,1
C101615,60,M,Москва,12619068,married,2,phd,employed,201790,1,1,15.2,5,274989.13,1,1375379.68,760.4,33,0.245,1.1,Samsung,99964,17,2,0,1,1.0,1
C101616,29,M,Екатеринбург,1513708,married,0,bachelor,self_employed,98121,1,0,9.3,4,25251.17,1,1411387.57,680.7,41,0.895,4.7,Apple,98178,9,3,1,0,,1
C101617,57,M,Самара,1111160,married,2,secondary,employed,41106,1,0,2.5,3,19894.45,0,,521.2,10,0.45,2.5,Huawei,15495,12,5,1,0,,0
C101618,52,M,Москва,12296514,single,0,master,employed,162175,1,1,12.1,3,552462.78,1,1401636.54,735.7,39,0.772,3.1,Samsung,81399,10,2,0,1,0.0,1
C101619,43,F,Ростов-на-Дону,1110500,married,1,secondary,employed,66371,0,1,8.0,3,12782.37,1,3367813.27,574.1,24,0.758,3.1,Samsung,36990,33,4,0,1,1.0,0
C101620,46,M,Уфа,1186567,married,4,master,employed,346248,1,1,7.5,2,348908.5,1,2395282.83,818.8,49,0.681,5.7,Samsung,127045,11,6,0,1,0.0,1
C101621,43,F,Екатеринбург,1453000,single,1,bachelor,self_employed,46273,0,0,8.3,2,14477.55,0,,573.9,25,0.932,1.7,Other,9613,13,2,1,0,,0
C101622,21,M,Москва,12743623,single,0,bachelor,employed,85669,0,0,3.0,3,98588.33,0,,,29,0.983,10.0,Huawei,19734,48,0,1,0,,0
C101623,38,F,Краснодар,1079314,single,0,phd,employed,141940,1,0,11.4,3,295238.13,0,,709.5,42,0.623,10.6,OnePlus,64461,12,2,0,1,2.0,1
C101624,72,F,Новосибирск,1662064,married,0,secondary,self_employed,67440,0,0,3.3,3,279080.13,1,1078245.3,713.1,16,0.473,2.5,Other,8625,48,3,1,1,0.0,0
C101625,36,M,Краснодар,1108898,single,0,bachelor,employed,71625,0,0,4.9,2,72971.04,1,1218264.15,633.0,31,0.797,3.7,Other,8559,12,2,0,0,,0
C101626,46,M,Нижний Новгород,1166220,married,2,secondary,employed,103944,1,0,8.9,3,53710.65,0,,612.1,31,0.889,4.6,Other,18539,16,7,0,1,0.0,0
C101627,44,F,Москва,12744964,single,0,bachelor,unemployed,104963,0,1,2.6,4,233165.95,1,1154399.36,661.2,26,0.561,4.9,Xiaomi,17710,19,1,0,1,0.0,0
C101628,24,M,Новосибирск,1739757,single,0,bachelor,employed,52756,0,0,6.0,2,18813.69,1,330715.14,615.3,22,0.923,5.4,Xiaomi,19926,15,2,1,0,,0
C101629,32,M,Нижний Новгород,1258367,married,2,bachelor,employed,64226,1,0,8.4,3,100964.83,1,572041.22,723.3,40,0.84,8.9,Xiaomi,38540,11,4,0,1,0.0,1
C101630,28,F,Казань,1299014,single,0,secondary,employed,54500,1,0,10.0,2,47686.44,1,752612.97,608.8,33,0.892,1.2,Google,34617,27,2,0,0,,0
C101631,29,F,Челябинск,1162778,single,1,bachelor,employed,107494,0,0,6.5,2,67118.63,0,,607.2,42,0.969,5.0,Samsung,81815,2,0,0,1,1.0,1
C101632,34,M,Новосибирск,1607203,single,0,secondary,employed,25685,0,0,7.8,1,12898.03,1,431875.71,491.3,8,0.759,2.8,Xiaomi,8416,18,1,0,0,,0
C101633,31,M,Санкт-Петербург,5222379,married,0,secondary,self_employed,54365,0,1,4.3,2,18687.63,1,1662464.02,589.5,18,0.62,9.7,Xiaomi,22625,10,2,0,1,1.0,0
C101634,36,F,Уфа,1091617,single,1,bachelor,employed,69867,0,0,4.5,3,56588.46,1,1153500.59,647.0,23,0.547,0.9,Samsung,53085,11,0,0,1,1.0,1
C101635,47,F,Самара,1190272,married,1,master,employed,51560,0,0,11.2,2,154341.91,0,,619.8,27,0.837,1.7,Xiaomi,22702,16,0,0,0,,0
C101636,40,F,Новосибирск,1685808,married,1,master,employed,39975,0,0,4.0,2,5816.44,1,272370.13,577.7,16,0.776,2.6,Samsung,18697,44,1,0,1,0.0,0
C101637,42,M,Новосибирск,1646847,single,2,bachelor,employed,72688,0,1,16.9,3,208178.69,0,,682.1,31,0.904,2.4,Other,10765,48,1,0,1,1.0,0
C101638,27,F,Казань,1319257,single,0,bachelor,employed,114253,0,0,9.0,7,98904.07,0,,726.5,36,0.931,9.9,Xiaomi,34228,10,5,1,1,1.0,1
C101639,43,M,Москва,13150094,single,1,secondary,self_employed,65085,0,0,8.3,2,54013.51,1,145446.84,592.7,15,0.533,3.6,Other,13781,22,1,0,0,,0
C101640,57,M,Москва,12895251,married,1,bachelor,employed,152248,1,1,2.0,4,124880.72,1,523977.91,,31,0.818,2.3,Samsung,112970,10,6,1,1,0.0,1
C101641,31,F,Москва,12861281,single,0,master,employed,196229,0,1,3.0,3,180267.22,1,9676932.21,479.2,47,0.99,10.9,Samsung,55646,32,0,0,1,0.0,0
C101642,38,M,Санкт-Петербург,5453825,single,1,bachelor,employed,143460,1,1,1.8,4,93275.4,1,6040189.09,765.5,30,0.661,2.1,Xiaomi,46504,7,11,0,1,0.0,1
C101643,51,F,Челябинск,1218043,married,0,master,employed,110200,1,1,9.2,4,34185.47,1,1075109.62,705.3,21,0.852,3.1,Samsung,62679,12,2,0,1,0.0,1
C101644,63,F,Казань,1291530,married,2,bachelor,employed,51308,1,0,15.5,3,78822.5,0,,657.6,9,0.342,2.2,Xiaomi,21110,10,1,0,1,0.0,0
C101645,41,F,Казань,1282909,single,2,bachelor,employed,95082,1,0,5.4,2,94935.31,1,2001247.18,640.7,28,0.918,7.9,Huawei,30278,24,3,1,1,0.0,1
C101646,45,F,Самара,1092320,married,5,secondary,employed,24412,0,0,17.0,2,14693.22,1,205693.94,,7,0.662,4.5,Other,7030,28,2,0,0,,0
C101647,62,M,Москва,12777774,married,3,bachelor,employed,140995,0,0,7.4,1,516780.47,1,3700594.38,751.9,36,0.667,3.2,Xiaomi,22708,6,1,0,0,,0
C101648,65,F,Екатеринбург,1412244,single,0,master,employed,97458,0,0,2.5,3,125326.5,0,,,16,0.339,,Other,13031,20,5,0,1,2.0,0
C101649,49,M,Казань,1291906,married,4,master,employed,44524,0,0,4.0,1,26437.43,0,,624.0,15,0.598,2.8,Xiaomi,23235,21,2,0,0,,0
C101650,30,F,Новосибирск,1643132,single,0,bachelor,employed,52148,0,0,9.0,3,96886.45,0,,619.6,19,0.732,5.2,Xiaomi,12376,20,1,0,0,,0
C101651,43,F,Екатеринбург,1457064,single,0,master,employed,101753,0,1,1.8,1,104754.93,1,456839.33,772.9,33,0.863,4.6,Apple,135359,4,1,0,0,,1
C101652,37,M,Новосибирск,1712815,married,2,secondary,unemployed,16012,0,0,6.4,1,836.0,0,,618.2,2,0.5,2.3,Xiaomi,8016,11,1,1,0,,0
C101653,41,M,Москва,12545689,married,3,bachelor,employed,157545,1,1,13.5,2,384896.62,0,,749.6,31,0.689,5.4,Apple,118827,3,2,0,0,,1
C101654,29,F,Самара,1213718,single,0,bachelor,employed,58378,1,1,11.0,4,25451.15,0,,578.6,20,0.785,3.8,Samsung,80050,13,6,0,1,1.0,1
C101655,64,F,Москва,12272795,married,2,bachelor,employed,121977,1,1,6.8,2,88566.97,0,,609.5,27,0.463,1.1,Apple,101907,7,4,1,1,0.0,1
C101656,34,F,Москва,13187206,married,0,bachelor,employed,91620,0,0,8.9,2,51319.77,0,,637.3,37,0.942,6.1,Other,9291,33,7,1,0,,0
C101657,63,M,Москва,12329850,married,4,secondary,employed,48648,0,1,4.8,1,138647.38,0,,581.2,6,0.316,0.2,Huawei,11026,48,3,0,0,,0
C101658,62,F,Москва,13209972,married,2,secondary,employed,78767,1,1,9.2,5,55310.44,0,,553.3,27,0.699,2.4,Apple,91757,15,3,1,1,0.0,1
C101659,34,M,Уфа,1143107,divorced,3,secondary,employed,133774,1,1,9.3,2,191567.07,1,1588055.02,736.6,31,0.928,6.3,Apple,107066,21,6,0,1,1.0,1
C101660,62,M,Москва,12998474,married,3,bachelor,self_employed,129278,1,1,0.8,2,185932.76,1,1609101.21,677.9,26,0.506,3.8,Huawei,42304,28,1,0,0,,0
C101661,36,F,Нижний Новгород,1231320,single,1,secondary,employed,57145,1,0,7.1,2,21154.1,1,327587.83,651.6,28,0.949,4.3,Samsung,40488,12,0,0,1,1.0,1
C101662,50,F,Челябинск,1176172,married,2,secondary,employed,30857,1,0,4.9,2,46293.66,1,2179109.85,512.7,2,0.285,0.2,Other,9408,27,0,0,0,,0
C101663,32,M,Санкт-Петербург,5433310,single,0,bachelor,employed,100826,0,1,1.2,5,194133.06,1,1848076.39,693.1,45,0.938,4.7,Apple,83941,22,2,0,1,0.0,1
C101664,26,M,Москва,13697812,single,0,secondary,self_employed,132623,0,0,5.0,2,147533.82,1,922719.47,649.6,43,0.985,3.3,Samsung,43921,36,2,1,1,0.0,1
C101665,31,M,Самара,1225095,single,0,bachelor,employed,73645,1,1,7.7,4,58428.84,1,571392.69,699.4,21,0.741,2.2,Apple,100562,10,3,0,0,,1
C101666,69,F,Челябинск,1218606,married,3,secondary,employed,29271,0,0,7.8,1,13450.73,0,,561.3,3,0.208,0.5,Xiaomi,8968,18,0,0,1,0.0,0
C101667,37,F,Санкт-Петербург,5416566,single,2,bachelor,self_employed,199618,0,1,3.6,1,145940.29,1,2143791.13,797.7,41,0.675,6.0,Apple,71653,16,2,0,0,,1
C101668,56,M,Нижний Новгород,1248863,single,0,secondary,employed,17767,0,1,7.8,5,3434.19,0,,560.9,2,0.534,0.7,Xiaomi,15082,9,2,0,0,,0
C101669,64,F,Казань,1334498,married,1,bachelor,employed,117147,1,1,3.1,3,110537.05,1,779201.67,646.6,27,0.587,5.5,Apple,104101,9,1,0,1,0.0,1
C101670,30,F,Москва,12662097,single,0,bachelor,employed,125088,1,0,3.5,3,197552.99,1,3107704.99,657.1,33,0.964,16.0,Xiaomi,35936,6,2,0,1,1.0,1
C101671,33,M,Санкт-Петербург,5425197,single,0,bachelor,employed,247851,1,1,4.0,4,650428.26,0,,631.7,54,0.873,4.9,Apple,149412,10,2,0,0,,1
C101672,33,F,Москва,12782172,single,0,secondary,employed,126834,0,0,3.4,2,71585.33,0,,642.8,31,0.692,4.3,Xiaomi,33653,13,2,0,0,,0
C101673,41,F,Санкт-Петербург,5408991,married,2,bachelor,employed,72020,0,1,8.1,2,65736.22,1,1588051.69,561.1,24,0.802,5.7,Samsung,41009,11,2,1,1,1.0,1
C101674,65,F,Краснодар,1042479,married,2,secondary,employed,42243,0,1,1.0,2,49247.44,0,,528.6,14,0.541,2.4,Other,8558,16,2,0,1,0.0,0
C101675,40,F,Санкт-Петербург,5153461,single,0,bachelor,employed,98063,1,1,7.4,1,55570.62,1,253414.63,645.1,24,0.908,1.9,Google,72085,3,1,0,1,2.0,1
C101676,43,F,Новосибирск,1604756,married,2,secondary,employed,121730,0,1,7.0,3,313234.52,1,899904.48,679.5,35,0.932,1.0,Samsung,77182,2,1,0,0,,1
C101677,67,F,Уфа,1109822,divorced,1,bachelor,self_employed,43183,0,1,25.6,1,25333.6,1,438267.24,607.2,5,0.471,2.2,Samsung,42737,36,1,1,1,0.0,0
C101678,65,M,Краснодар,1155382,married,1,bachelor,employed,24549,0,1,12.7,1,14383.54,0,,488.8,3,0.28,0.2,Samsung,41564,9,0,0,0,,0
C101679,27,M,Санкт-Петербург,5187546,single,0,bachelor,employed,149175,1,1,7.3,2,236724.21,1,3351896.62,649.4,39,0.865,5.1,Apple,149412,1,4,1,1,0.0,1
C101680,44,M,Москва,12587566,married,0,bachelor,employed,94093,1,0,10.2,2,89780.04,1,919864.1,686.3,23,0.771,3.7,Huawei,30174,14,1,0,0,,0
C101681,68,F,Самара,1215674,divorced,1,bachelor,employed,82910,1,1,0.7,1,179709.21,1,857270.42,552.1,25,0.474,2.0,Samsung,66381,6,2,0,1,0.0,0
C101682,35,F,Ростов-на-Дону,1189618,single,0,secondary,employed,79281,1,0,10.2,1,43123.25,0,,619.8,34,0.948,12.2,Google,63072,7,0,1,0,,1
C101683,55,F,Новосибирск,1649913,married,2,secondary,employed,147950,0,1,4.5,3,127833.21,1,441838.5,748.2,34,0.581,2.7,Samsung,55218,19,2,0,0,,0
C101684,30,F,Казань,1281417,single,0,bachelor,employed,105356,0,0,7.0,4,104950.74,1,859054.29,733.9,35,0.902,5.4,Apple,92089,13,2,0,0,,1
C101685,33,F,Екатеринбург,1441834,single,0,secondary,employed,42972,0,0,10.8,3,14721.27,1,719891.69,559.2,31,0.845,2.5,Huawei,20167,4,4,0,1,0.0,0
C101686,61,M,Самара,1188029,married,2,secondary,employed,19528,0,0,4.4,2,25690.9,0,,522.7,2,0.219,0.4,Other,4648,48,0,0,0,,0
C101687,54,M,Самара,1150038,single,1,bachelor,employed,80258,0,1,3.2,2,35025.55,0,,,22,0.416,2.1,Xiaomi,31365,10,3,1,0,,0
C101688,43,M,Челябинск,1179279,married,1,bachelor,employed,109126,0,0,7.8,2,196038.37,0,,654.0,33,0.673,8.3,Xiaomi,19232,14,6,0,1,0.0,0
C101689,38,F,Москва,12318110,married,2,bachelor,employed,93255,1,0,16.2,3,88851.79,1,496394.58,692.9,24,0.709,2.2,Google,43706,20,3,1,1,0.0,1
C101690,33,F,Москва,12103869,single,0,bachelor,employed,77685,0,0,2.6,3,29433.39,1,718942.98,738.7,36,0.864,2.2,Xiaomi,13181,38,1,1,0,,0
C101691,58,F,Челябинск,1182409,married,2,bachelor,self_employed,68505,1,0,0.9,1,93967.54,1,2833899.76,591.9,10,0.427,3.5,Xiaomi,19836,9,2,0,0,,0
C101692,34,M,Ростов-на-Дону,1151330,married,2,bachelor,employed,126559,1,1,5.0,2,193222.02,1,540784.31,686.2,32,0.876,1.5,Xiaomi,28945,17,3,0,1,1.0,1
C101693,40,F,Челябинск,1216322,single,0,secondary,employed,32737,0,0,3.9,1,6686.03,0,,684.1,18,0.82,1.7,Huawei,28381,2,1,0,0,,0
C101694,40,F,Ростов-на-Дону,1123507,married,3,secondary,employed,59284,0,0,2.6,2,28697.85,1,123474.1,606.9,15,0.409,3.7,Xiaomi,22940,20,0,0,0,,0
C101695,23,F,Санкт-Петербург,5579800,single,0,master,self_employed,121348,0,1,5.0,2,42293.44,1,2079781.52,695.0,45,0.996,13.0,Apple,94045,22,3,1,0,,1
C101696,26,M,Москва,12119759,single,0,master,employed,143872,0,1,8.0,2,262590.88,1,297542.97,643.9,43,0.984,2.0,Apple,81073,4,4,0,0,,1
C101697,59,F,Москва,12408315,married,2,bachelor,employed,63565,0,0,1.4,1,22076.92,1,1239922.2,550.5,28,0.822,4.1,Samsung,42104,16,3,0,1,1.0,0
C101698,24,F,Москва,13031090,single,0,bachelor,employed,124176,0,1,3.1,2,71007.22,0,,,29,0.882,3.8,Apple,101253,39,1,0,1,1.0,1
C101699,51,M,Ростов-на-Дону,1172919,married,0,master,employed,97810,0,0,9.1,1,190137.03,1,601319.13,,30,0.652,3.3,Xiaomi,30579,24,4,0,0,,0
C101700,37,F,Самара,1140278,single,0,secondary,self_employed,90052,0,0,4.1,2,203248.45,1,1236702.09,580.2,24,0.57,6.2,Samsung,58678,15,5,1,1,3.0,1
C101701,62,F,Омск,1145955,married,2,bachelor,employed,62663,0,0,3.5,1,28096.83,1,835579.31,507.1,18,0.499,0.8,Huawei,30306,8,0,0,0,,0
C101702,48,F,Санкт-Петербург,5397328,married,5,bachelor,employed,58458,1,1,7.5,2,51051.42,1,736821.55,788.2,20,0.689,13.6,Xiaomi,24740,15,5,0,0,,0
C101703,22,M,Санкт-Петербург,5504429,single,0,secondary,employed,65345,1,0,3.2,2,51242.78,0,,,29,0.753,1.0,Xiaomi,14892,34,0,0,1,0.0,0
C101704,24,F,Новосибирск,1639457,single,0,bachelor,self_employed,86290,1,0,6.0,2,215500.87,1,321499.27,692.6,28,0.748,1.7,Samsung,60663,4,2,0,0,,0
C101705,39,F,Москва,12684645,single,0,bachelor,employed,57380,1,0,5.7,2,50657.05,0,,543.4,27,0.879,3.3,Samsung,42541,20,4,1,0,,0
C101706,22,F,Екатеринбург,1482910,single,0,bachelor,self_employed,44151,0,0,4.0,2,16196.54,0,,601.1,25,0.666,9.8,Xiaomi,12313,39,2,1,0,,0
C101707,25,F,Самара,1181042,single,2,bachelor,employed,155031,1,0,7.0,6,79705.53,1,1529788.6,748.8,33,0.839,5.5,Other,20763,8,6,0,1,1.0,1
C101708,54,F,Уфа,1097706,married,4,master,employed,50698,0,0,5.8,2,34274.43,1,245394.13,529.1,25,0.786,3.4,OnePlus,22234,40,1,1,0,,0
C101709,40,M,Самара,1162329,married,4,secondary,employed,66514,0,1,2.7,3,100158.68,1,1798721.13,628.3,15,0.363,3.7,OnePlus,33344,23,1,0,1,0.0,0
C101710,36,F,Самара,1131460,single,0,bachelor,employed,103147,0,0,4.2,3,62002.74,1,3457098.19,676.3,35,0.946,8.5,Samsung,50757,18,2,0,0,,0
C101711,42,M,Нижний Новгород,1217701,single,1,bachelor,employed,48632,0,0,7.7,1,42153.41,1,175716.14,666.9,16,0.737,1.8,Other,14665,14,0,0,0,,0
C101712,32,F,Уфа,1130582,single,0,secondary,employed,73876,0,1,14.0,4,71853.75,0,,591.9,36,0.741,5.2,Xiaomi,16601,16,2,0,1,0.0,0
C101713,31,M,Самара,1165986,married,3,bachelor,employed,102357,1,0,0.8,1,119364.45,0,,634.4,32,0.976,2.9,Xiaomi,22486,30,1,1,0,,0
C101714,27,M,Санкт-Петербург,5169818,single,0,secondary,employed,87474,0,0,5.2,5,46304.3,0,,744.5,29,0.883,9.6,Huawei,20645,22,3,0,0,,0
C101715,42,F,Челябинск,1183407,single,0,master,self_employed,120304,1,0,6.1,3,96562.04,0,,693.8,36,0.6,5.1,Xiaomi,22912,22,2,0,0,,0
C101716,43,F,Москва,12622855,single,0,bachelor,employed,233118,0,1,7.4,2,291234.55,1,1073235.47,723.5,33,0.584,3.8,Huawei,59971,4,4,1,0,,1
C101717,32,M,Екатеринбург,1486238,married,0,secondary,employed,109456,0,0,4.5,2,145178.29,1,5043786.97,756.3,21,0.696,2.7,Xiaomi,19902,48,3,0,0,,0
C101718,51,M,Москва,12805028,married,1,bachelor,self_employed,327179,1,0,7.9,6,633092.78,1,6802622.85,828.0,54,0.903,3.3,Apple,148930,21,7,1,1,0.0,1
C101719,46,F,Екатеринбург,1506175,married,0,secondary,employed,68019,0,0,20.1,6,41191.04,1,612600.18,660.8,28,0.693,5.4,Other,9556,22,4,0,0,,0
C101720,37,F,Новосибирск,1627892,single,1,bachelor,employed,51227,1,0,9.7,2,49625.78,1,952561.06,687.1,22,0.542,8.4,Huawei,20606,14,1,0,0,,0
C101721,27,F,Челябинск,1168498,single,0,secondary,employed,25893,0,1,9.0,3,11876.47,0,,590.7,18,0.926,7.8,Other,7303,7,4,1,0,,0
C101722,24,M,Нижний Новгород,1199024,single,0,bachelor,self_employed,61232,0,0,5.9,3,25547.68,1,424611.95,714.4,27,0.869,8.3,Xiaomi,24890,23,1,0,0,,0
C101723,40,M,Новосибирск,1537620,married,3,bachelor,employed,52116,1,0,7.9,3,30728.73,1,297125.07,670.4,22,0.73,1.0,Huawei,18256,21,1,0,0,,0
C101724,34,M,Уфа,1148134,married,3,bachelor,self_employed,103085,1,1,16.0,2,130512.93,1,1938229.4,679.3,36,0.905,3.2,Huawei,28052,43,2,0,1,1.0,1
C101725,34,M,Самара,1137341,married,2,master,employed,96132,0,1,1.1,3,156017.78,0,,666.7,35,0.784,9.0,Apple,67556,18,5,0,0,,1
C101726,40,M,Омск,1178880,married,0,bachelor,employed,47481,0,0,5.6,4,39507.14,0,,695.4,15,0.544,,Huawei,18042,14,3,0,0,,0
C101727,47,M,Москва,13023123,married,0,bachelor,employed,164456,0,1,13.7,5,262119.26,0,,850.0,24,0.616,8.4,Xiaomi,44092,4,8,0,1,1.0,1
C101728,57,F,Нижний Новгород,1246748,married,2,secondary,employed,53239,0,1,11.6,1,27573.46,1,1238995.89,591.3,17,0.396,6.5,Other,11667,25,3,0,0,,0
C101729,26,F,Нижний Новгород,1273409,single,0,bachelor,employed,46249,0,0,7.2,2,70604.83,0,,563.9,16,0.795,1.8,Other,11301,9,0,0,0,,0
C101730,27,F,Омск,1105655,single,0,secondary,employed,22005,1,0,3.0,1,7688.85,0,,,7,0.677,2.9,Xiaomi,10608,8,1,0,1,0.0,0
C101731,68,M,Ростов-на-Дону,1110967,married,2,secondary,employed,27563,0,1,5.2,2,11745.15,0,,500.2,2,0.305,0.1,Other,5662,38,0,0,1,1.0,0
C101732,59,F,Санкт-Петербург,5432309,married,5,secondary,employed,70441,1,1,2.8,2,32898.86,0,,599.1,16,0.517,0.7,Xiaomi,21442,41,1,0,1,0.0,0
C101733,44,M,Новосибирск,1644999,married,0,bachelor,self_employed,92304,0,0,4.0,2,70309.57,1,354943.45,747.2,17,0.486,1.6,Google,66482,19,0,0,1,1.0,1
C101734,50,F,Санкт-Петербург,5459686,single,0,secondary,employed,63126,1,0,13.0,7,158575.71,1,1161121.96,675.7,27,0.769,3.1,Samsung,52060,39,9,0,1,1.0,1
C101735,35,F,Санкт-Петербург,5084346,married,2,bachelor,employed,75474,1,1,6.8,1,51833.21,1,810950.91,633.2,32,0.951,9.0,Apple,92043,10,1,1,0,,1
C101736,28,M,Москва,12568129,married,0,bachelor,employed,111952,1,0,10.0,4,60902.19,1,1385323.42,636.4,45,0.978,1.0,Xiaomi,27737,15,6,0,0,,0
C101737,61,M,Челябинск,1154461,single,0,secondary,employed,75667,0,1,3.3,1,130098.62,0,,595.5,18,0.299,3.5,Other,12619,3,5,0,0,,0
C101738,31,F,Санкт-Петербург,5461197,single,0,secondary,employed,30441,0,0,13.0,2,5469.37,0,,563.9,3,0.35,1.0,Other,7784,13,2,0,0,,0
C101739,30,F,Новосибирск,1640892,single,0,secondary,employed,57010,0,0,11.0,4,29080.23,1,431169.84,653.2,38,0.923,18.2,Xiaomi,19064,5,3,0,0,,0
C101740,47,M,Москва,12287574,married,3,secondary,employed,59196,0,1,24.5,2,106772.35,0,,531.8,31,0.841,6.8,Google,22929,48,1,0,1,1.0,0
C101741,24,F,Ростов-на-Дону,1177219,single,0,master,employed,43477,0,1,6.0,2,32559.49,0,,576.8,30,0.923,2.7,Xiaomi,11051,39,1,0,0,,0
C101742,30,M,Санкт-Петербург,5548260,single,0,master,self_employed,417589,1,1,7.4,4,753206.41,1,16420735.29,730.4,65,0.998,4.9,Apple,149412,8,6,1,1,0.0,1
C101743,43,M,Омск,1072190,married,2,master,self_employed,135917,1,0,1.4,1,300648.8,1,597535.52,609.6,34,0.691,7.8,Apple,86853,27,2,0,0,,0
C101744,30,F,Санкт-Петербург,5157228,single,0,bachelor,employed,111199,0,0,9.8,4,223498.62,0,,682.4,34,0.928,5.3,Samsung,73003,18,2,1,0,,1
C101745,39,F,Казань,1246713,single,0,phd,employed,45444,0,0,4.9,5,20653.52,1,204675.45,587.4,11,0.667,2.0,Xiaomi,18619,8,8,0,0,,0
C101746,42,M,Казань,1291133,single,0,master,employed,84172,1,0,8.1,3,68346.94,1,440752.79,700.6,25,0.808,7.4,Other,18505,15,3,1,1,1.0,1
C101747,59,M,Омск,1110585,married,1,bachelor,employed,86723,0,1,5.2,3,64580.86,1,3312551.58,663.4,16,0.639,3.2,Samsung,35331,24,2,1,1,1.0,0
C101748,29,M,Омск,1114651,single,0,bachelor,employed,44669,1,0,4.4,3,28236.57,0,,595.3,19,0.937,6.4,Huawei,24937,9,4,0,0,,0
C101749,41,F,Краснодар,1112088,single,0,bachelor,employed,107469,1,1,13.3,4,169786.41,0,,766.4,28,0.585,0.5,Apple,106361,9,2,0,1,1.0,1
C101750,28,F,Нижний Новгород,1263792,married,0,secondary,employed,27516,0,0,4.5,2,7387.78,1,504354.36,465.8,16,0.973,3.6,Xiaomi,6443,45,2,0,0,,0
C101751,35,M,Москва,12897150,single,0,secondary,unemployed,52640,0,0,7.3,4,32146.01,0,,566.9,29,0.827,2.9,Xiaomi,22596,21,2,0,0,,0
C101752,47,F,Нижний Новгород,1212131,married,1,master,employed,65898,1,1,11.4,4,41618.19,0,,726.5,21,0.793,9.9,Xiaomi,16451,19,5,1,0,,0
C101753,47,M,Санкт-Петербург,5464579,married,3,secondary,unemployed,71604,1,1,15.7,1,38018.07,1,922547.77,576.1,20,0.508,4.3,Other,10431,32,1,0,0,,0
C101754,66,M,Екатеринбург,1431867,married,3,bachelor,self_employed,114741,0,1,21.5,1,66784.32,1,233919.56,,10,0.202,4.1,Xiaomi,25806,24,1,0,1,0.0,0
C101755,30,M,Екатеринбург,1453222,single,0,bachelor,employed,80167,1,0,12.0,6,304794.55,0,,665.4,24,0.818,11.8,Samsung,78991,3,3,0,0,,1
C101756,34,F,Ростов-на-Дону,1157520,single,0,bachelor,employed,169479,0,0,4.0,3,232342.13,1,5548172.49,690.6,42,0.922,8.6,Apple,98679,17,4,1,1,1.0,1
C101757,28,M,Самара,1159528,single,0,bachelor,self_employed,43728,0,0,1.0,2,46901.18,1,815476.74,537.1,24,0.91,5.4,Xiaomi,13232,15,2,0,0,,0
C101758,36,F,Краснодар,1034086,married,1,secondary,employed,32553,0,0,0.9,1,20748.8,0,,,16,0.67,1.9,Xiaomi,31608,7,0,1,0,,0
C101759,61,M,Нижний Новгород,1310086,married,5,secondary,employed,25562,1,0,8.4,2,16139.56,0,,608.2,2,0.336,0.2,Xiaomi,12647,23,2,0,1,1.0,0
C101760,55,F,Новосибирск,1730510,married,2,secondary,employed,27250,0,1,4.1,1,7801.87,1,315898.57,512.0,3,0.081,0.6,Xiaomi,4155,48,0,0,0,,0
C101761,37,F,Нижний Новгород,1212562,single,1,master,employed,194880,0,1,6.1,7,447859.78,1,841822.35,709.6,43,0.991,8.9,Apple,129013,17,10,1,1,0.0,1
C101762,32,F,Уфа,1137677,single,0,master,employed,101464,0,1,2.7,1,140801.5,1,2782371.03,564.1,31,0.774,1.4,Apple,77390,22,1,0,0,,0
C101763,20,M,Уфа,1185406,married,0,master,self_employed,115860,1,0,2.0,2,76945.71,0,,,36,0.893,2.6,Samsung,37962,18,4,0,0,,0
C101764,32,F,Уфа,1084217,single,0,master,employed,99605,1,0,2.5,1,26289.4,1,1074480.13,672.0,29,0.911,6.3,Google,56245,17,3,0,0,,0
C101765,40,F,Самара,1180539,married,2,secondary,employed,79801,0,1,9.5,3,68623.45,1,877160.11,611.0,34,0.917,3.2,Other,12643,6,1,0,1,0.0,0
C101766,42,M,Москва,13100817,single,2,master,employed,151357,0,0,11.6,2,170650.31,1,777463.59,668.2,39,0.921,8.1,Apple,119716,5,2,0,0,,1
C101767,59,F,Санкт-Петербург,5478371,married,3,secondary,employed,30407,0,0,2.4,1,9412.95,0,,,7,0.325,,Xiaomi,13402,37,2,0,0,,0
C101768,51,F,Москва,12746556,married,1,master,employed,196074,1,1,10.9,2,415252.56,1,880987.97,719.3,41,0.807,9.5,Xiaomi,36725,21,2,1,1,2.0,1
C101769,36,F,Москва,12204866,single,0,bachelor,employed,148238,1,0,3.6,4,67664.78,1,818272.99,630.4,34,0.979,3.4,Apple,88077,17,3,0,1,0.0,1
C101770,43,F,Самара,1224241,married,2,bachelor,employed,159062,1,0,7.1,3,108760.85,1,1874976.62,653.6,68,0.917,8.5,Apple,141078,48,2,0,1,1.0,1
C101771,34,M,Санкт-Петербург,5378893,single,0,bachelor,employed,140035,1,0,12.2,2,98922.81,1,1391270.05,782.0,34,0.863,11.1,Apple,118236,6,1,0,1,0.0,1
C101772,58,M,Москва,13546782,married,0,bachelor,employed,127157,1,1,7.7,3,235790.61,1,1980779.93,640.8,46,0.925,1.8,Other,12114,11,3,0,0,,0
C101773,55,F,Краснодар,1144028,married,4,secondary,employed,75442,1,1,11.1,2,56168.9,0,,564.7,19,0.658,1.0,Samsung,34867,26,1,0,1,0.0,0
C101774,28,F,Москва,12398556,single,0,bachelor,employed,121396,0,0,6.7,4,288603.62,0,,601.4,24,0.87,9.1,Samsung,65449,7,4,1,0,,1
C101775,49,F,Екатеринбург,1550240,married,1,secondary,self_employed,76587,1,1,3.9,4,43208.05,1,627504.93,647.7,19,0.313,2.9,Samsung,37618,15,5,0,1,1.0,0
C101776,53,M,Нижний Новгород,1224654,married,2,secondary,employed,82924,1,0,4.3,1,43999.38,0,,535.9,29,0.569,4.5,Apple,66838,2,2,1,1,0.0,1
C101777,52,M,Уфа,1148902,divorced,1,bachelor,employed,141704,1,0,3.6,4,134543.46,0,,655.5,28,0.304,2.2,Xiaomi,41655,9,3,1,1,0.0,0
C101778,50,F,Москва,12385315,married,3,secondary,employed,125660,0,1,6.8,5,327691.08,1,3199287.18,710.3,40,0.965,4.3,Xiaomi,30972,8,6,1,1,4.0,1
C101779,26,F,Краснодар,1070443,single,0,secondary,employed,43364,1,0,7.3,3,63975.36,0,,647.1,13,0.85,2.7,Xiaomi,19224,24,3,0,1,0.0,0
C101780,21,M,Новосибирск,1677636,single,0,bachelor,unemployed,24301,0,0,3.0,1,11885.42,1,515961.24,531.9,10,0.834,3.9,Xiaomi,13617,11,1,0,0,,0
C101781,22,F,Новосибирск,1589388,single,0,bachelor,employed,69203,0,0,4.0,2,38592.73,1,1236392.75,658.2,25,0.872,6.0,Xiaomi,37510,14,2,1,1,3.0,1
C101782,48,M,Москва,13007595,married,2,secondary,self_employed,165100,0,0,4.4,1,120599.23,0,,734.0,39,0.779,3.8,Apple,149412,8,7,1,0,,1
C101783,19,F,Москва,12386022,single,0,master,employed,138776,0,0,1.0,4,230969.39,0,,,34,0.969,5.6,Apple,91532,25,3,0,0,,0
C101784,49,F,Нижний Новгород,1169652,single,1,bachelor,employed,105165,0,0,5.6,4,178427.83,1,326393.54,610.9,25,0.45,9.2,Samsung,40558,36,3,0,1,0.0,0
C101785,63,M,Казань,1334943,single,0,secondary,employed,21218,0,0,5.3,1,19421.42,0,,682.7,3,0.407,0.7,Huawei,14958,20,1,0,0,,0
C101786,37,F,Санкт-Петербург,5457714,single,0,bachelor,employed,269129,1,1,3.2,1,324494.24,1,5403612.82,686.3,51,0.763,5.1,Apple,122025,3,2,0,1,0.0,1
C101787,64,M,Казань,1318707,married,0,secondary,employed,28443,1,0,2.1,2,23066.39,1,414126.99,527.2,3,0.129,0.4,Other,8794,15,4,0,0,,0
C101788,35,M,Челябинск,1163849,single,1,secondary,employed,25093,0,0,6.0,1,8087.75,1,1398648.05,499.9,13,0.809,2.7,Huawei,13737,34,0,0,0,,0
C101789,61,M,Москва,12671082,married,3,bachelor,self_employed,165022,1,1,4.2,4,368256.07,1,1084601.94,708.2,31,0.592,1.9,Other,18724,1,5,1,1,1.0,0
C101790,31,F,Екатеринбург,1458536,single,0,bachelor,employed,70783,0,0,8.4,3,55316.54,1,625150.78,710.1,27,0.538,4.1,Huawei,20822,10,3,1,1,2.0,1
C101791,38,F,Москва,12356402,single,0,bachelor,employed,150833,0,0,8.8,8,175296.51,0,,777.3,38,0.936,1.9,Samsung,53308,20,8,0,1,0.0,1
C101792,28,M,Нижний Новгород,1229092,single,1,secondary,employed,47949,0,0,5.6,2,14445.08,1,527289.04,593.7,25,0.922,1.1,Xiaomi,18027,16,1,0,0,,0
C101793,27,F,Москва,12786507,single,0,secondary,employed,55310,0,0,5.7,3,27825.96,0,,669.1,24,0.692,4.9,Huawei,20028,48,2,1,0,,0
C101794,35,M,Санкт-Петербург,5606714,single,0,bachelor,employed,61929,1,0,3.3,1,29348.78,1,2279931.07,596.4,14,0.584,1.5,Xiaomi,16799,9,3,0,0,,0
C101795,27,F,Санкт-Петербург,5562280,married,0,bachelor,employed,116184,0,1,9.0,4,71742.13,1,1769399.71,653.3,30,0.855,6.7,Samsung,51522,20,2,1,1,0.0,1
C101796,49,F,Москва,12649211,single,0,bachelor,employed,136988,1,1,20.7,4,357015.71,1,713577.7,644.0,35,0.814,2.7,Huawei,63545,12,2,1,1,2.0,1
C101797,28,F,Санкт-Петербург,5551667,single,0,secondary,self_employed,111950,0,0,0.7,4,123057.45,0,,,41,0.973,13.7,Apple,100878,28,4,1,1,0.0,1
C101798,21,F,Нижний Новгород,1191934,single,0,bachelor,employed,32409,0,0,3.0,1,29233.69,0,,510.8,15,0.694,2.4,Huawei,15111,7,0,1,0,,0
C101799,48,F,Краснодар,1079180,married,2,bachelor,employed,100251,1,1,3.9,4,94527.67,1,2519056.57,635.8,26,0.611,7.6,Xiaomi,18463,13,5,0,1,1.0,0
C101800,28,F,Москва,12108433,single,0,secondary,employed,44481,0,0,6.4,2,7300.73,0,,643.9,11,0.709,2.1,Xiaomi,11037,35,0,0,0,,0
C101801,72,F,Москва,12458522,married,1,secondary,employed,52456,0,1,13.9,1,41456.79,0,,706.6,10,0.374,0.7,Xiaomi,11020,30,5,0,1,0.0,0
C101802,41,M,Челябинск,1191564,single,0,bachelor,employed,99150,0,0,3.1,3,80566.81,1,574303.0,688.4,36,0.882,14.6,Xiaomi,27736,5,0,1,1,0.0,1
C101803,39,M,Челябинск,1136398,married,2,master,employed,136800,1,1,1.8,3,240589.91,0,,,24,0.497,11.6,Apple,149412,1,3,0,1,1.0,1
C101804,35,F,Нижний Новгород,1198868,single,0,secondary,employed,41807,0,0,7.3,2,13674.95,0,,576.3,15,0.755,3.1,Xiaomi,26540,15,2,1,0,,0
C101805,63,F,Самара,1210287,married,4,bachelor,employed,53308,1,1,7.8,4,34811.02,1,203837.86,614.7,9,0.366,0.2,Huawei,27568,14,2,0,1,0.0,0
C101806,53,F,Омск,1139549,married,4,bachelor,self_employed,58292,1,0,1.3,2,78185.33,1,1017200.43,620.9,12,0.265,1.1,Samsung,35300,17,4,0,0,,0
C101807,42,F,Москва,13141271,married,4,master,employed,131337,1,0,1.2,2,281875.58,1,2910484.45,634.2,41,0.961,1.8,Samsung,54583,26,9,1,0,,0
C101808,28,F,Санкт-Петербург,5239840,single,0,master,employed,148729,1,1,4.5,6,149266.08,0,,801.5,41,0.975,4.3,Apple,115626,20,3,1,1,2.0,1
C101809,30,M,Ростов-на-Дону,1100560,single,1,master,employed,79014,0,0,3.1,1,35748.49,1,936779.69,592.0,32,0.87,5.5,Xiaomi,14472,21,0,0,0,,0
C101810,20,M,Санкт-Петербург,5439375,married,1,bachelor,employed,83708,0,0,1.3,1,27331.67,1,657568.14,701.0,32,0.981,2.5,Xiaomi,18593,40,2,0,0,,0
C101811,44,F,Санкт-Петербург,5433221,single,0,secondary,employed,51961,0,0,2.0,3,32487.0,0,,,10,0.401,4.1,Samsung,46281,6,4,0,0,,0
C101812,36,M,Самара,1193657,married,1,master,employed,91860,0,1,18.0,1,42148.35,0,,612.0,23,0.84,4.6,Other,17246,14,3,0,0,,0
C101813,33,F,Новосибирск,1536887,single,0,bachelor,employed,65640,1,0,5.1,2,46351.13,1,1657803.21,661.9,30,0.852,3.5,Xiaomi,15686,30,0,1,0,,0
C101814,55,M,Уфа,1173162,married,0,secondary,employed,131841,1,1,4.3,3,153071.83,0,,669.1,32,0.641,,Google,37552,35,4,0,0,,0
C101815,62,M,Москва,12558411,married,2,master,employed,173574,1,1,5.8,2,217742.0,1,2192239.82,661.6,44,0.74,6.2,Xiaomi,32075,35,4,0,1,1.0,0
C101816,32,M,Москва,12328551,single,0,secondary,unemployed,25886,0,0,2.7,1,7342.14,0,,,12,0.787,3.8,Xiaomi,14243,21,2,0,1,1.0,0
C101817,43,M,Москва,12112836,single,0,secondary,employed,66040,0,0,13.9,3,102742.33,0,,619.2,24,0.686,0.6,Samsung,43274,20,0,0,1,0.0,0
C101818,66,F,Санкт-Петербург,5437552,married,0,secondary,employed,53926,0,0,14.5,1,33565.28,0,,573.7,7,0.313,2.3,Xiaomi,14566,10,1,1,1,0.0,0
C101819,27,F,Казань,1293996,single,0,bachelor,employed,70507,0,1,9.0,2,71323.82,0,,602.2,31,0.928,10.7,Huawei,20055,30,2,1,0,,0
C101820,52,F,Санкт-Петербург,5557604,married,0,secondary,employed,57190,0,1,2.8,2,39328.36,1,297715.36,626.6,15,0.391,1.4,Xiaomi,25862,13,2,1,0,,0
C101821,71,M,Казань,1337200,married,1,bachelor,employed,38165,1,1,9.6,1,27232.74,0,,557.6,3,0.185,1.2,Xiaomi,21957,4,0,0,1,1.0,0
C101822,36,F,Москва,11867161,single,1,bachelor,employed,107113,1,0,2.7,3,243449.33,1,602539.68,612.6,27,0.862,6.0,Apple,130806,4,3,0,0,,1
C101823,47,F,Казань,1305364,single,0,secondary,self_employed,75125,1,0,4.6,2,36405.57,1,2983797.56,592.9,24,0.801,3.9,Xiaomi,45253,7,1,0,1,0.0,0
C101824,34,F,Нижний Новгород,1227417,single,0,secondary,self_employed,59030,0,1,7.8,2,19910.34,0,,649.7,25,0.696,7.6,Xiaomi,28108,16,1,0,1,1.0,0
C101825,59,M,Екатеринбург,1512842,single,1,bachelor,employed,35727,1,0,3.0,1,71566.0,0,,,6,0.376,2.9,Other,11302,27,0,1,0,,0
C101826,48,F,Нижний Новгород,1226152,single,0,secondary,self_employed,138046,1,0,0.7,3,367509.53,0,,,24,0.451,3.4,Samsung,57051,22,6,0,1,0.0,0
C101827,59,M,Екатеринбург,1573965,married,3,bachelor,employed,25610,0,1,4.1,1,8907.28,0,,478.2,3,0.181,0.2,Huawei,9180,17,0,0,0,,0
C101828,34,F,Новосибирск,1740556,married,1,secondary,employed,76750,0,1,1.2,2,70899.54,1,624454.01,603.8,35,0.921,1.7,Xiaomi,33949,7,1,0,1,1.0,0
C101829,18,M,Санкт-Петербург,5308899,single,0,bachelor,employed,56589,0,0,0.0,2,46937.36,1,300125.68,522.3,16,0.66,6.4,Xiaomi,30297,17,2,0,0,,0
C101830,56,M,Нижний Новгород,1259166,married,5,bachelor,employed,126599,1,1,6.5,2,300331.8,1,829607.73,676.0,29,0.653,1.1,Samsung,47644,20,4,0,0,,0
C101831,36,F,Санкт-Петербург,5479632,single,2,secondary,employed,82560,1,1,14.2,2,76451.39,1,1521444.67,646.6,33,0.798,6.8,Samsung,29856,29,2,0,0,,0
C101832,39,M,Санкт-Петербург,5340428,single,0,bachelor,employed,226284,1,0,9.9,4,422201.66,1,2252071.68,829.9,41,0.974,8.9,Apple,106406,7,7,0,1,1.0,1
C101833,46,F,Москва,12715606,married,1,secondary,employed,121689,1,1,1.5,1,107667.17,1,1769428.7,718.8,40,0.85,6.2,Huawei,28961,27,6,0,0,,0
C101834,22,F,Санкт-Петербург,5451579,single,0,master,employed,132458,1,1,0.8,2,102425.71,0,,,45,0.999,7.0,Xiaomi,45590,12,2,0,0,,0
C101835,38,F,Уфа,1151715,married,3,bachelor,employed,74274,0,0,9.8,1,170185.68,1,806790.78,592.0,28,0.864,4.4,Samsung,33328,32,2,0,0,,0
C101836,18,M,Самара,1159975,single,0,bachelor,employed,41428,0,0,0.0,1,34013.06,0,,,17,0.928,2.6,Samsung,36265,39,1,1,0,,0
C101837,55,M,Уфа,1124538,married,3,bachelor,self_employed,53742,0,0,9.7,2,55030.59,0,,669.7,14,0.466,1.0,Xiaomi,20439,11,1,1,0,,0
C101838,25,F,Казань,1337846,single,0,master,employed,51225,0,0,1.6,2,39644.22,1,308610.92,628.5,12,0.634,5.7,Xiaomi,12056,48,2,0,0,,0
C101839,28,F,Самара,1195555,single,0,bachelor,employed,98223,0,1,1.8,2,43137.58,0,,,45,0.971,8.6,Apple,101069,25,5,0,0,,1
C101840,34,M,Екатеринбург,1425375,single,1,master,employed,34311,0,0,3.7,1,16969.66,1,177533.32,545.6,20,0.744,,Xiaomi,17316,25,1,0,0,,0
C101841,37,F,Новосибирск,1582179,married,2,bachelor,employed,169437,0,0,15.1,2,281603.71,1,568890.34,764.9,30,0.819,6.4,Apple,128616,4,2,0,1,2.0,1
C101842,57,F,Краснодар,1128286,married,1,bachelor,employed,28319,0,0,3.8,1,10192.64,1,160063.28,529.0,12,0.683,2.4,Xiaomi,9772,23,0,0,1,0.0,0
C101843,62,M,Казань,1306593,divorced,0,bachelor,self_employed,132735,1,0,4.7,1,748835.68,0,,675.9,26,0.529,4.3,Apple,117837,21,3,1,1,0.0,1
C101844,45,M,Самара,1182608,single,1,bachelor,employed,79804,1,0,27.0,4,37114.4,1,647389.89,700.1,23,0.649,2.8,Xiaomi,15639,48,3,0,0,,0
C101845,31,F,Казань,1393203,single,0,secondary,employed,41068,0,1,7.3,3,25295.12,1,99647.35,578.9,25,0.973,1.5,Other,6274,34,3,0,0,,0
C101846,28,M,Москва,12714313,single,0,bachelor,employed,110905,1,0,4.5,3,49874.66,1,646809.94,674.5,34,0.971,1.9,Apple,71893,10,2,0,1,1.0,1
C101847,39,F,Санкт-Петербург,5460790,single,1,master,employed,194819,1,1,4.0,1,953013.09,1,524218.07,693.7,45,0.703,1.9,Xiaomi,43587,24,2,1,1,0.0,1
C101848,39,F,Новосибирск,1726297,married,3,bachelor,unemployed,22282,0,0,5.8,1,2648.27,1,79028.1,499.7,7,0.613,4.6,Other,9784,12,0,0,0,,0
C101849,41,M,Самара,1125744,single,0,bachelor,employed,46026,1,1,6.9,1,37139.32,0,,567.4,12,0.431,2.5,Xiaomi,12502,48,2,0,1,1.0,0
C101850,26,F,Уфа,1129722,married,2,bachelor,employed,93425,1,0,3.6,6,19702.66,0,,691.6,34,0.991,10.5,Xiaomi,25997,11,2,1,0,,1
C101851,47,M,Екатеринбург,1516936,single,0,secondary,employed,42569,1,0,4.6,2,30847.33,1,275329.9,624.3,13,0.681,3.9,Xiaomi,12632,15,3,0,0,,0
C101852,23,M,Санкт-Петербург,5664883,single,0,master,employed,160077,1,1,5.0,2,164137.5,0,,668.8,62,0.938,5.2,Apple,94872,23,2,1,1,0.0,1
C101853,59,F,Нижний Новгород,1228051,married,5,master,employed,28610,1,0,3.8,1,19628.71,0,,518.8,2,0.381,0.6,Samsung,22925,22,0,0,0,,0
C101854,35,M,Самара,1155871,married,2,secondary,employed,63441,0,0,1.3,3,63807.46,1,219599.65,650.5,16,0.532,3.9,Apple,54505,12,0,0,0,,0
C101855,70,M,Краснодар,1132406,married,2,secondary,employed,49157,0,1,6.3,2,60346.02,1,923603.27,638.1,12,0.358,4.1,Xiaomi,19504,18,2,0,1,0.0,0
C101856,38,M,Нижний Новгород,1230203,married,3,secondary,employed,77748,1,0,4.2,1,100001.83,1,371273.64,577.9,41,0.875,2.3,Samsung,33134,37,3,0,0,,0
C101857,60,M,Уфа,1131885,married,3,bachelor,employed,46225,0,0,9.0,3,60884.01,1,938701.88,522.1,11,0.637,2.8,Xiaomi,22671,11,2,0,1,0.0,0
C101858,72,F,Новосибирск,1615350,married,1,bachelor,employed,51114,1,0,0.6,1,49318.65,1,96868.8,532.5,4,0.156,1.5,Xiaomi,23394,32,0,1,0,,0
C101859,64,F,Уфа,1085369,married,5,secondary,employed,14065,0,0,5.2,1,12634.27,0,,477.2,2,0.572,1.1,Other,6044,15,0,0,0,,0
C101860,45,F,Уфа,1074305,single,0,master,employed,39297,0,0,10.7,3,28282.54,0,,581.5,2,0.24,,Other,9560,5,2,0,0,,0
C101861,59,M,Новосибирск,1786280,married,3,master,employed,122048,1,1,2.8,2,319098.95,0,,,33,0.452,4.2,Samsung,41673,47,3,0,1,2.0,0
C101862,42,M,Челябинск,1181928,single,0,bachelor,employed,93954,0,0,6.8,4,289366.58,1,1017327.97,652.8,33,0.736,6.6,OnePlus,55522,12,5,0,0,,0
C101863,32,F,Нижний Новгород,1190473,divorced,1,secondary,employed,35347,0,0,3.4,2,14626.52,1,339224.51,580.9,5,0.525,1.8,Xiaomi,14381,7,1,0,1,0.0,0
C101864,25,M,Санкт-Петербург,5297692,married,0,master,employed,55524,0,0,7.0,1,32093.76,0,,599.4,27,0.91,9.0,Xiaomi,12640,30,2,0,0,,0
C101865,68,M,Казань,1269933,married,1,secondary,employed,58904,0,0,4.2,5,26174.17,0,,445.5,18,0.553,2.0,Samsung,28681,48,2,0,0,,0
C101866,19,F,Казань,1321754,single,0,bachelor,employed,27402,0,0,1.0,1,21977.98,0,,,7,0.746,4.0,Xiaomi,11208,23,1,0,0,,0
C101867,57,M,Екатеринбург,1517039,married,1,bachelor,employed,59622,1,1,15.2,2,104116.02,1,439116.33,622.9,20,0.708,6.3,Xiaomi,42377,10,4,0,1,0.0,0
C101868,36,F,Екатеринбург,1568300,married,0,secondary,self_employed,65678,0,0,6.2,2,111744.19,1,584851.76,595.7,25,0.84,5.6,Xiaomi,22225,26,4,0,0,,0
C101869,35,F,Нижний Новгород,1216976,single,2,master,employed,112604,1,0,17.0,6,105659.33,1,322322.4,628.0,28,0.659,15.6,Samsung,44953,35,4,0,0,,0
C101870,29,M,Ростов-на-Дону,1175744,single,0,bachelor,self_employed,48651,0,0,1.1,1,80263.75,1,860371.96,587.7,24,0.84,11.6,Huawei,16533,48,1,0,0,,0
C101871,63,F,Москва,12172952,married,1,secondary,employed,54788,0,1,25.8,3,25429.72,1,1458211.68,676.1,9,0.257,,Xiaomi,18250,7,2,0,0,,0
C101872,39,F,Казань,1232923,single,0,secondary,employed,28608,1,1,3.0,1,12050.85,0,,563.2,16,0.773,1.1,Other,9052,14,1,0,0,,0
C101873,26,M,Самара,1234096,single,0,secondary,employed,30551,0,0,3.7,2,4699.54,0,,492.9,16,0.82,2.2,Xiaomi,13218,44,0,0,0,,0
C101874,25,F,Краснодар,1102256,single,0,bachelor,employed,24111,0,0,7.0,1,6147.74,0,,523.2,6,0.773,1.3,Other,9593,5,0,1,1,0.0,0
C101875,32,M,Екатеринбург,1469892,single,0,bachelor,employed,63690,1,0,13.0,1,76171.36,1,359705.74,678.7,27,0.844,2.9,Other,6529,23,1,0,0,,0
C101876,48,F,Челябинск,1231082,married,0,bachelor,employed,52960,0,1,3.5,3,15141.06,0,,605.0,14,0.46,3.4,Samsung,19120,36,5,0,1,0.0,0
C101877,30,F,Нижний Новгород,1241433,single,0,master,employed,66721,0,0,11.2,2,42785.73,1,497518.01,647.5,25,0.865,1.0,Apple,108587,6,0,0,0,,1
C101878,49,F,Екатеринбург,1548271,married,3,bachelor,employed,72711,0,0,5.3,1,100891.38,1,3288951.54,580.6,24,0.432,1.8,Huawei,22071,34,0,0,0,,0
C101879,33,M,Москва,12234195,married,0,secondary,employed,105854,0,0,3.3,2,165000.98,1,652906.12,625.3,49,0.913,13.5,Huawei,32007,11,5,0,1,2.0,1
C101880,24,M,Москва,13364159,single,0,phd,employed,100837,0,0,3.6,2,139683.18,0,,640.5,35,0.841,3.8,Apple,90174,3,3,1,1,1.0,1
C101881,40,F,Санкт-Петербург,5328821,married,3,bachelor,employed,181516,1,1,12.3,4,373885.46,1,947197.43,807.4,36,0.787,5.8,Apple,106735,19,2,0,1,0.0,1
C101882,37,F,Санкт-Петербург,5015453,single,0,bachelor,employed,297955,1,1,3.2,7,391977.78,0,,,42,0.85,2.6,Apple,149412,11,3,0,1,2.0,1
C101883,42,F,Новосибирск,1597599,single,1,bachelor,employed,57738,1,0,3.0,2,52617.66,0,,635.3,18,0.642,3.6,Huawei,25101,12,2,0,0,,0
C101884,58,M,Москва,12802648,single,0,bachelor,self_employed,177339,1,1,7.0,3,224590.52,0,,754.7,40,0.668,1.7,Apple,81888,25,3,0,1,0.0,1
C101885,47,M,Уфа,1143444,married,2,secondary,employed,116885,1,0,1.1,1,161440.0,1,467934.04,580.0,22,0.38,6.1,Apple,102603,9,4,1,1,2.0,1
C101886,40,M,Самара,1185584,single,0,bachelor,self_employed,105853,0,1,0.7,1,186675.84,1,739627.55,621.0,37,0.917,4.3,Apple,93168,14,1,0,0,,0
C101887,50,F,Москва,12751301,married,5,secondary,employed,46273,0,0,2.6,5,27760.93,1,153641.61,608.2,13,0.572,3.4,Other,20126,12,3,0,0,,0
C101888,25,M,Ростов-на-Дону,1151685,single,0,bachelor,employed,33530,0,0,7.0,1,20164.77,0,,641.7,11,0.971,8.2,Xiaomi,7411,33,1,0,0,,0
C101889,65,M,Казань,1332980,married,1,bachelor,employed,49005,0,0,6.7,3,29916.11,0,,550.1,10,0.238,2.6,Xiaomi,19211,35,2,0,1,0.0,0
C101890,32,F,Екатеринбург,1538172,married,1,secondary,employed,40331,0,0,1.3,2,16382.77,0,,,11,0.392,2.3,Xiaomi,19407,12,5,0,0,,0
C101891,21,M,Ростов-на-Дону,1124335,single,0,bachelor,self_employed,75767,0,0,3.0,1,80489.23,1,850614.5,666.8,35,0.727,0.5,OnePlus,48045,31,1,0,0,,0
C101892,63,F,Москва,12836211,divorced,2,secondary,employed,98466,1,1,2.7,3,144405.87,0,,629.9,26,0.599,7.6,Samsung,44209,20,1,0,1,0.0,0
C101893,45,F,Казань,1293466,married,4,bachelor,self_employed,76040,1,0,1.1,4,118456.79,1,782370.13,490.6,18,0.478,3.9,Xiaomi,28182,6,4,0,0,,0
C101894,59,F,Санкт-Петербург,5309419,married,2,bachelor,employed,92705,0,1,6.5,3,179251.01,1,307005.1,600.2,27,0.525,7.2,Other,14270,18,1,0,1,1.0,0
C101895,42,M,Челябинск,1166891,single,0,bachelor,self_employed,58661,1,0,1.9,1,124775.39,1,343531.43,,17,0.582,3.6,Huawei,15111,23,3,1,0,,0
C101896,36,F,Уфа,1162826,single,0,secondary,employed,79408,0,0,11.0,1,30165.21,0,,661.4,28,0.928,7.5,Samsung,33661,3,1,1,0,,1
C101897,39,M,Краснодар,1159976,single,0,secondary,employed,57085,0,0,6.3,3,29380.03,0,,608.8,21,0.451,4.3,Xiaomi,26446,28,3,1,0,,0
C101898,29,F,Челябинск,1164315,single,0,secondary,employed,41404,0,1,1.9,2,23671.17,1,588526.24,637.3,7,0.443,3.7,Huawei,20558,10,2,0,0,,0
C101899,21,F,Москва,12446715,single,0,master,employed,112756,1,0,3.0,6,136778.05,1,761199.05,725.9,47,0.945,8.8,Apple,85442,36,4,0,0,,1
C101900,48,F,Новосибирск,1640395,married,4,secondary,employed,37814,0,1,13.6,1,15554.88,0,,615.0,6,0.57,1.7,Samsung,21702,37,1,0,0,,0
C101901,42,F,Самара,1107428,married,3,secondary,self_employed,109404,1,0,6.3,4,112830.43,1,359806.98,714.9,32,0.94,5.4,Samsung,54017,9,5,1,1,0.0,1
C101902,31,F,Санкт-Петербург,5052666,single,0,bachelor,employed,85511,1,1,11.5,2,118102.72,0,,680.5,19,0.446,13.5,Apple,70983,18,3,0,1,1.0,1
C101903,32,M,Краснодар,1087884,single,1,bachelor,self_employed,81387,0,0,6.6,3,27614.1,1,1859314.53,699.2,26,0.696,8.9,Other,9520,36,5,1,1,0.0,0
C101904,21,M,Москва,12583511,single,0,secondary,employed,64393,0,0,3.0,1,63819.49,0,,672.8,28,0.903,20.0,Other,16748,15,2,0,0,,0
C101905,57,F,Новосибирск,1640065,married,2,bachelor,self_employed,65933,1,1,2.0,4,33898.06,1,679045.76,518.8,15,0.532,3.6,Xiaomi,26589,27,3,0,1,1.0,0
C101906,24,M,Казань,1305863,single,0,bachelor,self_employed,39332,0,0,6.0,2,27530.12,0,,618.7,21,0.764,3.2,Samsung,29943,48,2,1,0,,0
C101907,27,F,Москва,12833852,single,0,bachelor,employed,95744,0,1,5.6,3,48104.5,0,,626.7,27,0.71,13.5,Samsung,48174,8,4,1,0,,1
C101908,30,M,Казань,1312398,single,0,master,employed,53561,0,0,8.8,3,73503.75,1,329500.1,605.2,10,0.531,1.2,Xiaomi,17320,6,1,0,0,,0
C101909,61,M,Екатеринбург,1503622,married,2,secondary,employed,33321,0,0,4.3,2,13600.07,0,,575.0,9,0.431,1.4,Xiaomi,16425,18,2,0,0,,0
C101910,23,M,Санкт-Петербург,5235640,single,0,bachelor,self_employed,183025,1,0,5.0,3,829699.4,0,,597.9,43,0.826,8.8,Apple,149412,5,4,1,0,,1
C101911,26,M,Самара,1119004,single,0,bachelor,employed,49218,0,0,6.0,2,9357.74,1,372408.74,666.6,27,0.926,2.4,Xiaomi,19336,29,3,0,0,,0
C101912,21,F,Санкт-Петербург,5381271,single,0,bachelor,employed,93631,0,0,3.0,4,134250.53,0,,,38,0.979,6.2,Samsung,42253,24,3,0,0,,0
C101913,64,M,Самара,1145011,married,3,master,employed,83464,1,1,7.4,4,129022.46,1,841002.6,681.9,25,0.765,,Samsung,40323,21,4,0,1,1.0,0
C101914,49,F,Москва,11900898,married,3,secondary,employed,68732,0,0,6.6,2,31110.05,1,874188.66,556.1,17,0.59,3.5,Xiaomi,24048,14,2,1,0,,0
C101915,72,F,Ростов-на-Дону,1184146,married,3,secondary,unemployed,15717,0,0,7.2,1,10434.07,0,,439.1,2,0.386,0.8,Xiaomi,11403,45,0,0,0,,0
C101916,51,F,Нижний Новгород,1240208,married,2,bachelor,employed,71044,1,0,2.5,3,188945.77,1,650123.49,616.3,25,0.67,0.6,Xiaomi,18493,27,1,1,0,,0
C101917,45,M,Санкт-Петербург,5373558,married,5,bachelor,employed,127876,1,1,3.8,4,145422.0,1,2577934.69,671.3,33,0.752,10.7,Apple,78906,18,5,0,0,,1
C101918,22,M,Москва,12574399,single,2,bachelor,employed,98561,1,1,2.3,2,126373.73,1,819839.68,634.5,28,0.996,12.0,Samsung,54119,18,3,0,0,,0
C101919,38,F,Нижний Новгород,1283814,single,0,bachelor,self_employed,56182,0,0,9.8,5,132694.47,0,,531.3,12,0.785,2.5,Samsung,55913,23,2,0,1,1.0,1
C101920,44,M,Уфа,1137816,married,3,master,employed,120424,1,1,3.9,2,124635.78,1,1788415.82,624.1,34,0.778,5.7,Google,107014,4,3,1,0,,1
C101921,36,F,Нижний Новгород,1217544,single,1,bachelor,employed,76857,0,0,10.4,3,101026.7,0,,590.4,32,0.838,5.2,Xiaomi,49805,5,3,0,1,0.0,1
C101922,31,M,Санкт-Петербург,5196887,single,0,secondary,employed,52332,1,0,11.6,1,75663.51,0,,643.2,22,0.774,2.1,Other,11758,29,1,0,1,0.0,0
C101923,58,M,Москва,12521659,single,0,secondary,employed,84717,1,1,23.9,6,194996.28,1,3422985.18,681.4,25,0.437,7.3,Other,8981,31,3,1,1,1.0,0
C101924,33,F,Ростов-на-Дону,1124611,single,0,bachelor,employed,101756,0,0,5.1,2,52261.1,1,2501989.7,699.4,38,0.72,6.2,Xiaomi,17281,29,2,0,0,,0
C101925,23,M,Москва,12221959,single,0,master,employed,127399,0,0,5.0,5,37855.08,1,1485020.78,754.4,35,0.988,2.0,Apple,69209,30,1,1,0,,1
C101926,28,F,Санкт-Петербург,5625629,single,0,secondary,employed,91441,0,1,10.0,2,86775.8,1,1601693.7,691.1,42,0.955,6.1,Xiaomi,23906,29,3,0,0,,0
C101927,53,F,Москва,12694574,single,0,bachelor,employed,148592,1,1,6.1,3,246222.12,1,1122610.86,710.9,28,0.63,2.9,Apple,87014,19,6,1,1,1.0,1
C101928,39,M,Новосибирск,1708593,single,0,secondary,employed,65700,1,1,4.0,2,46959.74,1,393885.29,510.8,13,0.742,2.7,Samsung,60486,11,2,0,0,,0
C101929,39,F,Нижний Новгород,1223816,married,3,master,employed,35872,0,0,11.6,4,35771.27,1,176690.6,619.9,15,0.836,4.9,Xiaomi,17065,7,0,0,0,,0
C101930,35,M,Новосибирск,1509362,single,1,secondary,employed,43352,0,0,2.2,1,33327.52,0,,,19,0.738,8.6,Xiaomi,18388,6,2,0,0,,0
C101931,27,F,Челябинск,1198843,single,0,bachelor,employed,57365,0,0,5.7,1,17093.33,1,485602.36,700.4,22,0.906,4.7,Samsung,23922,12,1,0,0,,0
C101932,66,M,Новосибирск,1569755,married,4,secondary,employed,32409,0,0,4.9,2,22065.81,1,136859.73,459.6,4,0.141,0.2,Xiaomi,7690,30,2,0,0,,0
C101933,62,F,Омск,1060461,single,0,bachelor,employed,56551,0,1,18.7,3,55120.86,1,177126.11,660.4,12,0.386,,Xiaomi,38773,5,2,0,0,,0
C101934,30,F,Екатеринбург,1545422,single,0,bachelor,employed,57007,0,0,5.0,3,67079.93,0,,535.5,27,0.884,0.5,OnePlus,19666,47,6,1,1,0.0,0
C101935,23,M,Ростов-на-Дону,1128054,single,0,master,employed,67385,1,0,5.0,1,54521.08,0,,545.5,32,0.947,6.4,Xiaomi,23031,5,1,1,0,,0
C101936,33,M,Ростов-на-Дону,1173087,single,0,master,employed,72914,0,0,4.6,1,40861.42,1,842283.29,656.6,19,0.794,7.6,Samsung,46224,8,2,0,0,,0
C101937,37,F,Санкт-Петербург,5274430,single,1,bachelor,employed,111013,0,1,6.2,1,104740.49,1,1452563.7,682.5,30,0.718,2.5,Apple,90910,27,1,0,0,,0
C101938,37,M,Москва,12676121,single,0,master,employed,195304,0,0,15.3,3,530468.34,0,,850.0,42,0.743,7.7,Apple,100349,9,3,1,0,,1
C101939,59,M,Екатеринбург,1501787,married,4,master,employed,107994,1,0,8.6,2,54194.32,0,,724.8,28,0.583,0.3,Samsung,29440,39,1,0,1,1.0,0
C101940,47,F,Новосибирск,1625692,married,3,secondary,employed,51814,1,1,13.6,3,57272.88,0,,660.5,35,0.782,7.7,Huawei,19366,12,6,0,0,,0
C101941,37,M,Краснодар,1105137,single,0,bachelor,self_employed,116499,0,1,4.2,7,163471.21,1,345600.78,707.3,28,0.768,4.3,Apple,149412,1,1,0,1,2.0,1
C101942,38,F,Санкт-Петербург,5280106,single,0,bachelor,employed,129586,1,1,7.7,2,239900.38,1,772642.06,738.4,37,0.912,10.4,Apple,53897,26,3,0,0,,1
C101943,27,F,Краснодар,1109065,single,0,bachelor,employed,61826,0,0,2.2,3,19294.31,0,,539.3,29,0.811,0.9,Apple,60628,32,1,0,0,,0
C101944,35,M,Санкт-Петербург,5517966,single,0,bachelor,self_employed,148042,1,0,7.9,2,351949.04,0,,677.6,30,0.937,7.4,Apple,121121,34,0,0,0,,1
C101945,33,F,Санкт-Петербург,5216295,single,2,bachelor,employed,68327,0,1,4.5,1,59889.34,1,363100.73,685.0,30,0.811,16.6,Other,14153,2,0,0,0,,0
C101946,22,M,Санкт-Петербург,5469455,single,0,secondary,employed,24393,0,0,4.0,1,5322.95,0,,416.0,14,0.926,7.1,Other,4147,48,0,0,0,,0
C101947,45,F,Екатеринбург,1441327,married,1,secondary,employed,48599,1,1,27.0,3,51693.95,0,,620.0,22,0.662,1.9,Huawei,23712,8,3,1,0,,0
C101948,56,F,Ростов-на-Дону,1096283,married,1,secondary,self_employed,76782,1,0,3.4,5,156692.5,1,438791.07,633.9,21,0.44,0.7,Samsung,29968,35,4,0,1,0.0,0
C101949,59,F,Нижний Новгород,1228381,single,0,secondary,self_employed,32505,0,1,1.3,1,24525.63,1,314166.27,438.2,2,0.339,0.1,Xiaomi,18262,13,0,0,0,,0
C101950,37,M,Новосибирск,1665907,single,1,bachelor,employed,29044,0,0,3.9,2,52177.53,0,,621.9,8,0.71,1.8,Xiaomi,13127,15,0,0,0,,0
C101951,56,F,Екатеринбург,1496451,single,0,secondary,self_employed,32925,0,0,5.6,1,38996.99,1,171184.25,532.2,9,0.456,1.2,Xiaomi,11599,32,2,0,0,,0
C101952,44,M,Ростов-на-Дону,1195113,single,0,secondary,employed,27773,0,1,14.2,2,6089.19,0,,594.6,2,0.307,0.4,Other,13859,11,0,1,1,0.0,0
C101953,34,F,Краснодар,1137653,married,2,master,employed,52221,0,0,14.7,1,34294.51,0,,612.7,18,0.722,5.7,Xiaomi,11898,37,2,0,0,,0
C101954,35,F,Новосибирск,1608093,single,0,secondary,employed,76946,0,0,10.1,5,51430.62,1,801427.71,675.6,29,0.762,4.9,Xiaomi,26660,21,2,0,1,0.0,0
C101955,19,F,Нижний Новгород,1323306,single,0,bachelor,employed,55885,0,0,1.0,1,26919.46,1,350731.64,687.4,16,0.993,5.3,Xiaomi,24454,11,1,0,0,,0
C101956,27,F,Санкт-Петербург,5301139,married,0,master,self_employed,187377,1,1,7.8,4,651759.44,1,951963.38,688.9,37,0.999,7.0,Apple,146777,4,9,1,0,,1
C101957,31,M,Самара,1223831,single,0,master,employed,122874,1,1,12.5,3,141033.09,1,1718762.67,715.1,34,0.943,4.2,Samsung,106042,4,4,1,1,2.0,1
C101958,50,M,Москва,12416011,married,5,secondary,employed,115221,0,1,1.8,2,175339.06,1,1566401.82,616.0,30,0.524,5.6,Huawei,31381,18,1,0,1,0.0,0
C101959,30,M,Москва,13378189,single,0,bachelor,employed,83946,1,1,5.0,1,59650.38,1,483087.53,599.0,41,0.874,6.1,Huawei,22239,15,1,0,1,1.0,0
C101960,41,M,Самара,1142821,divorced,1,bachelor,employed,41898,0,0,1.8,2,30791.44,0,,,18,0.839,3.2,Huawei,28250,8,4,0,0,,0
C101961,40,F,Омск,1155237,single,0,master,employed,118653,1,1,16.2,3,166832.18,1,1204025.21,709.6,40,0.791,5.7,Huawei,22971,48,0,0,1,1.0,0
C101962,61,M,Челябинск,1211897,married,3,secondary,employed,48272,1,0,13.9,1,67796.85,1,247962.22,622.8,3,0.27,0.7,Xiaomi,19068,5,0,0,1,1.0,0
C101963,37,M,Москва,12080807,married,1,master,self_employed,176302,1,0,5.4,2,136846.04,1,5070404.66,657.0,41,0.787,16.1,Xiaomi,31256,13,2,0,0,,0
C101964,28,M,Москва,12140353,single,0,master,employed,53644,1,0,10.0,2,38668.73,1,421352.42,694.3,27,0.854,7.0,Huawei,21496,12,0,0,0,,0
C101965,28,M,Челябинск,1197487,single,0,bachelor,self_employed,99382,0,1,10.0,1,50400.27,0,,621.2,24,0.862,6.4,Xiaomi,27612,33,3,1,1,0.0,1
C101966,30,M,Москва,12613115,single,0,secondary,self_employed,112021,1,0,6.6,4,60992.17,1,2750913.66,690.8,41,0.995,1.6,Other,13298,18,3,0,1,1.0,0
C101967,30,F,Москва,12336194,single,0,bachelor,employed,163207,0,1,1.9,3,251191.35,1,474467.46,699.0,58,0.954,8.7,Samsung,100881,7,3,0,1,1.0,1
C101968,26,M,Москва,13141355,single,0,bachelor,employed,127022,0,0,0.9,2,81623.07,1,1668656.28,714.7,28,0.921,1.3,Apple,94241,19,1,1,0,,1
C101969,42,M,Нижний Новгород,1227673,married,2,bachelor,employed,158069,0,0,11.9,2,413185.7,1,1413326.0,729.7,22,0.657,3.5,Huawei,34431,13,3,0,1,1.0,0
C101970,35,M,Уфа,1145680,married,2,bachelor,employed,38593,0,0,9.4,2,6024.06,0,,571.7,17,0.788,1.2,Xiaomi,11239,7,1,0,0,,0
C101971,31,F,Ростов-на-Дону,1153723,single,0,bachelor,employed,55512,0,1,3.7,1,32971.63,1,131184.45,589.2,27,0.697,0.8,Huawei,14657,30,1,0,0,,0
C101972,24,F,Санкт-Петербург,5100867,single,0,master,employed,107446,1,0,6.0,2,172030.44,0,,607.5,48,0.966,9.6,Samsung,39504,48,5,1,0,,1
C101973,29,M,Самара,1183692,single,0,master,employed,44947,1,0,6.9,2,9478.52,1,275174.5,620.3,21,0.751,11.0,Google,29398,15,0,1,1,0.0,1
C101974,28,M,Краснодар,1068289,single,0,bachelor,employed,48497,1,0,0.9,3,31652.5,1,533040.13,657.7,13,0.657,3.5,Samsung,35730,48,0,0,0,,0
C101975,25,M,Омск,1111734,single,0,bachelor,employed,31119,0,0,5.0,1,5183.46,1,562315.47,519.0,22,0.988,12.7,Huawei,17208,19,2,0,0,,0
C101976,52,F,Челябинск,1239528,married,2,bachelor,self_employed,93408,1,1,3.3,3,40325.47,1,580792.88,667.4,28,0.473,0.4,Samsung,60110,9,3,1,1,0.0,1
C101977,19,M,Москва,12574293,single,0,master,employed,70903,0,1,1.0,1,50581.58,0,,,24,0.989,9.9,Samsung,33525,30,0,0,1,1.0,0
C101978,27,M,Челябинск,1197614,single,0,master,employed,39889,0,0,7.4,2,6067.7,1,768325.49,592.5,19,0.661,3.8,Samsung,24990,38,2,0,0,,0
C101979,22,M,Нижний Новгород,1220351,single,0,bachelor,employed,60275,0,0,4.0,2,19878.08,1,840928.6,648.1,29,0.862,7.2,Xiaomi,36712,7,3,0,0,,0
C101980,33,M,Ростов-на-Дону,1168487,single,0,bachelor,employed,68552,0,0,3.2,1,36977.74,1,662824.79,540.5,27,0.738,1.6,Huawei,41814,3,2,0,0,,0
C101981,60,M,Челябинск,1137870,married,3,bachelor,employed,45980,0,1,12.2,3,23696.93,0,,624.5,28,0.561,4.8,Huawei,17322,28,2,1,0,,0
C101982,43,F,Новосибирск,1617388,married,2,secondary,employed,74074,1,1,9.7,1,37884.17,1,337148.37,668.2,34,0.799,2.1,Xiaomi,19309,29,1,0,1,0.0,0
C101983,27,M,Новосибирск,1642171,single,0,bachelor,self_employed,47356,0,0,5.9,2,35264.05,0,,651.0,24,0.808,6.0,Other,10029,40,1,0,0,,0
C101984,35,F,Москва,13426594,single,0,bachelor,employed,184383,1,1,10.4,7,227149.44,1,1099187.64,789.8,38,0.907,4.1,Samsung,66094,21,4,1,0,,1
C101985,52,M,Новосибирск,1669252,married,0,secondary,employed,68068,1,0,7.8,4,57869.22,1,653315.99,655.7,14,0.706,2.1,Huawei,40327,14,6,1,1,0.0,1
C101986,32,F,Омск,1172634,single,0,bachelor,employed,41157,0,0,9.1,1,43817.82,1,139824.36,657.4,15,0.599,3.9,Samsung,28978,23,0,1,0,,0
C101987,20,M,Омск,1142854,single,0,bachelor,employed,32841,0,0,2.0,3,17903.57,0,,,11,0.762,2.3,Xiaomi,16114,35,0,0,1,3.0,0
C101988,36,F,Нижний Новгород,1182936,married,2,master,employed,53424,0,1,4.2,2,78371.9,1,290897.01,569.4,14,0.529,6.5,Xiaomi,21712,8,3,0,1,0.0,0
C101989,39,F,Самара,1212985,single,0,bachelor,employed,61900,1,1,7.4,4,75534.13,0,,692.0,22,0.615,3.2,Xiaomi,30084,28,2,0,0,,0
C101990,26,F,Санкт-Петербург,5596657,single,0,bachelor,unemployed,156767,0,0,7.7,5,252909.6,0,,666.9,45,0.983,1.6,Apple,105275,12,2,0,1,2.0,1
C101991,40,F,Уфа,1162880,married,0,bachelor,employed,64673,1,0,3.2,3,27946.86,1,396962.03,600.5,12,0.694,1.2,Apple,62760,14,1,0,1,2.0,1
C101992,66,F,Челябинск,1137943,married,4,secondary,employed,44741,1,0,15.3,1,130497.17,1,961910.56,542.3,2,0.132,0.5,Xiaomi,14479,21,1,0,1,0.0,0
C101993,36,M,Омск,1110004,single,0,master,employed,181237,0,1,15.9,5,432599.47,0,,725.0,37,0.679,14.7,Samsung,149412,7,4,0,1,1.0,1
C101994,45,M,Уфа,1160426,divorced,3,master,employed,132726,1,0,5.2,5,186950.51,1,1307513.51,717.5,47,0.878,2.7,Samsung,57538,15,5,1,1,0.0,1
C101995,36,F,Москва,13045338,married,0,bachelor,employed,119999,0,0,14.8,3,105037.27,1,282714.04,676.5,31,0.982,1.3,Samsung,53189,15,2,0,0,,0
C101996,50,M,Санкт-Петербург,5248826,married,2,phd,employed,187345,1,1,4.8,3,167995.53,1,5956865.3,693.0,42,0.864,1.9,Samsung,64714,44,3,1,1,0.0,1
C101997,46,F,Краснодар,1130925,married,5,bachelor,self_employed,202699,0,1,5.2,4,448821.67,1,3295103.35,721.4,34,0.448,5.7,Apple,111483,14,5,0,1,1.0,1
C101998,58,F,Москва,13076430,single,0,master,employed,285377,1,1,23.8,5,714777.92,0,,728.5,37,0.303,12.0,Apple,106074,18,6,0,1,2.0,1
C101999,56,M,Казань,1276928,single,0,bachelor,employed,34119,0,1,7.3,3,41881.97,0,,581.4,10,0.556,1.8,Xiaomi,11460,43,2,0,1,0.0,0
C102000,55,F,Челябинск,1263747,married,2,secondary,employed,29132,0,0,4.7,2,15299.92,0,,679.5,2,0.306,2.5,Xiaomi,13214,31,2,0,0,,0
C102001,38,F,Омск,1113421,single,0,master,employed,43481,0,0,3.4,2,99853.9,1,164104.29,576.1,7,0.37,6.8,Apple,39240,10,4,0,0,,0
C102002,61,M,Челябинск,1152531,married,4,secondary,employed,16508,0,0,5.1,1,5557.8,0,,569.2,2,0.349,0.1,Other,3955,48,1,0,0,,0
C102003,53,F,Новосибирск,1632598,married,3,secondary,self_employed,60340,1,0,2.7,1,36081.7,0,,533.2,19,0.694,4.0,Xiaomi,28748,16,1,1,0,,0
C102004,62,F,Ростов-на-Дону,1170242,married,1,secondary,employed,27905,1,0,1.9,1,14185.45,0,,,2,0.385,1.6,Other,6879,9,1,0,0,,0
C102005,52,M,Казань,1273495,married,3,secondary,employed,57687,0,1,4.1,2,28309.28,0,,657.4,27,0.832,4.3,Huawei,15378,47,1,0,0,,0
C102006,30,M,Санкт-Петербург,5546405,single,0,secondary,employed,106397,0,1,0.9,3,139276.69,0,,640.1,37,0.812,10.7,Apple,66235,6,1,0,1,0.0,1
C102007,26,F,Москва,12383699,single,0,bachelor,self_employed,75738,0,0,2.5,3,18383.29,0,,582.2,43,0.954,7.6,Samsung,35405,38,3,0,0,,0
C102008,32,F,Омск,1102606,single,0,bachelor,employed,42971,0,1,4.5,4,34727.53,1,594218.43,546.1,14,0.626,1.7,Other,10828,32,3,0,1,0.0,0
C102009,52,M,Новосибирск,1538309,married,2,bachelor,employed,77421,0,0,9.4,6,97837.56,1,260779.11,658.5,25,0.451,1.0,Other,13408,7,4,0,0,,0
C102010,41,M,Новосибирск,1571414,married,3,bachelor,employed,251359,1,0,7.0,5,578784.88,1,1496996.73,808.3,46,0.836,1.7,Apple,129605,18,7,0,1,1.0,1
C102011,43,F,Москва,13143986,married,2,secondary,employed,51650,0,0,15.5,4,75061.22,1,788951.07,638.9,11,0.626,4.5,Other,13183,2,6,0,0,,0
C102012,25,M,Москва,12734410,married,1,bachelor,employed,96913,1,0,7.0,2,48754.67,1,351908.11,633.2,33,0.938,12.4,Huawei,25284,21,4,0,1,0.0,0
C102013,40,F,Екатеринбург,1494096,single,0,master,unemployed,28274,0,0,12.2,1,11786.45,0,,368.0,21,0.835,8.0,Xiaomi,9716,48,2,0,0,,0
C102014,33,F,Москва,12125358,married,1,master,employed,75494,1,1,15.0,1,33628.63,1,1092052.11,710.5,28,0.598,6.7,Apple,85728,13,2,0,0,,1
C102015,29,F,Санкт-Петербург,5225242,single,0,bachelor,self_employed,193717,1,1,3.1,3,140654.93,1,4344570.53,803.1,48,0.951,9.7,Apple,130096,26,1,1,0,,1
C102016,50,F,Челябинск,1187946,married,2,bachelor,employed,47260,0,0,3.4,1,29470.17,1,805084.37,,9,0.27,3.2,Xiaomi,13955,34,1,1,0,,0
C102017,41,F,Омск,1107947,married,0,secondary,unemployed,14172,0,0,1.0,1,9057.23,0,,476.1,2,0.487,0.7,Xiaomi,6255,30,1,0,0,,0
C102018,34,F,Екатеринбург,1452333,single,1,bachelor,employed,66059,1,0,11.4,3,43822.89,1,872878.6,567.8,33,0.867,2.9,Xiaomi,16575,12,2,1,1,0.0,0
C102019,31,F,Москва,12781114,single,0,secondary,employed,144432,1,0,2.2,6,214217.41,1,322934.5,681.7,34,0.835,4.2,Xiaomi,30614,28,1,0,1,0.0,0
C102020,33,M,Омск,1156127,single,0,bachelor,employed,51318,0,0,9.3,2,35757.04,1,661634.52,622.3,21,0.811,0.5,Huawei,16843,8,1,0,0,,0
C102021,32,M,Уфа,1174698,single,1,secondary,employed,62909,1,0,6.5,1,149139.45,1,1151515.67,640.1,16,0.62,2.6,Samsung,35590,21,0,0,1,1.0,0
C102022,60,F,Казань,1300730,married,2,secondary,self_employed,35396,0,0,11.6,2,17547.49,1,586015.39,507.7,9,0.374,4.7,Samsung,26420,11,4,0,1,0.0,0
C102023,60,M,Москва,12512211,married,5,secondary,employed,88699,0,1,5.1,3,70858.08,1,2171399.65,602.5,26,0.886,3.2,Samsung,51659,21,3,0,1,0.0,0
C102024,62,F,Санкт-Петербург,5302999,married,4,bachelor,employed,114731,0,1,13.0,4,162130.13,1,1166704.51,689.9,36,0.633,3.4,Apple,100421,23,4,0,1,2.0,1
C102025,51,F,Москва,12857242,married,1,secondary,employed,98437,1,0,10.6,2,83394.46,0,,640.9,15,0.432,1.6,Samsung,47145,37,3,0,1,0.0,0
C102026,60,M,Самара,1230726,married,3,secondary,self_employed,57949,1,1,14.6,2,45044.52,0,,605.9,15,0.489,1.2,Other,8356,29,2,0,0,,0
C102027,54,M,Казань,1371450,married,2,master,employed,104773,0,0,4.5,6,25523.59,1,1018919.66,839.6,25,0.519,0.8,Xiaomi,20453,17,2,0,1,0.0,0
C102028,22,F,Екатеринбург,1401342,married,0,bachelor,self_employed,63639,1,0,1.7,1,41869.44,0,,,26,0.905,3.8,Samsung,31763,48,2,1,0,,0
C102029,42,F,Омск,1171280,single,1,master,employed,107995,0,1,1.1,1,198267.52,0,,,28,0.699,3.7,Samsung,39022,40,0,1,1,0.0,0
C102030,62,F,Москва,11998530,married,3,master,employed,111000,1,1,5.4,3,73408.17,1,2968060.15,750.1,27,0.699,2.8,Apple,80617,5,3,1,1,0.0,1
C102031,64,M,Челябинск,1165937,married,2,secondary,self_employed,46084,1,0,9.9,1,63654.8,1,888936.97,501.7,7,0.446,2.5,Huawei,11241,48,3,0,1,1.0,0
C102032,26,M,Самара,1234953,single,0,bachelor,employed,45884,0,0,2.8,1,10755.21,0,,,19,0.846,2.4,Other,8721,16,4,0,0,,0
C102033,59,M,Челябинск,1126604,single,0,master,employed,56899,1,0,1.9,2,64247.88,1,386639.37,582.4,4,0.178,0.8,Xiaomi,21542,11,1,0,0,,0
C102034,34,M,Нижний Новгород,1197761,single,0,secondary,employed,74378,1,0,2.7,2,40525.88,1,886030.64,639.6,33,0.966,2.4,Xiaomi,19963,13,3,1,1,2.0,1
C102035,72,M,Омск,1116930,married,5,master,self_employed,57315,0,1,2.9,2,101238.74,1,574511.38,560.3,15,0.163,2.6,Other,12549,9,0,0,0,,0
C102036,72,M,Казань,1334767,married,2,secondary,self_employed,19415,0,0,3.9,1,16429.02,0,,594.3,2,0.262,0.1,Other,3821,45,0,0,0,,0
C102037,37,M,Санкт-Петербург,5589165,single,0,bachelor,employed,69484,1,1,9.7,1,106438.71,1,105724.05,633.6,26,0.861,2.4,Xiaomi,38385,12,1,0,0,,0
C102038,34,M,Москва,12141838,single,1,master,employed,89007,1,0,6.1,4,36008.07,1,1692067.49,543.2,22,0.805,1.8,Xiaomi,16031,48,2,0,0,,0
C102039,42,M,Санкт-Петербург,5383049,married,2,master,employed,165385,0,1,9.7,7,258400.42,1,2681622.99,795.5,41,0.914,3.2,Xiaomi,25878,18,9,0,1,0.0,1
C102040,58,F,Казань,1316439,married,3,bachelor,employed,44570,1,0,9.6,3,58691.34,1,1779726.72,645.8,7,0.326,,Huawei,22258,39,2,0,0,,0
C102041,63,F,Санкт-Петербург,5469389,married,0,master,employed,76970,0,1,17.2,2,105580.35,1,536843.64,,23,0.692,3.5,Samsung,51430,26,5,1,1,0.0,1
C102042,65,M,Краснодар,1102074,married,1,secondary,employed,40455,0,0,10.1,1,23404.51,1,535776.78,578.3,5,0.368,2.1,Huawei,25589,10,0,0,0,,0
C102043,34,M,Омск,1114599,single,1,bachelor,self_employed,164278,1,0,3.5,2,145775.48,1,6243519.43,671.1,43,0.857,5.9,Samsung,56061,8,2,1,1,1.0,1
C102044,44,F,Уфа,1163338,single,2,secondary,self_employed,83956,0,1,3.8,5,62141.32,0,,659.8,27,0.861,7.0,Apple,130929,10,4,0,0,,1
C102045,51,M,Санкт-Петербург,5481601,married,1,master,employed,88325,1,1,3.5,3,331632.14,1,856063.57,638.8,32,0.582,0.4,Apple,89616,11,7,0,1,0.0,1
C102046,58,M,Нижний Новгород,1204498,married,0,master,employed,43452,0,1,1.8,3,38767.08,1,168152.17,593.1,5,0.327,2.1,Samsung,26635,13,4,0,0,,0
C102047,56,F,Самара,1169632,married,1,bachelor,employed,77441,0,1,3.2,2,90820.14,0,,,12,0.47,3.6,Other,11584,32,6,0,0,,0
C102048,44,F,Челябинск,1179687,married,0,secondary,employed,61660,0,1,10.2,2,177556.92,1,776496.89,747.3,33,0.685,1.1,Samsung,44702,19,1,1,1,0.0,1
C102049,36,F,Екатеринбург,1491655,single,0,bachelor,employed,121664,1,0,3.6,2,74494.4,1,2336212.96,596.2,30,0.548,2.4,Samsung,38231,27,3,0,1,0.0,0
C102050,59,F,Самара,1108833,married,0,bachelor,employed,47608,0,0,2.0,5,35339.43,0,,,20,0.583,4.1,Huawei,14228,37,2,0,1,1.0,0
C102051,33,M,Санкт-Петербург,5483550,single,0,master,employed,145745,0,0,1.6,3,292915.62,1,3681509.05,693.4,40,0.842,7.2,Huawei,19699,34,3,1,0,,0
C102052,30,M,Самара,1177994,single,0,bachelor,employed,50875,0,0,3.9,4,82628.17,1,135395.38,613.7,20,0.68,0.8,Other,9011,24,2,0,1,1.0,0
C102053,35,F,Новосибирск,1608852,single,0,bachelor,employed,36173,0,0,2.9,1,13548.94,0,,,16,0.606,4.8,Samsung,41671,29,1,0,0,,0
C102054,30,F,Москва,12154303,single,0,bachelor,unemployed,26491,0,0,5.9,3,13532.37,0,,474.6,14,0.894,2.8,Xiaomi,11933,29,1,0,0,,0
C102055,66,M,Краснодар,1147067,married,1,bachelor,employed,80878,1,1,2.2,1,121722.77,0,,689.8,19,0.456,2.3,Other,5563,48,0,0,0,,0
C102056,34,M,Новосибирск,1680075,single,0,bachelor,employed,109137,1,1,16.0,3,112990.47,1,669036.81,623.1,19,0.543,,Samsung,51953,12,3,0,1,1.0,1
C102057,34,F,Екатеринбург,1499922,single,1,secondary,employed,156300,1,1,6.3,3,200519.73,1,951470.71,626.4,42,0.757,4.1,Apple,133489,33,4,0,1,0.0,1
C102058,71,F,Екатеринбург,1569842,married,1,master,employed,83712,1,0,6.3,3,19131.88,0,,579.4,9,0.285,2.3,Xiaomi,18484,26,3,0,1,0.0,0
C102059,22,M,Омск,1116332,single,0,secondary,employed,24683,0,0,3.2,2,15851.57,1,37899.23,626.7,15,0.798,11.1,Other,7246,31,2,0,0,,0
C102060,31,F,Самара,1161336,single,1,bachelor,employed,156620,0,0,11.6,2,84097.44,0,,622.2,50,0.867,8.4,Huawei,42436,8,2,0,1,0.0,1
C102061,50,M,Москва,11538872,married,2,bachelor,employed,116253,0,1,3.7,1,211697.14,0,,,46,0.852,,Samsung,44124,33,2,0,0,,0
C102062,55,M,Самара,1157583,married,1,secondary,self_employed,62628,1,0,3.8,2,55573.44,1,1096113.21,643.1,23,0.654,1.5,Xiaomi,27971,4,2,0,0,,0
C102063,59,F,Москва,12769363,married,3,master,employed,127159,0,0,16.3,3,76245.75,1,540861.92,718.7,26,0.5,2.4,Apple,75713,4,2,0,1,0.0,1
C102064,51,F,Санкт-Петербург,5386780,single,0,master,employed,101266,1,1,12.3,3,95436.02,0,,634.4,27,0.603,3.0,Other,26582,3,5,0,1,0.0,0
C102065,31,F,Санкт-Петербург,5139286,single,0,master,employed,417589,1,1,1.9,4,1043473.86,1,8216272.94,815.6,69,0.958,11.9,Apple,149412,5,5,0,0,,1
C102066,61,F,Новосибирск,1585996,single,0,bachelor,employed,50856,1,1,9.1,3,34762.78,0,,626.1,11,0.371,2.4,Xiaomi,20938,2,3,0,1,0.0,0
C102067,66,M,Казань,1303909,married,2,secondary,employed,53015,1,1,6.9,3,89777.02,1,260717.59,630.0,14,0.525,2.6,Samsung,47823,7,1,0,1,2.0,0
C102068,57,M,Омск,1100868,married,2,secondary,employed,72299,0,1,9.0,1,283857.4,1,611515.52,568.3,25,0.617,2.0,Samsung,52675,19,4,0,1,1.0,0
C102069,28,M,Уфа,1186558,married,2,bachelor,employed,62772,0,0,4.7,5,37357.07,0,,610.0,20,0.846,3.5,Apple,62808,11,1,0,0,,0
C102070,18,M,Новосибирск,1693545,single,0,secondary,employed,50309,1,1,0.0,1,39412.41,0,,485.0,20,0.856,6.5,Apple,58082,16,2,0,0,,0
C102071,36,F,Казань,1351582,single,0,secondary,self_employed,62096,1,1,1.8,2,69777.63,1,377386.16,601.7,17,0.608,0.7,Apple,53152,6,2,0,0,,0
C102072,31,M,Санкт-Петербург,5241250,single,1,bachelor,employed,70193,1,0,12.3,2,147766.22,1,646948.25,597.2,26,0.835,,Xiaomi,23260,25,3,0,1,0.0,0
C102073,66,M,Екатеринбург,1424192,married,4,bachelor,employed,103491,1,1,8.5,2,167980.55,1,421377.01,693.0,13,0.224,3.1,OnePlus,23561,27,1,0,1,0.0,0
C102074,64,F,Самара,1138680,married,2,secondary,employed,24950,0,0,5.2,1,13542.65,0,,567.9,2,0.264,0.2,Xiaomi,16674,29,0,0,0,,0
C102075,26,M,Уфа,1110959,single,0,bachelor,employed,68157,0,0,7.8,1,89792.24,0,,557.9,26,0.707,4.7,Samsung,54943,3,3,0,1,0.0,1
C102076,60,M,Казань,1299283,married,2,master,self_employed,35131,1,1,10.6,1,180936.68,0,,506.3,5,0.304,,OnePlus,40256,5,0,0,0,,0
C102077,42,M,Новосибирск,1712539,single,0,secondary,employed,32384,0,0,11.0,1,15535.19,0,,606.5,11,0.547,2.2,Other,6738,12,1,0,0,,0
C102078,25,F,Краснодар,1031463,single,0,bachelor,employed,53785,0,0,4.8,2,107457.74,1,1603381.3,610.1,26,0.788,4.6,Other,4886,48,4,1,1,0.0,0
C102079,52,F,Санкт-Петербург,5447739,married,0,bachelor,employed,71225,1,0,8.8,2,249002.83,1,1738288.35,639.1,22,0.585,2.2,Apple,76615,12,0,0,1,0.0,1
C102080,35,F,Ростов-на-Дону,1146732,single,0,secondary,employed,27102,0,0,7.9,3,19807.01,1,139089.5,530.3,13,0.749,3.0,Other,8683,7,1,1,1,1.0,0
C102081,32,F,Новосибирск,1590066,single,0,secondary,employed,35148,0,0,0.5,1,17096.5,1,419356.95,590.2,24,0.922,2.5,Huawei,25562,4,2,0,0,,0
C102082,57,M,Самара,1206291,married,0,secondary,employed,16851,0,0,28.0,1,7203.8,0,,459.1,2,0.334,0.4,Huawei,15443,5,0,0,1,0.0,0
C102083,42,F,Москва,12486643,married,0,bachelor,self_employed,220390,0,1,8.6,2,658224.01,0,,652.9,42,0.941,1.7,Xiaomi,45276,3,4,0,0,,0
C102084,39,F,Москва,13090197,single,0,secondary,employed,71785,0,1,11.9,3,40796.61,0,,680.5,30,0.86,8.2,Samsung,59760,6,1,0,0,,1
C102085,47,F,Новосибирск,1639909,married,1,bachelor,employed,218945,1,1,7.2,1,393493.45,1,5618787.97,546.1,52,0.814,2.3,Samsung,80738,27,1,0,1,0.0,0
C102086,45,F,Москва,12277603,married,0,phd,employed,130086,0,0,4.6,1,125218.03,1,2046091.58,607.5,35,0.926,1.7,Apple,117349,1,2,1,0,,1
C102087,43,F,Санкт-Петербург,5152434,single,1,phd,employed,75146,1,1,16.7,2,51633.01,1,288612.79,563.0,24,0.909,0.9,Xiaomi,16707,13,3,1,1,0.0,0
C102088,51,M,Уфа,1040525,married,2,bachelor,employed,51451,0,0,2.2,2,69773.96,0,,,20,0.598,3.0,OnePlus,31580,23,3,1,1,0.0,0
C102089,30,M,Омск,1153115,married,2,bachelor,employed,68172,1,0,7.6,3,77862.04,1,752947.16,701.8,31,0.842,4.6,Samsung,25564,29,2,1,0,,0
C102090,56,F,Екатеринбург,1555861,married,4,secondary,employed,52389,0,0,5.4,4,111871.21,0,,578.0,15,0.439,4.6,Xiaomi,16357,19,2,0,0,,0
C102091,20,F,Москва,12419108,single,0,master,employed,104532,0,0,2.0,2,536055.75,1,1012588.08,599.5,43,0.917,9.9,Samsung,48186,18,3,1,0,,1
C102092,48,F,Москва,12771627,married,0,bachelor,self_employed,164800,0,0,7.3,2,113859.76,0,,671.2,51,0.978,6.9,Xiaomi,30901,11,2,0,1,1.0,1
C102093,18,M,Краснодар,1072360,single,0,bachelor,employed,44641,0,0,0.0,1,113167.04,0,,,23,0.928,6.7,Other,5675,19,2,0,0,,0
C102094,39,F,Москва,12205686,single,1,secondary,employed,131323,0,1,6.3,2,77712.06,1,1074748.23,,50,0.952,17.9,OnePlus,42979,25,1,1,1,0.0,1
C102095,42,M,Санкт-Петербург,5185002,married,2,bachelor,unemployed,29436,1,0,9.8,1,11342.92,1,500937.15,559.8,13,0.866,0.2,Samsung,24202,48,0,0,0,,0
C102096,32,F,Уфа,1194824,single,0,master,employed,129451,1,0,2.7,4,484569.28,0,,,39,0.902,3.6,Samsung,47206,31,7,0,1,0.0,1
C102097,26,M,Санкт-Петербург,5370986,single,0,bachelor,employed,43233,0,1,6.4,2,22292.47,1,316737.88,623.5,18,0.72,4.1,Samsung,40107,9,0,1,0,,0
C102098,33,F,Самара,1127838,married,1,bachelor,employed,53490,0,0,15.0,4,23290.05,1,903974.57,529.7,23,0.655,6.1,Other,9129,37,3,0,0,,0
C102099,45,M,Санкт-Петербург,5789265,single,0,bachelor,employed,297888,1,1,8.3,3,894789.51,0,,756.0,44,0.924,1.3,Apple,130044,24,1,1,1,0.0,1
C102100,25,F,Омск,1087842,single,0,bachelor,employed,90326,1,1,7.0,3,164382.72,1,512027.46,566.6,23,0.828,,Samsung,48174,11,2,1,1,1.0,1
C102101,49,M,Екатеринбург,1452043,single,0,bachelor,employed,66750,0,0,3.1,4,140887.45,1,872812.73,675.5,21,0.762,1.9,Xiaomi,19879,19,0,0,0,,0
C102102,31,F,Казань,1319759,single,0,master,employed,132736,1,0,13.0,4,199330.05,1,1242503.87,650.6,50,0.938,7.0,Samsung,59750,12,4,1,1,1.0,1
C102103,30,F,Нижний Новгород,1251912,married,0,bachelor,employed,56519,0,1,1.8,1,88474.11,0,,527.6,24,0.87,3.3,Other,5956,28,1,0,0,,0
C102104,32,F,Омск,1119922,divorced,2,bachelor,employed,14391,0,0,6.2,1,7925.42,0,,548.4,3,0.847,2.0,Xiaomi,6758,35,0,0,0,,0
C102105,38,M,Москва,13327073,single,2,master,employed,113518,1,0,15.3,4,293685.5,1,2017135.79,689.7,24,0.939,1.6,Apple,108657,15,5,0,0,,1
C102106,59,M,Краснодар,1137832,married,2,secondary,employed,38800,1,0,2.8,1,48086.69,0,,582.2,3,0.316,2.2,Other,4558,48,0,0,0,,0
C102107,39,M,Санкт-Петербург,5540949,married,0,master,employed,91429,1,1,13.0,2,127700.67,0,,674.9,28,0.787,8.9,Apple,115547,10,3,1,1,0.0,1
C102108,37,M,Уфа,1182254,single,0,secondary,employed,25029,0,0,8.5,1,44256.6,1,188546.11,591.1,3,0.419,2.7,Other,9571,6,0,0,0,,0
C102109,32,M,Самара,1228601,single,0,bachelor,employed,149613,0,0,2.3,3,275770.58,0,,642.7,40,0.819,6.6,Xiaomi,42361,14,3,1,0,,1
C102110,51,M,Уфа,1151675,married,2,bachelor,employed,63109,1,1,9.2,1,118398.42,1,832583.18,562.2,19,0.622,3.5,Samsung,44803,12,1,0,1,0.0,0
C102111,23,F,Самара,1135365,single,0,master,employed,25068,0,0,4.6,1,3579.67,1,140481.82,608.0,15,0.934,2.8,Other,3950,48,0,0,0,,0
C102112,62,F,Москва,12816457,married,2,bachelor,employed,127773,1,1,19.0,7,213539.15,1,234534.37,763.8,23,0.523,1.4,Xiaomi,30355,15,9,0,1,1.0,0
C102113,48,M,Самара,1147534,married,3,bachelor,employed,68013,1,0,6.3,2,31658.72,0,,574.7,18,0.449,1.5,Xiaomi,17237,41,2,0,1,0.0,0
C102114,48,F,Казань,1268964,married,2,bachelor,employed,105995,1,1,14.2,5,44128.24,1,2977109.25,732.1,22,0.74,3.9,Apple,131511,6,2,0,0,,1
C102115,21,M,Самара,1180093,single,0,secondary,employed,31720,1,0,1.2,1,17702.34,1,730444.33,559.8,18,0.888,6.6,Xiaomi,15954,31,0,0,0,,0
C102116,22,M,Казань,1267572,single,0,secondary,employed,51904,0,0,1.2,1,34488.49,0,,581.4,21,0.875,1.8,Xiaomi,14561,39,2,0,0,,0
C102117,28,F,Санкт-Петербург,5681704,single,0,bachelor,employed,73176,1,1,4.5,5,35588.43,1,1163288.21,657.9,26,0.965,8.8,Other,8232,16,6,1,0,,0
C102118,43,M,Ростов-на-Дону,1095901,married,2,bachelor,self_employed,185658,1,1,0.2,2,283681.2,0,,,30,0.52,1.4,Samsung,47738,19,3,0,0,,0
C102119,65,F,Самара,1167689,married,1,bachelor,self_employed,105381,1,1,4.0,3,258998.54,1,2431608.84,702.6,34,0.5,6.9,Samsung,44946,28,0,0,0,,0
C102120,47,F,Краснодар,1068996,single,0,master,employed,85801,0,0,11.4,5,160614.16,1,2452488.83,490.0,21,0.484,3.8,Huawei,41234,13,5,0,0,,0
C102121,71,F,Челябинск,1157700,married,2,secondary,employed,35184,1,0,4.7,1,49741.47,0,,664.5,2,0.307,1.2,Other,13205,16,5,0,1,1.0,0
C102122,65,F,Ростов-на-Дону,1169770,married,2,secondary,employed,40856,0,0,6.3,5,25101.5,0,,600.3,13,0.439,2.0,Apple,45612,7,2,1,0,,0
C102123,59,F,Екатеринбург,1542978,married,2,bachelor,employed,60812,1,1,2.0,1,31971.0,0,,463.6,16,0.272,2.1,Huawei,24790,26,2,0,1,0.0,0
C102124,33,M,Санкт-Петербург,5244341,married,0,bachelor,employed,141020,0,0,4.1,4,72198.03,1,545742.95,729.2,34,0.638,7.4,Huawei,26067,14,3,0,1,0.0,0
C102125,26,F,Новосибирск,1659223,single,0,secondary,employed,23649,0,0,2.2,1,10924.61,0,,,11,0.657,10.6,Huawei,6720,48,1,0,0,,0
C102126,18,M,Омск,1083715,single,0,master,employed,70987,0,0,0.0,2,39001.26,1,438442.21,606.5,27,0.85,9.9,Samsung,47733,19,1,0,1,0.0,0
C102127,38,F,Самара,1130956,married,2,bachelor,employed,39491,0,0,5.5,2,56677.98,1,380512.9,605.9,9,0.477,3.3,Huawei,28713,2,3,0,0,,0
C102128,39,M,Новосибирск,1651197,married,2,master,employed,40057,1,0,11.2,3,41252.44,1,215361.51,613.8,10,0.503,0.6,Huawei,18517,20,1,0,0,,0
C102129,32,F,Казань,1329414,married,3,bachelor,employed,61745,1,1,8.1,2,119255.55,1,546864.45,546.0,26,0.751,2.7,Samsung,51495,14,0,0,0,,0
C102130,33,F,Новосибирск,1802145,married,0,master,employed,38774,1,0,8.0,1,14653.57,1,654445.29,636.2,18,0.881,2.0,Xiaomi,31032,12,2,1,0,,0
C102131,66,M,Новосибирск,1686309,married,1,secondary,employed,19525,0,1,12.0,1,20528.95,0,,529.7,2,0.552,0.7,Xiaomi,13519,42,2,1,1,0.0,0
C102132,37,M,Самара,1095596,married,0,secondary,employed,50613,0,1,6.3,3,47045.29,0,,618.8,11,0.429,1.0,Xiaomi,12104,13,4,0,0,,0
C102133,32,M,Казань,1374424,single,0,bachelor,employed,128854,0,0,6.1,4,88624.27,1,504492.22,784.3,43,0.849,1.1,Apple,100334,4,4,1,0,,1
C102134,39,F,Москва,13017737,married,0,bachelor,employed,156026,0,0,7.1,7,316507.36,1,750822.49,634.4,31,0.631,5.7,Samsung,79719,7,4,1,1,1.0,1
C102135,32,M,Омск,1074293,single,0,secondary,self_employed,79500,0,0,12.9,2,97303.77,1,1703066.91,662.7,22,0.682,2.6,Xiaomi,30045,48,0,0,0,,0
C102136,30,M,Омск,1117957,single,0,secondary,unemployed,10113,0,0,6.8,1,1399.6,0,,488.7,2,0.685,0.7,Huawei,16730,17,0,0,0,,0
C102137,59,F,Омск,1155458,married,2,bachelor,employed,48950,1,1,10.1,3,81075.64,0,,526.6,21,0.597,0.9,Xiaomi,23377,2,1,0,0,,0
C102138,39,F,Москва,12777470,married,2,bachelor,employed,133170,0,0,4.4,3,169251.12,1,1183635.96,747.2,34,0.857,4.8,Apple,78777,22,5,1,1,0.0,1
C102139,56,M,Санкт-Петербург,5358459,married,2,bachelor,employed,88860,1,0,16.2,3,82999.06,1,618381.89,,14,0.548,2.2,Apple,69417,40,2,0,1,0.0,0
C102140,28,M,Москва,12704089,single,0,secondary,employed,104448,1,0,9.8,1,147257.96,0,,601.8,37,0.926,8.2,Samsung,70025,48,1,0,0,,0
C102141,70,M,Челябинск,1150209,married,2,bachelor,self_employed,107505,1,0,9.0,2,92735.37,0,,697.3,25,0.502,2.1,Other,15784,21,1,0,0,,0
C102142,31,F,Санкт-Петербург,5250045,divorced,2,bachelor,self_employed,101996,1,1,1.5,6,70351.18,0,,528.9,25,0.547,2.1,Google,83236,1,4,1,1,2.0,1
C102143,47,M,Москва,12332026,married,3,master,employed,121311,1,1,5.2,6,322369.45,1,1153324.7,743.0,26,0.609,3.5,Xiaomi,38793,18,5,0,1,0.0,1
C102144,64,F,Нижний Новгород,1225640,married,0,bachelor,employed,72307,0,1,8.7,2,37224.41,0,,582.7,27,0.533,1.8,Huawei,30350,11,2,0,0,,0
C102145,22,M,Санкт-Петербург,5197045,single,0,secondary,employed,43969,1,0,4.0,1,34968.31,0,,528.2,23,0.856,8.7,Huawei,25014,1,1,1,0,,0
C102146,55,M,Москва,12921600,married,2,secondary,employed,95105,0,0,5.3,2,58494.79,0,,661.7,22,0.402,0.6,OnePlus,75525,12,1,0,0,,0
C102147,32,M,Уфа,1178944,married,1,master,employed,135079,1,0,5.8,2,204394.46,1,2193245.51,773.2,45,0.964,8.4,Apple,87501,14,2,0,1,0.0,1
C102148,25,M,Екатеринбург,1502738,single,0,bachelor,employed,55348,0,0,5.5,4,61638.86,0,,650.6,27,0.847,6.0,Other,12155,3,4,0,1,1.0,0
C102149,32,M,Самара,1065371,single,0,bachelor,self_employed,65805,0,0,2.3,1,81603.94,1,1070441.04,571.0,26,0.947,2.3,Xiaomi,17458,22,2,0,0,,0
C102150,26,M,Казань,1299899,single,0,secondary,employed,25987,0,0,5.9,3,7401.36,0,,502.6,15,0.89,4.9,Xiaomi,12840,29,3,0,0,,0
C102151,49,M,Уфа,1139630,single,0,bachelor,unemployed,27452,0,0,4.2,1,14377.93,0,,464.7,8,0.43,4.9,Other,5181,6,0,0,0,,0
C102152,51,M,Москва,12781552,single,0,master,self_employed,417589,1,1,5.1,5,1333887.61,0,,830.5,61,0.853,22.3,Apple,149412,10,7,1,1,1.0,1
C102153,60,F,Ростов-на-Дону,1113846,single,0,bachelor,employed,99182,0,0,5.9,4,67628.73,0,,683.8,23,0.269,4.3,Samsung,45935,14,3,0,1,0.0,0
C102154,33,M,Челябинск,1193399,single,0,secondary,employed,39728,0,0,4.9,1,29523.93,0,,469.3,11,0.58,2.5,Xiaomi,11217,48,2,0,1,1.0,0
C102155,59,F,Москва,12509328,married,1,master,employed,189992,0,1,5.8,3,1460822.11,0,,673.4,40,0.618,4.6,Huawei,46171,2,5,1,1,1.0,1
C102156,37,M,Челябинск,1124683,single,0,bachelor,employed,53099,1,0,9.3,2,32522.51,1,415832.12,657.1,12,0.536,1.4,Xiaomi,19438,19,2,0,0,,0
C102157,34,M,Москва,12650402,single,0,secondary,employed,48562,0,0,3.9,2,32785.94,1,243243.03,741.5,15,0.474,0.4,Xiaomi,21729,19,2,0,0,,0
C102158,47,M,Самара,1163463,single,1,secondary,self_employed,72356,1,0,7.7,3,59729.84,0,,645.8,23,0.866,2.2,Xiaomi,19257,14,1,1,0,,0
C102159,23,M,Уфа,1176614,single,0,secondary,employed,46904,0,0,5.0,1,10197.1,0,,445.3,22,0.934,6.9,Xiaomi,21178,14,0,0,0,,0
C102160,35,F,Санкт-Петербург,5386109,single,0,bachelor,employed,264290,1,1,14.5,4,584476.6,1,4228781.35,718.5,42,0.889,2.8,Apple,149412,3,4,1,1,0.0,1
C102161,44,M,Москва,12287898,married,0,bachelor,employed,108801,0,0,11.3,2,154395.72,0,,724.3,25,0.683,1.3,Huawei,21674,48,4,1,0,,0
C102162,42,M,Ростов-на-Дону,1136371,married,3,bachelor,unemployed,18021,0,0,15.7,3,10878.7,0,,480.8,2,0.417,2.8,Other,4277,48,2,0,0,,0
C102163,72,M,Екатеринбург,1539151,married,2,secondary,employed,19669,0,0,8.2,1,19479.23,0,,532.5,3,0.578,1.1,Xiaomi,11673,33,0,0,0,,0
C102164,44,M,Омск,1107797,married,0,bachelor,self_employed,103175,1,1,10.6,4,53270.08,1,1447089.64,629.1,29,0.607,2.4,Xiaomi,30647,7,1,0,1,0.0,0
C102165,29,M,Москва,12369083,single,0,bachelor,employed,96052,0,0,2.3,2,121903.19,0,,640.4,37,0.786,3.3,Samsung,60383,48,2,0,1,0.0,1
C102166,22,F,Новосибирск,1538165,single,0,bachelor,employed,75669,1,1,4.0,4,113115.33,1,1022614.22,662.6,19,0.753,7.8,Other,15851,13,1,0,1,1.0,0
C102167,51,M,Челябинск,1123148,married,2,secondary,employed,62151,0,0,2.1,2,22093.1,0,,,26,0.557,1.7,Xiaomi,18457,22,1,0,0,,0
C102168,50,M,Ростов-на-Дону,1161628,single,1,secondary,employed,81440,0,1,1.0,1,117402.82,0,,648.2,29,0.77,5.5,Other,17844,6,0,0,0,,0
C102169,31,F,Санкт-Петербург,5569270,single,2,bachelor,unemployed,42372,1,0,5.4,2,24056.97,1,1266245.68,475.3,19,0.623,4.1,Huawei,11182,29,2,0,0,,0
C102170,39,F,Казань,1294558,married,2,phd,employed,208455,1,1,3.7,6,852077.65,0,,738.7,58,0.793,10.2,Google,80298,14,6,1,1,1.0,1
C102171,66,M,Екатеринбург,1496823,married,1,bachelor,self_employed,117099,1,1,9.6,3,145797.41,1,2287409.05,768.2,16,0.46,1.7,Samsung,98102,10,3,0,1,0.0,1
C102172,36,F,Самара,1144671,single,0,secondary,employed,52823,1,0,12.9,2,20543.36,1,1072850.79,572.3,16,0.749,4.0,Apple,79531,16,2,1,1,1.0,1
C102173,55,M,Санкт-Петербург,5335918,married,0,secondary,employed,74766,0,1,14.5,3,54031.44,1,1975868.83,649.2,26,0.698,6.6,Xiaomi,35803,8,4,0,1,0.0,0
C102174,31,F,Краснодар,1026670,single,0,secondary,self_employed,27225,1,0,5.0,1,21397.75,0,,482.2,9,0.526,1.2,Xiaomi,25971,9,0,0,0,,0
C102175,31,F,Санкт-Петербург,5521249,single,0,bachelor,employed,71286,0,0,6.7,5,37264.19,1,725950.16,745.7,32,0.916,2.4,Samsung,69957,9,6,0,0,,1
C102176,37,F,Новосибирск,1650440,single,0,bachelor,employed,156491,0,1,6.4,6,155719.55,1,695627.24,655.0,49,0.979,11.1,Apple,64732,39,6,0,1,0.0,1
C102177,55,F,Москва,12483684,married,3,master,employed,98026,1,1,1.7,4,227219.02,0,,522.1,24,0.778,,Apple,54347,33,1,1,1,0.0,1
C102178,34,F,Санкт-Петербург,5380272,married,1,bachelor,self_employed,144697,1,1,3.9,3,403431.6,1,2810398.86,697.7,39,0.98,3.5,Xiaomi,37160,13,4,1,0,,1
C102179,58,F,Москва,12361448,married,1,secondary,self_employed,201883,1,1,6.1,3,692613.55,0,,709.1,38,0.633,5.2,Xiaomi,36607,15,4,0,1,1.0,0
C102180,33,M,Казань,1321099,single,0,master,self_employed,121209,1,1,12.9,8,120682.9,1,3499782.08,758.6,37,0.951,2.2,Xiaomi,39567,3,5,0,1,2.0,1
C102181,62,F,Краснодар,1079050,married,3,bachelor,employed,43133,0,0,0.9,3,42637.45,1,231882.56,565.2,2,0.193,1.2,Xiaomi,8833,48,1,0,1,0.0,0
C102182,67,M,Челябинск,1150533,married,3,bachelor,employed,56914,1,1,9.1,3,36308.33,1,1702327.32,539.4,13,0.249,1.6,Other,11997,11,6,0,1,0.0,0
C102183,30,F,Москва,12816960,married,0,bachelor,employed,145218,1,1,3.2,2,365707.36,1,888237.45,720.8,37,0.782,8.7,Apple,143097,18,1,0,1,1.0,1
C102184,66,M,Ростов-на-Дону,1043412,single,0,secondary,employed,63641,1,1,7.2,1,137814.45,1,318448.18,648.6,17,0.292,3.5,Xiaomi,19979,23,1,0,1,1.0,0
C102185,18,M,Ростов-на-Дону,1138941,single,0,secondary,employed,24240,0,0,0.0,1,12813.11,1,357478.0,515.4,11,0.813,0.3,Xiaomi,19272,17,2,0,0,,0
C102186,68,F,Новосибирск,1654897,married,2,phd,employed,41521,1,0,12.4,3,34847.61,0,,598.3,2,0.131,0.2,Other,10183,7,1,0,1,0.0,0
C102187,34,F,Самара,1178216,single,0,master,employed,79328,0,0,5.5,3,125104.04,1,398153.3,671.5,28,0.889,2.6,Xiaomi,22404,23,2,1,0,,0
C102188,61,F,Омск,1112841,married,4,secondary,employed,20532,0,0,12.6,1,5939.69,1,625004.84,474.7,2,0.249,0.3,Xiaomi,6729,41,0,0,0,,0
C102189,33,M,Москва,12354166,married,0,master,employed,132584,0,0,7.7,4,98876.56,0,,718.5,47,0.93,17.8,Apple,149412,15,1,1,0,,1
C102190,29,M,Казань,1274819,single,0,bachelor,employed,107763,1,0,4.3,4,75901.85,1,637629.11,585.1,40,0.687,0.5,Apple,127431,8,6,0,0,,1
C102191,34,F,Ростов-на-Дону,1158075,single,1,secondary,employed,86425,1,0,1.6,6,275729.72,1,1061817.19,689.7,41,0.851,3.3,Other,18634,19,7,1,0,,0
C102192,59,F,Санкт-Петербург,5386247,married,3,master,self_employed,193282,1,1,2.1,4,442675.12,1,2311894.12,814.2,30,0.672,5.1,Apple,107568,11,3,1,1,0.0,1
C102193,41,M,Новосибирск,1707416,single,0,bachelor,employed,82930,1,1,10.3,4,88426.18,1,514973.14,665.1,25,0.687,2.0,Samsung,64206,11,3,0,1,1.0,1
C102194,35,M,Самара,1105788,single,0,master,employed,58821,0,0,8.5,2,48566.99,1,718445.39,617.5,28,0.846,4.7,OnePlus,26047,29,2,0,0,,0
C102195,65,F,Москва,12605052,married,1,master,employed,129229,0,1,8.1,4,220738.85,1,1983437.37,,40,0.794,7.4,Samsung,56386,27,6,1,1,0.0,1
C102196,40,M,Омск,1148479,married,3,bachelor,employed,258018,1,0,3.5,3,1611123.85,1,5642649.14,766.4,36,0.828,3.0,Apple,149412,13,4,0,0,,1
C102197,23,M,Новосибирск,1636240,single,0,bachelor,employed,79117,0,0,4.1,2,36194.02,0,,665.1,46,0.878,15.4,Xiaomi,31833,10,6,1,0,,1
C102198,30,F,Новосибирск,1749646,single,0,bachelor,self_employed,41835,0,0,4.6,2,31953.11,0,,591.3,23,0.763,5.7,Samsung,36912,17,2,0,0,,0
C102199,44,F,Санкт-Петербург,5570732,married,2,bachelor,self_employed,204069,1,0,7.5,4,423978.79,1,1962522.63,717.1,43,0.867,1.8,Samsung,54833,9,3,0,1,1.0,1
C102200,26,F,Новосибирск,1561725,married,0,bachelor,employed,100675,1,0,8.0,4,218306.72,1,1348505.26,598.2,36,0.829,3.9,Xiaomi,25182,16,4,0,0,,0
C102201,43,F,Самара,1195443,married,0,secondary,employed,86567,0,1,16.1,5,43291.07,1,1300668.2,825.4,27,0.79,1.9,Other,9301,19,7,0,1,1.0,0
C102202,61,M,Краснодар,1127123,single,0,master,self_employed,126626,1,1,25.7,5,82682.56,1,7199468.01,691.4,21,0.4,6.7,Xiaomi,31029,7,2,0,0,,0
C102203,30,F,Челябинск,1163189,single,0,bachelor,employed,110662,0,1,2.0,2,119722.71,0,,,50,0.988,9.3,Samsung,60908,5,2,0,0,,1
C102204,46,M,Екатеринбург,1604967,married,1,master,self_employed,85255,1,0,11.1,3,194800.0,1,1407708.93,677.7,28,0.639,1.3,Samsung,49849,14,2,0,0,,0
C102205,31,M,Новосибирск,1632945,single,0,bachelor,employed,35551,0,0,5.6,1,27537.7,0,,541.4,10,0.478,2.2,Xiaomi,9364,45,1,0,1,0.0,0
C102206,59,F,Екатеринбург,1472015,married,2,master,employed,72911,1,0,13.7,3,62339.77,1,367075.08,651.4,12,0.331,4.0,Xiaomi,22126,27,2,0,1,0.0,0
C102207,32,F,Уфа,1193040,single,0,secondary,employed,42913,0,0,5.1,2,14840.39,0,,495.1,21,0.683,12.6,Xiaomi,17879,32,2,0,0,,0
C102208,33,F,Самара,1139535,single,0,bachelor,employed,105530,0,0,9.0,4,153005.85,1,970790.85,635.8,33,0.952,5.5,Xiaomi,40079,17,5,1,1,0.0,1
C102209,23,M,Челябинск,1203505,single,1,bachelor,employed,43084,0,0,5.0,3,24290.5,0,,598.7,25,0.729,5.0,Xiaomi,20577,22,1,0,0,,0
C102210,54,F,Екатеринбург,1457749,married,4,secondary,employed,57582,0,0,18.5,2,76287.05,0,,533.1,16,0.778,7.8,Huawei,19902,3,1,1,1,0.0,0
C102211,52,M,Самара,1189823,married,4,bachelor,employed,41224,0,1,2.6,1,29522.96,1,361146.22,603.7,17,0.559,2.6,Other,5323,48,1,0,1,0.0,0
C102212,55,M,Уфа,1169720,single,1,bachelor,employed,92238,1,1,1.0,2,86587.05,0,,604.3,31,0.579,12.8,Xiaomi,18157,39,2,0,0,,0
C102213,51,M,Ростов-на-Дону,1133612,single,1,bachelor,employed,76984,0,0,15.5,3,50455.34,1,745531.52,636.4,23,0.586,3.2,Xiaomi,17508,36,3,0,0,,0
C102214,32,F,Новосибирск,1576739,married,1,bachelor,employed,127634,1,1,14.0,2,94986.74,1,2509278.29,806.7,41,0.736,8.2,Xiaomi,31140,11,1,0,1,1.0,1
C102215,26,F,Санкт-Петербург,5495797,single,0,secondary,employed,88703,0,0,2.3,4,66415.59,0,,,39,0.994,13.2,Samsung,54281,24,2,0,0,,0
C102216,62,M,Санкт-Петербург,5122102,married,3,bachelor,self_employed,204844,1,1,2.0,2,878552.98,1,2473394.92,760.7,33,0.467,2.2,Samsung,114017,5,3,0,1,0.0,1
C102217,27,M,Казань,1335501,single,0,master,employed,98378,0,1,5.2,3,34541.18,1,1963537.55,563.8,43,0.929,2.8,Xiaomi,23598,11,4,1,0,,0
C102218,21,F,Екатеринбург,1480981,single,0,secondary,employed,70958,0,0,2.5,5,35414.27,1,1044172.87,526.3,34,0.83,6.8,Samsung,79274,1,4,1,0,,1
C102219,26,F,Омск,1133181,single,0,bachelor,employed,35279,0,0,3.3,2,15102.2,0,,,13,0.744,3.6,Xiaomi,25422,7,2,0,1,1.0,0
C102220,37,F,Самара,1205167,single,0,bachelor,employed,172865,1,0,0.8,2,138313.16,1,1600200.99,691.8,44,0.964,0.9,Apple,126570,13,2,0,0,,1
C102221,20,M,Уфа,1148813,single,0,bachelor,employed,25193,0,0,1.9,1,3004.47,1,330132.82,540.9,2,0.64,6.6,Xiaomi,15082,5,0,0,0,,0
C102222,50,F,Москва,12536290,single,0,secondary,employed,46575,0,1,1.2,3,13830.13,1,301969.69,553.1,4,0.384,,Huawei,27193,10,7,0,1,1.0,0
C102223,38,M,Уфа,1094661,married,1,bachelor,employed,87731,0,0,2.8,3,54268.34,0,,,36,0.85,2.5,Xiaomi,15484,42,2,1,1,1.0,0
C102224,45,F,Казань,1332548,married,3,secondary,self_employed,82043,1,0,4.3,3,80259.26,0,,685.7,36,0.795,0.1,Samsung,79611,6,4,0,1,0.0,1
C102225,32,F,Нижний Новгород,1199699,single,1,secondary,self_employed,27069,0,0,8.6,3,9582.3,0,,628.5,15,0.754,4.5,Xiaomi,9550,48,4,0,0,,0
C102226,39,M,Новосибирск,1542867,single,0,secondary,employed,53599,0,1,1.7,2,25583.93,0,,568.8,29,0.882,6.1,Xiaomi,12570,41,2,1,0,,0
C102227,35,F,Санкт-Петербург,5549686,single,0,bachelor,employed,194092,0,1,3.6,3,168137.05,1,1717899.28,732.9,42,0.877,2.3,Samsung,48219,32,7,1,0,,1
C102228,49,M,Ростов-на-Дону,1176176,single,0,secondary,self_employed,40656,0,0,8.3,2,14580.21,0,,567.6,20,0.692,5.6,Xiaomi,21617,18,2,0,0,,0
C102229,56,M,Краснодар,1116323,married,3,secondary,employed,27805,1,1,8.3,1,14340.04,0,,522.6,6,0.522,0.9,Xiaomi,22625,25,0,0,1,2.0,0
C102230,28,F,Екатеринбург,1490075,single,1,bachelor,self_employed,271529,1,0,5.7,4,277511.69,1,1574699.49,782.4,29,0.786,4.4,Apple,134359,25,5,0,1,0.0,1
C102231,62,M,Челябинск,1176231,married,2,secondary,unemployed,10855,0,0,7.5,1,5616.24,0,,378.3,6,0.06,0.3,Xiaomi,7523,11,0,0,0,,0
C102232,34,M,Казань,1274810,married,2,secondary,employed,100475,1,1,15.5,1,101171.05,0,,620.5,29,0.856,10.1,Xiaomi,22441,30,3,0,1,1.0,0
C102233,39,F,Омск,1091642,married,4,bachelor,self_employed,142248,0,1,6.1,3,183618.41,1,612602.07,717.6,31,0.898,8.2,Samsung,68413,21,5,0,0,,1
C102234,41,F,Самара,1135445,single,1,bachelor,employed,77662,0,0,1.7,3,33486.67,1,272894.44,573.1,25,0.813,2.7,Huawei,29823,12,1,0,0,,0
C102235,30,F,Санкт-Петербург,5457154,married,0,bachelor,employed,142245,0,1,2.2,1,241818.52,1,1394432.55,687.1,38,0.956,13.4,Apple,110794,3,4,0,1,2.0,1
C102236,27,M,Краснодар,1066860,single,0,bachelor,self_employed,73072,1,0,3.9,2,22167.72,1,1714020.47,623.8,27,0.794,4.1,Samsung,61941,9,1,0,1,1.0,1
C102237,30,F,Москва,12524023,single,0,master,employed,119483,0,1,9.5,3,100001.5,1,2202854.06,766.4,38,0.927,3.3,Huawei,40523,1,2,1,1,0.0,1
C102238,38,M,Ростов-на-Дону,1080357,single,2,bachelor,employed,114415,0,0,17.8,3,84028.9,1,1392957.58,676.0,36,0.545,1.4,Xiaomi,27016,27,5,0,1,0.0,0
C102239,32,F,Санкт-Петербург,5563015,single,0,bachelor,self_employed,75579,0,0,5.1,4,101052.65,1,1456446.23,535.1,21,0.661,2.4,Huawei,28477,3,4,0,0,,0
C102240,64,F,Уфа,1187231,single,1,secondary,employed,12968,0,0,12.9,1,2874.04,0,,,4,0.86,1.0,Xiaomi,4919,48,0,0,0,,0
C102241,54,F,Краснодар,1042323,married,4,secondary,employed,72951,1,1,3.7,5,145618.49,1,888561.35,629.1,23,0.649,2.7,Samsung,46797,18,3,0,1,1.0,0
C102242,45,M,Краснодар,1064438,single,0,secondary,employed,73893,0,0,1.6,5,38551.25,1,154086.48,501.0,18,0.886,3.1,Google,35499,23,0,0,1,0.0,0
C102243,62,M,Казань,1330926,married,5,master,employed,42277,1,1,3.8,1,56356.51,1,177010.24,546.6,5,0.397,,Other,6930,16,1,0,1,1.0,0
C102244,36,M,Краснодар,1055276,single,0,bachelor,employed,86071,0,0,18.0,3,76136.67,0,,698.7,33,0.77,3.4,Huawei,25960,32,2,0,1,1.0,0
C102245,63,F,Нижний Новгород,1258523,married,3,secondary,employed,41753,1,1,1.2,1,34899.39,1,190991.84,611.8,2,0.153,1.3,Xiaomi,11881,48,0,0,0,,0
C102246,48,F,Казань,1324378,divorced,1,bachelor,employed,128834,1,1,5.9,2,205721.02,1,972748.15,638.4,33,0.882,6.5,OnePlus,49687,15,4,0,1,1.0,1
C102247,55,F,Москва,13151987,married,2,master,employed,210021,1,1,6.2,2,129669.31,1,2963560.96,737.0,31,0.462,5.0,Xiaomi,28182,32,3,0,1,1.0,0
C102248,41,F,Санкт-Петербург,5618906,single,0,bachelor,employed,100729,0,1,8.7,3,97390.21,1,448449.21,650.9,39,0.939,3.6,Xiaomi,17720,48,3,0,1,0.0,0
C102249,27,M,Ростов-на-Дону,1114722,single,0,bachelor,self_employed,62458,0,0,2.3,5,31257.32,0,,,37,0.931,15.9,Samsung,27885,29,5,1,0,,0
C102250,37,F,Казань,1321578,single,0,master,employed,63292,0,0,2.1,1,92790.68,1,776499.34,573.5,17,0.698,1.5,Samsung,57941,21,1,1,0,,0
C102251,28,F,Москва,12823955,single,0,secondary,employed,65669,0,0,5.4,3,23069.86,0,,623.5,28,0.763,8.5,Samsung,34033,26,1,1,0,,0
C102252,62,M,Омск,1212324,married,2,secondary,employed,55669,1,1,6.8,4,196895.89,0,,572.9,12,0.371,2.5,Xiaomi,23908,9,1,1,1,0.0,0
C102253,41,F,Челябинск,1217370,single,1,bachelor,employed,28074,0,0,5.5,1,16684.75,1,1570772.75,475.1,5,0.515,2.3,Xiaomi,11340,34,0,0,0,,0
C102254,47,F,Омск,1108919,married,2,secondary,employed,30024,1,1,3.9,4,45965.56,0,,500.1,7,0.377,1.6,Other,8448,20,1,0,1,0.0,0
C102255,45,F,Ростов-на-Дону,1145571,married,1,bachelor,employed,58806,0,0,13.6,4,38114.48,1,212793.98,558.1,23,0.77,6.0,Samsung,40664,15,3,0,0,,0
C102256,61,F,Казань,1349838,married,2,bachelor,self_employed,111301,1,1,9.1,3,300343.95,1,745708.38,685.5,31,0.609,4.2,Apple,114510,19,3,1,0,,1
C102257,45,M,Москва,13706904,married,2,secondary,self_employed,109529,0,1,0.1,4,230588.27,1,696766.63,654.1,32,0.797,0.4,Other,26414,5,4,1,1,2.0,1
C102258,24,F,Санкт-Петербург,5563450,single,0,bachelor,employed,50866,0,0,6.0,4,42265.95,0,,599.2,19,0.853,2.8,Samsung,42970,9,4,1,0,,0
C102259,52,F,Омск,1059091,married,2,secondary,self_employed,47112,1,1,6.6,4,48972.39,1,191782.09,679.1,4,0.3,0.1,Other,7329,33,5,0,1,0.0,0
C102260,59,M,Москва,12318251,married,0,bachelor,employed,150891,0,1,15.2,4,186366.46,1,1682882.04,692.5,28,0.468,7.0,Samsung,83512,2,6,0,1,1.0,1
C102261,36,F,Москва,12860868,single,0,secondary,employed,60072,0,1,9.3,2,67887.49,1,1305090.09,605.4,28,0.898,6.6,Xiaomi,15060,48,4,0,0,,0
C102262,43,F,Санкт-Петербург,5389598,divorced,1,bachelor,employed,67511,0,0,1.5,1,107637.24,1,795531.93,538.7,24,0.715,1.4,Xiaomi,13602,24,2,1,0,,0
C102263,47,M,Казань,1307443,divorced,1,bachelor,employed,80658,1,0,5.3,1,280280.81,1,655994.14,622.1,25,0.928,9.4,Samsung,43534,7,1,1,0,,1
C102264,51,F,Самара,1133690,married,3,bachelor,self_employed,157659,1,0,2.6,2,87009.27,1,477481.2,617.7,32,0.56,3.5,Xiaomi,19730,48,1,1,1,1.0,0
C102265,31,M,Омск,1064534,single,0,bachelor,employed,48076,1,0,8.2,2,17840.73,1,628071.33,552.7,19,0.839,1.4,Xiaomi,27003,3,2,0,0,,0
C102266,18,F,Нижний Новгород,1191501,single,0,master,employed,28234,1,0,0.0,1,19161.9,1,385425.38,503.5,10,0.82,3.4,Apple,34542,36,0,0,1,0.0,0
C102267,69,F,Нижний Новгород,1331128,married,2,secondary,employed,30517,0,1,11.9,1,7669.76,0,,489.1,2,0.243,0.5,Other,6050,48,0,0,0,,0
C102268,30,F,Екатеринбург,1473272,single,0,bachelor,employed,51817,0,0,4.1,4,13280.15,1,527955.83,660.6,24,0.496,3.9,Xiaomi,11777,48,1,0,0,,0
C102269,19,F,Казань,1344347,single,0,master,employed,54094,0,0,0.9,2,32518.6,1,792984.03,572.3,25,0.836,12.6,Xiaomi,19989,6,2,0,1,1.0,0
C102270,66,M,Москва,12124297,married,2,master,employed,73947,1,1,4.4,2,94887.63,1,2175459.28,697.0,24,0.616,7.7,Samsung,35171,48,0,0,1,0.0,0
C102271,21,F,Самара,1140714,single,0,bachelor,employed,94925,0,1,3.0,2,80517.89,0,,,42,0.825,1.2,Xiaomi,23831,25,3,0,0,,0
C102272,26,F,Санкт-Петербург,5291174,single,0,master,employed,163979,1,1,1.5,4,86117.65,1,1155147.32,728.0,66,0.857,11.8,Samsung,105539,6,5,0,0,,1
C102273,21,F,Самара,1124722,single,0,master,student,52845,0,0,2.0,3,18529.62,1,836166.0,598.6,23,0.91,4.8,Other,13719,26,4,0,1,1.0,0
C102274,47,M,Казань,1254107,married,2,bachelor,employed,129983,0,1,10.6,3,78081.69,0,,611.9,42,0.809,2.5,Apple,60203,26,4,0,1,1.0,1
C102275,57,F,Омск,1065400,married,3,master,employed,161155,1,1,16.6,6,188408.29,1,148026.92,795.0,27,0.509,10.3,Xiaomi,40604,8,5,0,1,1.0,1
C102276,32,F,Самара,1159311,single,0,secondary,employed,55158,0,0,12.4,4,73113.04,1,343464.36,720.5,23,0.829,0.5,Other,9636,11,0,0,1,2.0,0
C102277,33,M,Самара,1135659,married,0,bachelor,employed,103581,0,0,2.3,1,156046.68,1,501034.84,688.9,31,0.761,7.4,Huawei,24465,11,2,1,0,,0
C102278,38,F,Санкт-Петербург,5224768,married,1,master,employed,92367,1,0,3.8,4,266827.52,1,1745235.99,690.6,41,0.784,4.8,Samsung,69781,12,2,0,1,3.0,1
C102279,29,M,Санкт-Петербург,5342528,single,0,bachelor,employed,118561,1,1,2.5,3,179921.71,1,1409884.94,679.7,39,0.93,8.8,Apple,103125,9,0,0,0,,1
C102280,55,F,Омск,1160734,married,3,master,employed,66279,1,1,4.1,2,68006.92,0,,634.0,22,0.55,3.8,Xiaomi,25481,24,3,0,1,3.0,0
C102281,36,F,Санкт-Петербург,5383205,single,0,phd,employed,137390,0,1,7.9,3,253863.67,1,546629.53,640.9,29,0.601,3.2,Samsung,34015,37,3,0,1,0.0,0
C102282,35,F,Уфа,1132163,single,1,bachelor,employed,90408,0,1,6.4,2,57336.88,0,,621.6,29,0.894,2.5,Apple,90330,13,3,0,0,,1
C102283,55,M,Москва,12539662,married,1,bachelor,employed,99203,0,1,12.5,4,170561.99,1,684395.6,654.4,14,0.501,4.7,OnePlus,50184,23,0,0,1,0.0,0
C102284,35,M,Москва,12550652,single,1,bachelor,employed,143960,1,0,9.0,3,134009.4,0,,717.6,39,0.971,6.7,Samsung,69320,5,2,0,1,0.0,1
C102285,62,F,Челябинск,1153875,married,1,bachelor,employed,39975,1,0,16.3,2,41505.2,0,,551.1,10,0.433,2.5,Xiaomi,13709,37,1,0,1,0.0,0
C102286,18,M,Новосибирск,1713502,single,0,phd,employed,69769,1,0,0.0,1,66580.84,0,,582.3,36,0.92,15.0,Apple,34297,48,1,1,1,0.0,0
C102287,27,F,Санкт-Петербург,5485730,single,0,phd,employed,135303,1,0,2.4,2,145899.34,1,3355551.52,679.1,46,0.938,3.8,Apple,136225,3,2,0,0,,1
C102288,28,F,Екатеринбург,1537737,single,0,secondary,employed,68893,0,0,10.0,2,39911.8,1,557223.37,673.9,25,0.845,5.6,Huawei,23621,11,0,1,1,1.0,1
C102289,65,M,Самара,1221161,married,2,secondary,employed,52046,1,0,7.3,2,50718.43,1,468905.49,647.9,17,0.481,2.1,Xiaomi,25779,22,1,0,1,1.0,0
C102290,53,M,Екатеринбург,1485903,single,0,master,employed,45543,1,0,1.4,2,19193.78,1,960669.85,575.5,16,0.774,0.9,Xiaomi,22791,22,3,0,1,0.0,0
C102291,66,F,Самара,1148269,married,0,secondary,employed,30415,0,0,4.4,1,40007.35,0,,516.1,2,0.321,0.1,Xiaomi,6937,43,0,0,0,,0
C102292,36,F,Челябинск,1163699,married,2,bachelor,employed,38677,0,0,10.2,2,69885.0,1,492890.65,604.5,9,0.37,0.3,Xiaomi,21292,7,0,0,0,,0
C102293,30,M,Омск,1103521,single,0,master,employed,109518,0,0,8.2,3,100593.56,1,843011.35,741.9,30,0.867,,Xiaomi,17823,29,5,0,1,0.0,0
C102294,28,F,Санкт-Петербург,5384394,single,0,secondary,employed,183725,0,1,5.1,3,289027.25,1,813110.12,645.3,56,0.98,7.9,Samsung,57863,22,4,0,1,1.0,1
C102295,39,M,Москва,12853110,married,1,bachelor,employed,134852,1,1,0.5,4,60888.73,1,2246926.46,705.1,46,0.979,6.2,Xiaomi,40886,12,1,1,1,1.0,1
C102296,40,F,Ростов-на-Дону,1154376,single,0,secondary,employed,29135,0,0,3.5,1,19832.3,0,,534.2,11,0.814,3.2,Xiaomi,13556,31,1,0,0,,0
C102297,55,F,Москва,12501089,married,0,secondary,employed,118475,1,0,1.2,2,208962.27,1,2508586.98,719.3,23,0.677,2.1,Google,39789,16,1,0,0,,0
C102298,54,M,Москва,12943717,married,3,secondary,employed,53245,1,1,9.6,4,128264.55,1,1818938.49,612.4,17,0.599,2.2,Other,15185,30,2,0,1,1.0,0
C102299,33,F,Москва,12857203,married,2,bachelor,employed,97226,1,0,8.1,4,60351.61,1,1293110.55,660.1,33,0.582,4.8,Apple,46637,19,5,0,1,1.0,1
C102300,30,F,Самара,1175909,single,0,bachelor,employed,110175,0,0,5.1,4,78208.11,1,1717397.69,705.8,28,0.964,8.4,Samsung,70721,12,7,1,0,,1
C102301,28,M,Ростов-на-Дону,1138107,single,0,master,employed,34863,0,0,10.0,2,17165.38,0,,550.8,24,0.899,8.8,Other,8083,9,0,0,0,,0
C102302,40,M,Нижний Новгород,1197948,married,1,secondary,employed,41483,0,1,13.4,2,20461.92,0,,502.2,21,0.926,5.8,Samsung,24097,48,0,0,1,1.0,0
C102303,61,M,Москва,12527406,married,4,secondary,employed,88237,1,0,8.8,2,314800.7,0,,603.5,21,0.599,2.3,Other,12901,12,4,1,1,0.0,0
C102304,52,F,Москва,12217792,married,2,bachelor,employed,195747,0,1,7.7,1,708256.79,1,973722.11,692.1,44,0.849,4.7,Apple,82264,7,6,0,1,1.0,1
C102305,54,F,Омск,1119020,married,4,secondary,employed,26578,1,0,8.0,2,31085.45,1,220692.71,688.0,3,0.216,,Other,5416,5,1,0,0,,0
C102306,32,F,Екатеринбург,1471143,single,0,master,employed,180062,1,1,2.2,2,263408.64,1,6593129.09,722.3,43,0.775,2.3,Apple,110858,21,2,0,1,0.0,1
C102307,57,M,Казань,1364341,married,2,secondary,employed,41401,1,0,4.9,3,7545.21,0,,555.9,10,0.372,1.1,Xiaomi,8512,20,1,0,0,,0
C102308,25,F,Москва,12949688,single,0,secondary,employed,113718,1,1,3.3,2,43406.78,1,432407.76,675.3,37,0.982,3.1,Samsung,77635,19,5,1,0,,1
C102309,71,F,Новосибирск,1661895,married,1,secondary,employed,41929,0,0,5.2,3,28096.58,0,,478.5,7,0.237,1.5,Xiaomi,11723,18,2,0,0,,0
C102310,42,F,Екатеринбург,1542296,married,1,secondary,employed,120950,0,0,4.0,2,153552.69,1,636282.71,711.5,34,0.73,9.2,Samsung,75023,14,0,0,1,0.0,1
C102311,55,M,Самара,1270475,single,0,bachelor,employed,136564,1,1,10.7,2,101508.0,1,626228.96,732.3,29,0.577,1.2,Apple,51862,18,2,1,1,0.0,1
C102312,31,M,Ростов-на-Дону,1129007,married,1,bachelor,employed,66545,0,0,8.6,1,56060.71,0,,557.9,19,0.686,1.0,Apple,43867,21,0,1,1,1.0,0
C102313,41,M,Уфа,1137761,single,1,secondary,self_employed,74024,0,0,5.9,3,310294.31,1,1330571.06,626.8,17,0.567,3.5,Xiaomi,14685,15,2,0,0,,0
C102314,31,M,Казань,1269352,married,1,master,employed,108191,1,1,8.6,5,73073.84,1,389944.95,668.7,38,0.906,2.5,Samsung,42328,13,2,1,1,3.0,1
C102315,41,F,Санкт-Петербург,5527345,married,4,bachelor,employed,116916,0,0,8.8,2,279695.46,1,518228.98,740.2,37,0.855,4.2,Other,13242,13,4,0,0,,0
C102316,40,M,Самара,1145772,single,0,bachelor,employed,89953,0,0,2.3,4,31278.34,1,573980.05,683.4,16,0.496,1.6,Xiaomi,31972,5,3,0,1,0.0,0
C102317,28,M,Москва,12302541,single,0,secondary,employed,47617,0,1,3.9,2,84135.38,0,,577.1,26,0.968,9.7,Xiaomi,10827,39,0,1,1,1.0,0
C102318,42,M,Москва,13328679,married,3,bachelor,self_employed,347192,0,1,23.4,8,4624455.95,1,4266433.98,850.0,38,0.799,7.3,Samsung,82706,12,4,0,1,0.0,1
C102319,30,F,Санкт-Петербург,5166652,single,0,bachelor,employed,104378,0,1,10.0,3,66426.51,1,3299833.23,646.7,41,0.919,6.2,Apple,112250,9,5,0,0,,1
C102320,44,M,Казань,1289373,single,0,bachelor,employed,77673,0,0,8.5,4,39149.71,0,,637.6,22,0.529,2.2,Samsung,57792,11,3,1,0,,0
C102321,33,M,Самара,1130122,married,0,bachelor,employed,94274,1,1,2.9,2,47481.15,1,1978344.0,567.5,36,0.749,6.6,Samsung,64428,36,2,1,1,0.0,1
C102322,44,F,Новосибирск,1563841,married,4,secondary,employed,99040,1,1,2.5,2,362386.04,1,3169351.7,650.6,28,0.503,4.7,Apple,103752,6,4,0,0,,1
C102323,39,M,Самара,1121509,single,1,bachelor,employed,85422,0,0,10.5,3,102245.18,1,2691613.55,600.5,29,0.739,4.7,Apple,62844,11,2,0,0,,0
C102324,57,F,Уфа,1130818,single,2,bachelor,unemployed,18552,0,0,9.1,2,6641.03,0,,441.6,2,0.041,0.3,Other,9192,5,1,0,1,1.0,0
C102325,47,M,Ростов-на-Дону,1132279,married,3,secondary,unemployed,30452,0,0,3.1,2,13164.67,1,354453.69,574.7,8,0.555,1.3,Huawei,16573,35,0,0,0,,0
C102326,41,M,Казань,1385164,married,1,bachelor,employed,36430,1,0,12.3,2,120665.27,1,984182.76,659.0,15,0.748,9.3,Xiaomi,25143,10,3,0,1,1.0,0
C102327,62,F,Омск,1105075,married,1,bachelor,employed,59820,0,1,2.5,2,161059.16,0,,,25,0.55,2.0,Xiaomi,18860,19,3,0,0,,0
C102328,23,F,Москва,12596076,single,0,bachelor,self_employed,90299,1,0,5.0,4,70591.11,1,1676292.9,628.6,28,0.975,3.4,Samsung,61538,25,5,0,0,,0
C102329,33,M,Уфа,1098139,single,1,master,employed,38399,0,1,3.7,1,16547.82,1,471263.79,472.4,17,0.854,2.1,Xiaomi,8412,48,2,0,0,,0
C102330,44,F,Санкт-Петербург,5570232,married,5,bachelor,employed,70929,1,1,2.6,1,122165.68,0,,,18,0.645,6.3,Samsung,61081,6,1,0,0,,0
C102331,57,F,Новосибирск,1603555,married,1,secondary,employed,66315,1,1,7.7,1,34469.94,1,508341.27,548.4,28,0.679,,Xiaomi,17979,23,4,0,1,1.0,0
C102332,47,F,Нижний Новгород,1173570,married,0,bachelor,employed,195189,1,1,13.8,4,1166667.29,0,,682.3,38,0.73,4.4,Apple,108921,13,2,0,1,0.0,1
C102333,58,F,Челябинск,1148873,married,1,secondary,employed,41953,1,1,5.5,5,46182.27,1,420487.85,591.7,11,0.497,3.7,Xiaomi,11979,24,4,0,1,0.0,0
C102334,43,M,Санкт-Петербург,5441966,single,0,bachelor,employed,238698,0,1,8.6,4,199320.41,1,1499095.9,782.2,29,0.529,1.0,Apple,108582,4,6,0,0,,1
C102335,50,M,Краснодар,1075914,married,1,master,employed,144655,1,1,7.1,1,282373.11,1,2133795.59,626.2,34,0.863,,Apple,106439,13,3,0,0,,1
C102336,61,F,Москва,12682956,married,1,secondary,employed,73580,0,1,5.9,4,76226.07,0,,559.6,12,0.324,0.9,Xiaomi,24733,6,4,1,1,1.0,0
C102337,63,M,Уфа,1169713,single,1,secondary,employed,28448,1,0,12.8,2,29032.23,0,,457.3,6,0.419,1.6,Other,6682,25,1,0,1,1.0,0
C102338,27,F,Уфа,1138558,single,0,bachelor,employed,61541,1,0,6.0,4,24529.19,1,518773.1,611.6,17,0.671,15.8,Huawei,31779,44,7,1,0,,0
C102339,34,M,Санкт-Петербург,5494373,single,0,secondary,self_employed,84613,1,0,3.4,3,352059.36,1,2920821.59,611.1,21,0.926,,Xiaomi,16048,34,4,0,0,,0
C102340,61,F,Омск,1100057,married,2,bachelor,employed,61668,0,0,4.6,2,52440.4,1,280508.98,682.3,15,0.431,4.7,Xiaomi,29229,16,5,0,0,,0
C102341,32,F,Москва,12595091,single,0,bachelor,employed,150952,1,1,5.6,3,144948.9,1,1418476.49,654.7,33,0.749,8.5,Apple,75284,39,3,1,1,1.0,1
C102342,31,M,Краснодар,1113821,single,0,bachelor,self_employed,43915,0,0,0.8,2,11853.43,1,300808.09,678.9,23,0.97,1.4,Xiaomi,24617,27,2,0,0,,0
C102343,29,M,Челябинск,1099670,single,0,bachelor,employed,108680,1,0,5.9,1,41992.43,0,,730.1,26,0.957,12.3,Samsung,80967,7,1,0,1,0.0,1
C102344,24,F,Нижний Новгород,1186938,single,0,secondary,employed,55335,1,0,6.0,2,45187.73,1,427434.25,674.9,21,0.787,9.9,Other,12667,6,4,0,0,,0
C102345,19,F,Нижний Новгород,1230910,single,0,bachelor,employed,69127,1,0,1.0,1,18160.14,1,484046.06,646.8,34,0.869,10.5,Other,10699,26,2,1,0,,0
C102346,58,F,Челябинск,1143533,married,1,secondary,employed,88344,0,1,4.5,2,76846.55,1,222372.37,725.0,27,0.48,5.5,Samsung,52198,3,2,1,1,0.0,1
C102347,72,M,Омск,1148820,married,2,secondary,employed,15033,0,1,2.2,1,7773.69,0,,418.6,2,0.172,0.3,Huawei,10047,39,0,0,0,,0
C102348,41,F,Челябинск,1089504,single,0,secondary,employed,37046,0,0,1.1,2,14818.4,1,463772.59,490.0,8,0.498,3.9,Other,12313,26,2,0,1,0.0,0
C102349,60,M,Ростов-на-Дону,1170968,married,4,bachelor,employed,37681,1,0,10.6,2,28729.13,0,,630.9,8,0.326,0.6,OnePlus,30687,10,1,0,0,,0
C102350,42,F,Нижний Новгород,1245548,married,0,bachelor,employed,114709,0,1,7.5,2,76341.29,1,2104431.46,726.0,36,0.819,7.6,Apple,129961,8,2,1,1,1.0,1
C102351,44,F,Самара,1174440,married,3,secondary,employed,31307,1,0,10.6,2,9141.25,1,254462.18,604.1,9,0.438,1.0,Other,8145,9,0,0,0,,0
C102352,34,F,Казань,1269332,single,0,master,employed,270855,1,1,11.3,3,303041.67,1,546067.84,758.0,54,0.973,4.0,Samsung,89871,8,3,0,0,,1
C102353,40,F,Москва,12821563,married,4,bachelor,employed,181851,1,1,4.4,3,320360.67,1,1325189.76,740.2,44,0.607,5.4,Xiaomi,55364,4,3,0,0,,0
C102354,33,M,Санкт-Петербург,5477201,single,1,bachelor,employed,69736,1,0,4.0,4,94563.74,0,,671.2,23,0.595,11.5,Xiaomi,36250,11,1,0,1,1.0,1
C102355,22,M,Ростов-на-Дону,1099801,single,0,bachelor,employed,40318,0,0,4.0,1,15005.7,0,,524.9,20,0.713,7.3,Xiaomi,16936,27,0,0,1,0.0,0
C102356,50,F,Краснодар,1117613,married,2,bachelor,employed,60618,0,1,1.1,1,193316.67,1,151079.57,606.6,16,0.593,1.7,OnePlus,24087,17,3,0,0,,0
C102357,23,F,Екатеринбург,1461752,single,0,bachelor,employed,40776,0,0,5.0,3,16513.86,0,,564.3,19,0.821,2.8,Other,10142,5,3,1,1,1.0,0
C102358,50,F,Екатеринбург,1500798,single,0,master,employed,82390,1,0,2.1,1,91817.73,0,,650.2,29,0.754,0.9,Xiaomi,15542,18,1,0,0,,0
C102359,46,F,Москва,12314184,single,1,master,employed,242833,0,1,2.4,6,925591.87,1,1949011.0,697.4,40,0.742,0.4,Xiaomi,53948,6,4,0,1,0.0,1
C102360,31,M,Челябинск,1156777,single,0,secondary,employed,69852,0,0,4.8,5,45536.85,1,758330.89,695.2,32,0.877,9.9,Apple,51022,41,6,0,1,0.0,1
C102361,25,M,Новосибирск,1733698,single,0,bachelor,employed,94851,1,0,1.1,2,61582.93,0,,,36,0.849,1.2,Xiaomi,20717,22,1,0,1,0.0,0
C102362,38,F,Москва,12894585,single,2,phd,employed,212070,1,1,3.9,3,2091629.25,1,2755895.88,726.7,50,0.972,8.6,Samsung,87589,16,7,1,1,2.0,1
C102363,37,M,Москва,12696132,single,0,bachelor,employed,155742,0,1,2.6,4,196923.66,1,1066595.54,662.0,27,0.579,15.2,Apple,113103,21,4,0,1,3.0,1
C102364,24,F,Москва,12174258,single,0,bachelor,employed,119008,1,0,2.3,4,185088.71,1,1538549.13,769.8,33,0.953,7.5,Apple,105446,1,2,0,0,,1
C102365,32,F,Омск,1129475,single,1,master,employed,41475,0,0,8.0,3,56685.08,0,,628.5,21,0.609,6.4,Xiaomi,16272,11,3,0,0,,0
C102366,29,F,Новосибирск,1535103,single,0,master,employed,76963,1,0,6.0,4,42000.32,1,535721.35,629.1,33,0.764,0.4,Apple,56405,31,4,0,0,,0
C102367,29,M,Уфа,1173092,married,0,secondary,unemployed,15080,0,0,1.1,1,7743.69,0,,,3,0.789,1.6,Xiaomi,7981,12,0,0,0,,0
C102368,65,F,Ростов-на-Дону,1154050,married,3,secondary,employed,36200,0,1,6.6,1,27326.96,1,141448.16,485.8,4,0.266,0.2,Xiaomi,11449,42,1,0,1,2.0,0
C102369,63,F,Челябинск,1197192,married,3,phd,employed,46316,1,0,5.2,2,171306.61,1,374693.16,570.2,16,0.482,1.2,Other,5716,26,0,1,0,,0
C102370,48,F,Москва,12314356,married,0,master,employed,89425,1,1,6.6,2,116854.2,0,,626.0,23,0.797,6.3,Huawei,26873,20,1,0,1,1.0,0
C102371,55,F,Новосибирск,1664821,married,1,bachelor,employed,71062,0,1,2.7,2,50302.67,1,804092.28,619.6,16,0.643,1.4,Samsung,50283,17,4,1,0,,0
C102372,44,M,Новосибирск,1561933,single,0,secondary,self_employed,56592,1,0,11.3,3,28574.29,1,1144401.11,629.9,16,0.522,2.6,Xiaomi,26656,34,1,0,1,1.0,0
C102373,37,M,Санкт-Петербург,5366239,married,1,phd,employed,175358,1,1,5.4,8,512902.53,1,746057.01,848.0,43,0.949,8.9,Apple,119038,10,7,1,1,0.0,1
C102374,59,F,Санкт-Петербург,5249365,married,2,bachelor,employed,89674,0,0,6.3,1,139420.56,1,500063.94,715.4,32,0.721,9.2,Samsung,39918,19,1,1,1,0.0,1
C102375,22,M,Самара,1193015,single,0,secondary,unemployed,13140,0,0,4.0,1,2727.62,0,,476.2,2,0.685,3.0,Other,3814,38,0,0,0,,0
C102376,28,F,Москва,12357660,single,0,master,employed,74418,1,0,4.3,2,64484.8,1,407275.56,549.1,44,0.907,0.6,Xiaomi,24365,8,2,0,0,,0
C102377,44,M,Самара,1143527,married,2,bachelor,employed,133400,1,1,16.2,2,214891.33,1,3407080.92,709.5,44,0.754,3.1,Apple,149412,8,2,0,1,0.0,1
C102378,44,F,Санкт-Петербург,5532179,single,0,bachelor,employed,110036,1,0,15.2,6,109041.26,1,1083411.46,763.8,36,0.496,4.7,Apple,95017,8,4,0,0,,1
C102379,72,M,Екатеринбург,1490918,married,3,secondary,self_employed,54748,1,1,16.4,2,87353.41,0,,651.2,12,0.555,0.7,Huawei,19814,6,3,0,1,0.0,0
C102380,31,M,Краснодар,1123328,married,0,secondary,employed,167398,1,1,2.1,3,132284.25,1,1958898.0,612.9,33,0.709,2.3,Apple,97374,25,5,0,0,,0
C102381,64,M,Екатеринбург,1506214,married,2,bachelor,employed,40037,1,1,6.3,1,26867.75,1,313387.77,492.1,7,0.267,1.1,Other,11125,13,0,0,0,,0
C102382,60,M,Москва,12183721,married,0,bachelor,employed,53204,0,0,10.5,1,146606.0,0,,496.6,21,0.627,4.1,Samsung,39048,15,2,0,0,,0
C102383,39,M,Екатеринбург,1458274,married,0,bachelor,employed,66621,0,1,10.3,3,60590.54,0,,563.3,16,0.553,1.5,Xiaomi,19523,12,2,0,1,1.0,0
C102384,34,F,Омск,1119637,married,2,bachelor,employed,116864,1,1,1.5,3,147050.85,1,1316117.16,680.5,38,0.461,2.7,Apple,91749,9,7,1,1,0.0,1
C102385,37,F,Омск,1149039,single,0,master,employed,172156,1,0,10.9,3,355924.23,1,3309438.92,774.2,52,0.819,8.2,Apple,149412,9,4,1,1,0.0,1
C102386,34,M,Нижний Новгород,1236046,single,0,bachelor,employed,69921,0,0,4.1,1,67262.15,1,871925.36,467.6,12,0.713,2.8,Samsung,34549,18,2,1,0,,0
C102387,56,F,Новосибирск,1697330,single,0,bachelor,employed,61505,0,1,7.7,2,44599.53,1,27284541.13,,15,0.513,1.0,Huawei,24601,22,2,0,0,,0
C102388,57,F,Самара,1121805,married,2,bachelor,employed,51519,0,0,4.6,2,48189.79,0,,590.1,15,0.333,3.0,OnePlus,67634,4,3,0,0,,0
C102389,29,F,Москва,13105180,single,0,secondary,employed,75238,0,0,6.6,3,40506.98,0,,640.5,30,0.763,0.9,Apple,88249,3,4,0,0,,1
C102390,44,F,Москва,13272708,married,4,secondary,employed,123363,0,0,19.7,3,407025.98,1,437129.39,618.6,47,0.876,5.0,Samsung,64410,13,6,0,0,,1
C102391,32,F,Нижний Новгород,1212205,married,1,bachelor,employed,67555,0,1,14.0,1,59604.87,1,495496.42,608.6,21,0.665,2.7,Xiaomi,15083,48,0,0,0,,0
C102392,72,M,Ростов-на-Дону,1077941,married,3,secondary,employed,27133,1,1,1.9,1,13303.93,1,635098.69,520.7,3,0.22,0.3,Huawei,11607,44,1,0,0,,0
C102393,28,F,Нижний Новгород,1204914,single,0,bachelor,employed,72505,0,0,1.1,1,20693.49,0,,449.9,22,0.736,2.0,Apple,78905,23,1,0,1,1.0,0
C102394,72,M,Краснодар,1105480,married,1,secondary,employed,19094,0,1,8.2,1,5693.65,1,303523.1,504.4,2,0.05,,Xiaomi,7803,17,0,0,0,,0
C102395,57,F,Краснодар,1067554,married,1,bachelor,self_employed,101144,1,0,8.7,4,97654.74,1,5100757.61,596.5,17,0.724,1.4,Other,16857,12,0,1,1,0.0,0
C102396,34,M,Казань,1326192,single,1,bachelor,employed,42742,0,0,1.6,3,18391.91,0,,487.2,14,0.68,3.9,Xiaomi,13458,15,4,0,0,,0
C102397,25,F,Самара,1154340,married,0,secondary,employed,26900,0,0,7.0,2,3866.91,0,,542.9,18,0.799,1.3,Xiaomi,12696,11,0,0,0,,0
C102398,67,M,Москва,12494069,married,3,bachelor,employed,183155,1,1,9.2,4,129329.64,1,3327664.93,711.2,42,0.891,2.1,Samsung,101118,2,5,1,1,1.0,1
C102399,50,M,Челябинск,1195840,married,3,secondary,employed,28829,0,0,0.3,1,33473.47,0,,,11,0.714,4.9,Huawei,10270,47,0,0,0,,0
C102400,35,F,Екатеринбург,1445892,married,2,bachelor,employed,30565,0,0,9.0,3,21829.21,1,741221.88,523.7,16,0.782,3.0,Xiaomi,13682,8,3,0,0,,0
C102401,68,F,Екатеринбург,1508160,divorced,2,bachelor,employed,30169,0,1,8.5,1,36145.38,1,189821.53,644.4,2,0.315,0.2,Samsung,17183,48,1,0,1,0.0,0
C102402,36,F,Москва,12698482,single,0,secondary,self_employed,65677,0,0,5.3,1,29252.63,0,,625.6,27,0.903,8.3,Apple,54878,14,4,1,0,,1
C102403,33,F,Челябинск,1145521,single,0,bachelor,employed,41762,0,0,0.2,2,25076.04,1,327161.25,581.4,13,0.348,4.1,Other,7696,3,3,0,0,,0
C102404,48,F,Нижний Новгород,1221384,married,4,master,employed,104098,1,1,0.6,3,287261.46,1,8657435.17,644.1,30,0.617,1.9,Huawei,28659,6,2,0,1,1.0,0
C102405,45,M,Санкт-Петербург,5639268,single,0,master,employed,65388,0,1,27.0,1,66777.01,0,,518.0,21,0.555,2.3,Samsung,46897,22,0,0,1,0.0,0
C102406,27,M,Москва,12465305,single,0,bachelor,employed,83126,0,0,1.6,3,70285.6,1,1108170.49,652.8,38,0.988,11.3,Xiaomi,21685,12,7,1,0,,0
C102407,27,F,Нижний Новгород,1213301,single,0,bachelor,employed,66394,0,0,2.0,1,26896.04,0,,599.1,18,0.787,9.4,Apple,67337,24,5,0,0,,0
C102408,27,F,Новосибирск,1671421,single,0,bachelor,employed,59628,0,0,5.3,1,16099.84,1,384397.83,553.1,20,0.593,2.0,Apple,92920,32,1,0,0,,0
C102409,53,F,Екатеринбург,1457818,married,0,bachelor,employed,53009,1,1,3.3,3,82647.35,1,335890.3,643.1,15,0.62,2.5,Huawei,16006,48,3,1,1,0.0,0
C102410,45,M,Санкт-Петербург,5511820,married,1,bachelor,employed,74027,0,1,13.6,3,25972.49,1,1623652.89,750.3,23,0.825,7.8,Xiaomi,24217,31,4,0,0,,0
C102411,66,M,Москва,12130230,married,2,secondary,employed,36475,0,0,5.3,1,78659.69,1,1287158.79,532.6,5,0.504,2.7,Xiaomi,22180,24,3,0,0,,0
C102412,35,F,Уфа,1171504,single,0,master,employed,114947,1,0,3.3,1,145626.16,1,225159.64,689.4,33,0.649,6.2,Apple,107323,11,2,1,0,,1
C102413,24,F,Москва,12578665,single,0,secondary,employed,145240,0,1,1.3,1,69570.99,0,,689.4,36,0.844,3.4,Xiaomi,41135,15,0,0,0,,0
C102414,60,F,Челябинск,1183423,married,2,secondary,employed,23360,0,1,2.7,1,4423.34,1,246035.62,546.6,8,0.676,1.6,Huawei,7525,48,2,0,1,0.0,0
C102415,48,M,Ростов-на-Дону,1120619,married,0,bachelor,employed,113797,0,1,2.2,4,320970.75,1,2834476.94,690.3,32,0.771,3.5,Xiaomi,26680,48,3,0,0,,0
C102416,54,M,Москва,12200272,married,1,secondary,employed,45479,0,1,2.1,3,122201.91,1,969525.85,634.1,21,0.704,2.7,Huawei,20700,21,4,0,1,1.0,0
C102417,28,M,Казань,1342493,single,0,bachelor,employed,67646,0,0,10.0,2,69190.67,1,1275246.95,628.4,37,0.987,1.7,Samsung,40078,22,3,0,0,,0
C102418,64,M,Краснодар,1038739,married,2,bachelor,employed,120514,1,0,1.6,2,406611.43,0,,632.5,24,0.504,,Apple,109848,10,2,0,1,1.0,1
C102419,51,M,Нижний Новгород,1257769,married,2,bachelor,employed,84188,1,1,17.3,2,124154.47,0,,684.9,21,0.627,1.9,Huawei,27420,10,3,1,0,,0
C102420,19,F,Новосибирск,1687505,single,0,bachelor,employed,97416,0,0,1.0,2,140411.49,0,,,36,0.923,6.8,Apple,81136,39,1,1,1,2.0,1
C102421,59,F,Казань,1345473,married,1,secondary,employed,36103,0,0,12.3,2,24465.01,0,,584.3,7,0.429,3.1,Other,10836,12,0,0,0,,0
C102422,33,F,Нижний Новгород,1242190,married,0,master,employed,84545,0,0,8.7,2,66132.21,0,,693.9,27,0.71,6.0,Xiaomi,13993,26,8,0,0,,0
C102423,23,M,Новосибирск,1541022,single,0,bachelor,employed,54292,1,0,5.0,2,19175.89,0,,529.2,15,0.839,9.1,Xiaomi,16498,3,1,0,1,0.0,0
C102424,54,F,Нижний Новгород,1279747,married,1,bachelor,self_employed,116452,0,1,5.2,2,241659.59,1,1336449.38,665.9,46,0.78,10.5,Apple,91718,14,3,0,0,,1
C102425,39,F,Москва,13034127,married,1,secondary,self_employed,149315,1,1,5.4,2,307217.8,0,,772.4,47,0.938,7.8,Samsung,37543,24,4,1,0,,1
C102426,62,F,Екатеринбург,1559456,married,4,secondary,employed,55101,1,1,5.9,3,50207.56,0,,598.0,7,0.214,0.6,Huawei,14476,33,3,0,1,0.0,0
C102427,29,F,Нижний Новгород,1211614,single,0,secondary,employed,52592,0,0,2.0,3,51301.26,1,1805590.91,510.2,22,0.727,3.4,Samsung,46028,8,2,0,0,,0
C102428,41,F,Москва,12176755,single,0,bachelor,employed,80912,0,0,4.3,3,48145.9,1,344579.87,612.4,27,0.751,3.8,Xiaomi,34759,14,4,0,0,,0
C102429,38,M,Санкт-Петербург,5542597,single,0,bachelor,employed,204746,1,1,9.3,5,716592.6,0,,743.3,54,0.912,8.0,OnePlus,53722,26,2,1,1,0.0,1
C102430,20,M,Челябинск,1169511,single,0,bachelor,employed,44293,1,0,2.0,1,35425.32,0,,,28,0.925,3.1,Other,13642,25,0,0,0,,0
C102431,32,M,Екатеринбург,1510695,single,0,master,employed,150198,0,1,4.8,6,137331.77,0,,739.9,44,0.913,1.2,Apple,69808,2,4,1,1,0.0,1
C102432,37,F,Санкт-Петербург,5325395,married,2,secondary,employed,79427,0,0,8.5,5,45077.61,1,526179.62,576.2,22,0.721,5.5,Samsung,65765,12,5,1,1,0.0,1
C102433,26,F,Нижний Новгород,1254360,single,0,secondary,employed,25866,1,0,8.0,2,10099.44,0,,558.1,8,0.573,4.0,Huawei,9867,35,1,0,1,0.0,0
C102434,33,M,Нижний Новгород,1207151,single,2,bachelor,employed,72771,1,1,10.5,5,41545.76,1,172139.63,639.4,21,0.605,6.2,Samsung,52036,6,6,1,1,1.0,1
C102435,46,M,Екатеринбург,1500061,single,0,secondary,self_employed,92530,1,0,7.5,3,102753.31,1,1046820.64,707.4,26,0.882,3.6,Samsung,39018,27,1,0,1,2.0,1
C102436,37,M,Челябинск,1185075,single,0,bachelor,self_employed,99376,0,0,13.7,2,404839.98,1,2604166.65,775.2,47,0.753,2.9,Apple,60628,12,1,0,0,,0
C102437,35,F,Москва,12602790,married,1,master,unemployed,86215,0,1,16.7,5,43416.49,1,679831.96,753.9,44,0.956,4.8,Xiaomi,39495,21,4,0,0,,0
C102438,20,F,Казань,1307354,single,0,master,employed,80569,1,0,2.0,4,83429.18,1,914333.81,611.7,40,0.848,6.3,Xiaomi,17166,28,2,0,0,,0
C102439,31,F,Самара,1170870,single,0,bachelor,employed,109142,1,0,2.5,1,93004.06,1,676663.06,685.3,21,0.676,1.6,Xiaomi,23172,29,4,0,0,,0
C102440,29,F,Уфа,1161549,married,0,bachelor,employed,69398,1,1,11.0,1,161807.76,1,155586.71,668.2,32,0.913,4.4,Xiaomi,17367,19,1,0,0,,0
C102441,53,F,Санкт-Петербург,5476476,single,1,secondary,self_employed,137065,0,1,8.1,2,228838.7,1,1640501.32,801.0,34,0.717,9.0,Samsung,79953,15,1,1,0,,1
C102442,34,M,Санкт-Петербург,5591393,single,0,secondary,employed,79861,0,1,16.0,2,38030.12,0,,719.7,42,0.973,10.3,OnePlus,69823,6,4,0,0,,1
C102443,31,F,Ростов-на-Дону,1163953,single,0,secondary,employed,20012,0,0,5.3,1,7966.99,0,,522.6,11,0.813,13.0,Other,5819,19,0,0,0,,0
C102444,36,F,Краснодар,1044361,married,2,bachelor,self_employed,105010,1,0,1.7,2,276549.47,1,4763601.53,590.5,36,0.942,8.1,Xiaomi,23593,18,2,0,1,1.0,0
C102445,54,F,Санкт-Петербург,5557688,single,1,bachelor,self_employed,172267,1,1,1.4,2,390856.78,0,,715.1,27,0.248,3.2,Apple,120716,5,4,0,0,,1
C102446,27,M,Москва,12096324,single,0,master,employed,146504,1,0,9.0,5,110601.71,0,,711.9,44,0.935,3.6,Apple,103762,17,1,1,1,0.0,1
C102447,47,M,Екатеринбург,1505916,married,5,bachelor,employed,79639,0,1,6.3,4,74788.83,1,786485.06,775.0,20,0.632,1.0,Samsung,50653,7,7,1,0,,1
C102448,37,M,Нижний Новгород,1206311,single,1,bachelor,employed,70277,1,0,2.8,4,148558.65,0,,579.5,22,0.584,0.7,Other,13061,20,1,0,1,0.0,0
C102449,18,F,Уфа,1187025,single,0,secondary,employed,63191,0,0,0.0,2,9367.88,0,,,31,0.792,19.2,Xiaomi,17099,25,4,1,1,0.0,0
C102450,52,M,Уфа,1110586,married,4,bachelor,employed,89301,1,1,4.0,3,62333.19,1,654880.18,590.3,9,0.298,,Google,59914,11,5,1,0,,0
C102451,51,F,Казань,1349187,married,1,secondary,employed,77763,0,1,15.2,2,92150.02,1,1258134.79,649.9,19,0.674,8.2,Xiaomi,29777,15,4,0,1,0.0,0
C102452,60,M,Санкт-Петербург,5388104,married,2,secondary,employed,78462,0,0,2.5,3,290976.3,1,574570.5,631.8,22,0.48,2.2,Samsung,56919,20,2,0,1,0.0,0
C102453,38,M,Ростов-на-Дону,1086710,single,0,master,employed,58452,0,1,8.7,1,93164.39,1,2803029.0,563.0,17,0.527,3.8,Xiaomi,25647,7,1,0,0,,0
C102454,61,F,Новосибирск,1555736,married,2,secondary,employed,67005,1,1,2.5,2,159049.12,1,1212871.94,622.3,14,0.425,0.6,Xiaomi,19443,16,2,0,1,0.0,0
C102455,41,F,Краснодар,1090419,married,3,bachelor,self_employed,160686,0,1,2.1,2,789333.04,1,1435349.62,679.9,39,0.816,9.0,Apple,149412,10,5,0,0,,1
C102456,22,F,Екатеринбург,1467455,single,0,bachelor,employed,68966,0,0,4.0,3,130656.57,0,,699.2,20,0.967,9.5,Samsung,35098,19,1,0,0,,0
C102457,38,M,Санкт-Петербург,5503807,married,3,secondary,employed,101072,1,0,4.8,3,62227.29,1,776838.23,651.7,28,0.669,2.5,Other,24950,2,2,0,0,,0
C102458,18,F,Москва,12965845,single,0,master,employed,65708,0,0,0.0,3,49595.69,0,,,32,0.865,12.1,Huawei,22331,16,2,0,0,,0
C102459,20,F,Москва,12512251,single,1,secondary,employed,46308,0,0,2.0,1,20912.13,1,1785383.52,592.4,29,0.988,8.0,Apple,41960,42,1,0,0,,0
C102460,65,M,Санкт-Петербург,5349075,single,2,bachelor,employed,125078,1,1,4.9,5,311725.72,0,,691.1,27,0.393,6.9,Xiaomi,44986,26,5,0,1,0.0,0
C102461,35,F,Новосибирск,1679836,single,0,master,employed,56124,1,0,8.9,3,54172.15,1,558333.85,755.2,13,0.633,4.9,Huawei,19541,9,3,1,1,2.0,1
C102462,52,F,Санкт-Петербург,5138932,single,1,secondary,employed,68622,0,0,20.3,3,35498.74,0,,637.2,19,0.519,4.5,Huawei,30487,21,3,0,0,,0
C102463,30,M,Нижний Новгород,1276044,single,0,secondary,employed,68664,0,0,6.3,2,20719.14,0,,631.0,31,0.777,6.3,Xiaomi,22230,9,4,0,0,,0
C102464,44,F,Санкт-Петербург,5291207,married,2,master,employed,304660,1,1,7.6,2,420529.24,0,,740.2,57,0.913,7.4,Apple,149412,6,0,1,0,,1
C102465,41,M,Омск,1068730,married,1,bachelor,employed,116797,0,1,12.4,3,110159.18,1,2133212.19,698.7,25,0.951,5.9,Samsung,36622,48,2,1,1,0.0,1
C102466,72,M,Санкт-Петербург,5226260,married,5,secondary,employed,57382,1,1,18.9,2,62012.98,1,1360224.88,690.6,6,0.084,0.7,Huawei,28871,5,4,0,0,,0
C102467,35,M,Самара,1174257,divorced,0,bachelor,employed,65040,0,0,6.6,2,141346.86,1,1544309.12,620.2,26,0.875,2.6,Samsung,49534,10,3,0,0,,0
C102468,54,F,Москва,12623083,married,4,secondary,employed,120406,1,0,2.0,2,256863.05,1,2037624.46,699.3,36,0.729,1.0,Samsung,49736,22,3,1,1,1.0,1
C102469,46,M,Челябинск,1179866,married,1,secondary,employed,48343,1,0,12.9,2,35747.16,1,811166.73,618.8,9,0.614,2.0,Xiaomi,19103,32,0,0,1,1.0,0
C102470,55,M,Нижний Новгород,1208808,married,1,secondary,employed,49205,0,1,12.0,2,25317.59,0,,549.2,12,0.434,1.4,Xiaomi,21348,7,8,0,1,0.0,0
C102471,40,M,Уфа,1097311,married,0,bachelor,employed,106779,1,1,4.3,3,98151.46,1,1012949.21,672.1,33,0.725,3.6,Samsung,54500,5,1,0,1,1.0,1
C102472,47,F,Уфа,1134986,married,0,secondary,employed,58541,0,1,18.8,2,80957.12,0,,541.8,16,0.545,11.9,Xiaomi,16922,24,2,0,0,,0
C102473,36,M,Екатеринбург,1551016,single,0,bachelor,employed,115537,1,0,5.8,3,139632.94,0,,593.9,42,0.77,6.1,Samsung,63122,9,2,1,1,0.0,1
C102474,69,F,Ростов-на-Дону,1170527,married,2,secondary,self_employed,31288,1,1,17.2,3,25332.11,0,,447.9,5,0.056,0.4,Samsung,22760,39,2,0,0,,0
C102475,34,F,Ростов-на-Дону,1162324,single,0,bachelor,employed,28790,0,0,13.2,2,9498.76,0,,555.8,17,0.815,7.0,Xiaomi,11012,30,2,1,0,,0
C102476,54,M,Ростов-на-Дону,1116504,married,5,secondary,employed,107244,1,0,3.2,2,107516.66,0,,,9,0.232,2.8,Huawei,27012,28,3,0,0,,0
C102477,57,M,Челябинск,1165300,married,3,bachelor,employed,62285,0,1,0.5,1,67066.92,1,518656.49,758.4,15,0.428,8.6,Xiaomi,29241,19,1,0,0,,0
C102478,34,M,Омск,1164315,single,0,bachelor,employed,61717,0,0,9.2,2,28785.47,1,258632.48,599.7,15,0.779,2.2,Apple,66731,6,2,0,0,,0
C102479,61,F,Казань,1226077,married,1,secondary,employed,40289,0,0,3.5,3,22032.06,0,,655.9,2,0.08,0.8,Xiaomi,15188,13,2,1,1,0.0,0
C102480,42,M,Самара,1186602,married,3,bachelor,employed,95507,1,1,7.7,1,87447.76,1,382431.62,,34,0.549,4.4,Samsung,87043,5,1,0,0,,0
C102481,38,F,Ростов-на-Дону,1107184,married,0,bachelor,employed,71145,0,0,11.2,1,59052.98,1,626230.57,656.0,25,0.667,3.3,Samsung,42544,7,2,1,1,0.0,1
C102482,53,F,Нижний Новгород,1214516,married,5,bachelor,employed,17372,1,0,6.2,1,1983.0,0,,524.6,2,0.196,0.2,Other,6917,33,0,0,0,,0
C102483,22,M,Екатеринбург,1446097,single,0,bachelor,employed,56127,1,0,1.4,2,97999.22,1,1846733.39,,23,0.91,10.5,Xiaomi,22948,9,3,1,0,,0
C102484,40,M,Санкт-Петербург,5403466,single,1,master,employed,52500,0,0,1.9,2,29946.16,0,,695.6,29,0.784,2.1,Apple,59185,27,2,0,0,,0
C102485,65,F,Москва,12851878,divorced,0,bachelor,self_employed,98470,0,1,4.4,3,96147.72,1,1761779.93,675.2,19,0.565,1.1,Samsung,79294,5,4,0,1,0.0,1
C102486,71,M,Челябинск,1222240,married,4,bachelor,employed,71682,1,1,2.7,1,40047.78,0,,,20,0.587,1.8,Other,13461,9,1,1,1,0.0,0
C102487,43,M,Москва,12618745,single,1,secondary,employed,362543,1,1,4.4,2,1545423.54,1,5863170.4,703.3,57,0.886,4.2,Samsung,144777,4,4,0,1,0.0,1
C102488,31,M,Самара,1176472,married,1,bachelor,employed,41799,0,0,4.0,1,16819.6,1,287586.59,574.5,26,0.839,6.2,Samsung,27337,31,0,0,0,,0
C102489,45,M,Екатеринбург,1537110,married,0,bachelor,employed,71114,1,1,4.5,3,41943.68,0,,641.6,32,0.731,1.5,Other,8594,20,3,0,1,1.0,0
C102490,22,M,Москва,12407293,single,0,secondary,self_employed,85280,0,0,4.0,2,62477.82,0,,637.4,31,0.811,2.9,Xiaomi,20952,36,8,0,1,1.0,0
C102491,57,M,Казань,1340023,single,0,master,employed,228835,1,1,12.5,5,1074830.27,1,5792863.13,661.4,40,0.821,4.1,Apple,101735,10,3,1,1,1.0,1
C102492,32,F,Екатеринбург,1541597,married,0,master,employed,114330,1,0,2.1,2,80547.46,1,3984509.33,,27,0.826,9.6,Samsung,91546,0,0,1,1,0.0,1
C102493,19,F,Самара,1103510,single,0,master,employed,34316,0,1,1.0,2,14300.45,0,,,36,0.938,3.5,Xiaomi,20207,14,1,0,0,,0
C102494,26,F,Уфа,1144064,single,0,bachelor,self_employed,69036,0,0,8.0,1,78848.64,1,953922.68,604.3,23,0.764,5.1,Samsung,67537,4,3,0,0,,0
C102495,35,F,Ростов-на-Дону,1157531,married,1,bachelor,self_employed,97323,1,1,4.8,3,117895.11,0,,592.1,40,0.903,5.5,Apple,143119,12,6,1,1,0.0,1
C102496,71,F,Екатеринбург,1531065,married,2,secondary,employed,26070,0,0,3.2,1,23366.44,0,,549.7,5,0.449,,Other,5435,7,0,0,0,,0
C102497,18,M,Самара,1173644,single,0,bachelor,employed,73110,0,0,0.0,2,44098.33,1,879540.07,595.0,19,0.878,16.9,Samsung,54075,17,5,1,0,,1
C102498,57,M,Омск,1147763,married,3,bachelor,self_employed,96213,1,0,10.4,5,20822.57,0,,607.7,19,0.361,1.9,Other,16120,11,2,0,1,1.0,0
C102499,37,M,Самара,1165795,married,2,bachelor,employed,42049,0,0,3.4,1,22418.21,1,966281.36,602.9,24,0.855,8.8,Samsung,20360,48,0,0,0,,0
C102500,62,M,Санкт-Петербург,5514907,single,1,secondary,employed,47583,1,0,8.1,3,115420.82,0,,583.8,4,0.204,0.6,Xiaomi,10844,27,1,1,1,0.0,0
C102501,51,F,Челябинск,1269934,single,0,secondary,employed,73864,1,1,11.6,3,62349.82,1,1063687.92,626.4,16,0.532,7.2,Xiaomi,27408,5,4,0,1,1.0,0
C102502,65,F,Москва,12999985,married,5,secondary,employed,113329,1,1,6.4,4,570242.84,1,522208.72,696.7,26,0.499,3.6,Xiaomi,42591,4,1,1,1,1.0,1
C102503,51,M,Москва,12746310,single,1,bachelor,employed,217612,0,1,6.4,3,210380.28,1,4567030.7,760.0,35,0.732,2.9,Apple,115567,5,7,0,1,0.0,1
C102504,35,F,Челябинск,1248281,married,0,master,self_employed,156928,1,1,9.9,7,114754.28,0,,828.9,47,0.924,4.7,Apple,149412,6,10,1,1,0.0,1
C102505,33,M,Екатеринбург,1444553,single,0,secondary,employed,31490,1,0,3.3,4,17682.11,0,,,18,0.756,1.1,Xiaomi,17231,14,1,0,1,1.0,0
C102506,57,F,Москва,13365362,married,1,secondary,self_employed,90874,1,1,6.2,1,119532.92,1,563986.96,,28,0.609,4.0,Xiaomi,20413,34,0,0,1,1.0,0
C102507,29,F,Новосибирск,1645847,single,0,bachelor,employed,137279,1,1,5.8,2,144188.23,1,1821342.37,605.2,35,0.931,7.7,Xiaomi,20654,41,3,1,1,2.0,1
C102508,53,F,Екатеринбург,1439468,divorced,1,secondary,employed,24050,0,0,10.3,1,19255.39,0,,510.7,2,0.272,0.5,Other,5147,48,1,0,1,0.0,0
C102509,30,F,Москва,12867685,married,2,secondary,self_employed,101570,1,0,5.6,4,141264.48,1,2287160.85,725.0,33,0.792,9.7,Apple,81619,20,0,1,0,,1
C102510,64,M,Нижний Новгород,1194712,married,5,bachelor,employed,27626,1,0,5.8,2,22590.47,1,316073.31,646.9,2,0.338,0.7,Xiaomi,22145,4,3,1,0,,0
C102511,63,F,Москва,12008396,married,4,secondary,self_employed,58143,1,1,8.9,3,56794.45,1,516255.04,664.0,16,0.617,4.1,Xiaomi,18912,24,4,0,0,,0
C102512,43,F,Санкт-Петербург,5394863,married,5,bachelor,employed,417589,1,1,8.9,4,1369940.47,1,5156503.77,776.3,51,0.947,11.1,Samsung,149412,3,4,1,1,0.0,1
C102513,34,M,Самара,1156754,single,2,bachelor,unemployed,25276,0,0,3.6,1,9312.81,1,271751.17,510.0,9,0.478,5.7,Samsung,19192,48,2,0,0,,0
C102514,32,M,Челябинск,1163857,single,0,bachelor,self_employed,74353,0,1,14.0,3,242010.58,1,257606.71,652.7,35,0.962,3.5,Samsung,40339,15,1,0,0,,0
C102515,41,F,Нижний Новгород,1214809,married,0,secondary,employed,83661,0,0,3.3,3,49583.53,1,637167.97,612.4,22,0.428,0.9,Samsung,66698,3,2,0,0,,0
C102516,47,F,Новосибирск,1640534,married,5,bachelor,self_employed,157919,1,1,5.6,2,161041.77,1,258807.11,730.0,35,0.782,10.6,Apple,103852,6,4,0,0,,1
C102517,31,F,Санкт-Петербург,5037005,single,1,master,employed,191761,1,0,7.0,1,526562.79,0,,704.3,44,0.875,34.1,Apple,149412,18,1,1,1,0.0,1
C102518,62,M,Екатеринбург,1546697,married,4,bachelor,employed,55417,0,0,3.2,2,57097.97,1,2717211.25,563.5,14,0.504,0.7,Other,9978,32,1,0,0,,0
C102519,26,M,Санкт-Петербург,5392810,single,0,master,employed,96409,1,0,6.7,4,219602.21,1,502265.21,729.7,41,0.825,6.8,Xiaomi,24230,13,2,0,1,0.0,1
C102520,54,M,Нижний Новгород,1196335,married,2,bachelor,employed,53953,1,1,2.6,2,61615.69,1,676157.1,631.2,12,0.708,3.2,Xiaomi,16274,11,2,1,0,,0
C102521,50,M,Челябинск,1226381,married,2,bachelor,employed,98468,1,0,15.1,1,84710.94,1,2697592.91,644.9,25,0.72,7.4,Huawei,37867,40,3,1,1,0.0,1
C102522,37,M,Уфа,1119121,married,4,master,employed,152212,1,1,4.9,4,88917.23,0,,700.7,44,0.87,9.7,Xiaomi,39533,7,8,1,1,0.0,1
C102523,36,M,Краснодар,1091670,single,1,master,employed,62800,1,0,3.6,2,35883.9,1,310881.99,655.6,30,0.646,5.0,Xiaomi,30368,1,6,1,1,0.0,1
C102524,42,M,Москва,12379859,single,0,secondary,employed,83327,0,0,3.3,3,129377.6,0,,,24,0.901,,Xiaomi,17777,48,5,1,1,1.0,0
C102525,39,F,Самара,1125994,single,1,bachelor,employed,110408,1,1,15.1,5,65976.81,0,,755.7,37,0.868,8.2,Other,21905,11,3,1,1,0.0,1
C102526,47,M,Уфа,1210971,married,0,secondary,employed,66480,1,0,1.3,1,44316.21,1,493125.59,621.4,18,0.591,7.7,Xiaomi,28110,7,3,0,1,1.0,0
C102527,54,F,Омск,1105418,married,2,secondary,employed,44050,1,1,20.9,2,14753.17,1,260010.0,528.0,12,0.288,1.2,Xiaomi,12132,40,5,0,0,,0
C102528,22,F,Краснодар,1122760,single,0,bachelor,employed,99871,0,0,4.0,4,243413.82,0,,636.6,33,0.719,3.5,Other,12136,48,4,1,0,,0
C102529,28,M,Нижний Новгород,1207323,single,0,master,employed,116414,1,0,10.0,3,366409.96,0,,685.3,37,0.921,5.6,Samsung,48696,25,3,0,0,,0
C102530,45,M,Новосибирск,1685649,single,0,bachelor,employed,69071,1,0,4.1,1,70899.62,1,640700.07,658.6,24,0.784,3.8,Samsung,25583,41,2,0,0,,0
C102531,67,M,Москва,12925924,married,1,bachelor,self_employed,43206,1,1,5.1,2,14144.72,1,182328.06,713.0,16,0.733,1.5,Other,5905,39,2,0,1,0.0,0
C102532,33,M,Нижний Новгород,1232321,single,1,secondary,employed,57536,0,1,12.6,3,44996.76,1,947666.0,585.7,40,0.883,8.5,Xiaomi,25415,44,3,0,0,,0
C102533,30,M,Нижний Новгород,1243156,single,0,bachelor,unemployed,26560,0,0,9.3,1,25946.02,1,250323.13,499.0,13,0.793,8.2,Xiaomi,11484,14,0,0,0,,0
C102534,37,F,Санкт-Петербург,5592612,married,2,master,employed,108772,1,0,17.9,3,67584.85,1,922642.0,657.5,36,0.783,2.0,Huawei,17683,23,4,0,1,1.0,0
C102535,68,M,Санкт-Петербург,5530618,married,5,bachelor,employed,67572,1,1,14.4,5,40712.26,0,,654.4,29,0.615,3.6,Xiaomi,14662,47,6,1,1,0.0,0
C102536,60,F,Омск,1172704,married,4,secondary,employed,46939,0,0,28.0,4,80091.75,1,254988.2,726.6,21,0.669,3.1,Other,13318,6,6,0,1,2.0,0
C102537,67,M,Челябинск,1193050,divorced,3,secondary,employed,50402,1,1,3.2,2,39600.81,1,224679.16,611.5,10,0.32,1.4,Samsung,42904,7,2,0,0,,0
C102538,33,F,Омск,1133338,single,0,bachelor,employed,113637,1,0,7.0,1,78106.61,0,,679.1,20,0.702,2.8,Samsung,85964,6,3,0,0,,1
C102539,31,M,Екатеринбург,1504181,single,0,master,employed,73771,1,0,4.4,2,56871.21,0,,667.9,25,0.762,4.9,Xiaomi,9651,48,5,0,0,,0
C102540,29,M,Москва,12438209,single,2,master,employed,137509,0,0,6.0,4,217479.79,1,1331633.88,746.2,42,0.979,5.7,Samsung,92328,10,3,1,0,,1
C102541,62,M,Самара,1159358,married,2,secondary,self_employed,67838,0,1,3.0,2,77715.46,0,,574.4,10,0.54,1.8,Xiaomi,18393,22,3,0,1,1.0,0
C102542,49,M,Челябинск,1197247,married,1,bachelor,employed,104299,0,1,6.4,1,122176.89,1,1246776.08,676.1,24,0.472,2.5,Samsung,37315,38,2,0,0,,0
C102543,23,M,Екатеринбург,1478418,married,1,secondary,employed,121410,1,0,2.2,4,145154.07,1,5958705.37,566.4,59,0.951,11.4,Apple,74122,6,5,1,1,0.0,1
C102544,29,M,Казань,1316408,single,0,secondary,employed,12765,0,0,6.5,1,6557.33,0,,421.1,2,0.744,3.4,Other,6086,24,0,0,0,,0
C102545,59,F,Москва,12961993,married,3,secondary,employed,119301,0,0,3.7,2,127581.6,0,,735.0,40,0.924,5.8,Xiaomi,39480,16,2,0,1,0.0,0
C102546,56,M,Уфа,1099093,married,3,secondary,self_employed,56053,0,1,13.2,3,75052.94,1,2368469.88,630.1,18,0.585,1.1,Xiaomi,21449,4,1,0,0,,0
C102547,44,M,Челябинск,1194912,married,2,bachelor,employed,86634,1,0,7.6,4,135720.78,0,,661.7,24,0.683,4.0,Samsung,72037,5,2,0,0,,1
C102548,42,F,Москва,13482434,single,1,bachelor,employed,256844,0,0,4.2,3,740772.11,1,4081035.49,688.9,60,0.937,9.5,Apple,149412,18,4,0,0,,1
C102549,29,M,Ростов-на-Дону,1187860,single,0,bachelor,self_employed,56215,1,0,3.9,3,50677.96,1,879440.27,534.9,36,0.905,6.8,Xiaomi,23376,14,2,1,0,,0
C102550,21,M,Новосибирск,1588879,single,0,secondary,employed,40921,0,1,2.2,2,36602.43,1,276863.8,650.1,21,0.935,3.8,Samsung,53281,12,2,0,1,0.0,0
C102551,56,M,Москва,12016599,married,3,bachelor,employed,75267,1,0,5.2,5,29904.61,1,1207715.93,511.5,16,0.691,2.2,Samsung,44394,48,0,0,1,0.0,0
C102552,53,F,Санкт-Петербург,5480413,single,0,bachelor,employed,70377,0,1,3.3,3,200765.13,0,,,21,0.537,11.1,Huawei,24981,26,5,0,1,0.0,0
C102553,53,F,Нижний Новгород,1174615,married,1,secondary,employed,80480,1,1,7.1,4,28006.8,1,177890.5,658.7,25,0.667,0.5,Xiaomi,21741,45,1,1,0,,0
C102554,18,M,Нижний Новгород,1251692,single,0,bachelor,unemployed,14036,0,0,0.0,1,11151.22,0,,470.0,3,0.826,1.8,Xiaomi,10794,14,0,0,1,1.0,0
C102555,31,F,Омск,1120108,single,0,secondary,self_employed,65243,0,1,2.7,1,12465.66,1,2015223.37,600.8,20,0.714,2.9,Samsung,43932,19,0,0,0,,0
C102556,31,M,Санкт-Петербург,5433460,single,0,bachelor,self_employed,170469,0,1,4.6,4,120204.16,1,2481062.51,703.4,43,0.973,3.3,Xiaomi,32177,23,5,1,0,,1
C102557,28,M,Москва,13134726,single,0,bachelor,employed,81675,0,1,3.2,1,101135.41,0,,,25,0.762,3.1,Google,71972,14,1,0,0,,0
C102558,30,F,Новосибирск,1674975,single,0,bachelor,employed,159457,1,0,5.8,3,144528.73,1,1450454.55,783.9,40,0.817,2.9,Samsung,98281,4,8,0,1,1.0,1
C102559,58,M,Санкт-Петербург,5292502,married,2,bachelor,employed,179012,1,1,8.9,1,278938.18,1,4470820.79,701.1,40,0.433,,Samsung,83113,17,2,0,0,,0
C102560,57,F,Челябинск,1181428,single,2,secondary,self_employed,53976,1,1,3.1,3,11442.95,1,989324.7,668.3,9,0.339,1.2,Xiaomi,19349,23,4,0,1,0.0,0
C102561,41,M,Самара,1194018,married,1,secondary,employed,101523,1,1,2.2,2,25991.69,1,1506001.82,650.7,43,0.691,8.0,Huawei,46504,7,4,1,1,0.0,1
C102562,30,M,Краснодар,1058076,single,1,secondary,employed,52063,0,0,3.5,1,53858.12,0,,601.8,22,0.889,3.3,Xiaomi,17847,5,0,0,0,,0
C102563,57,F,Санкт-Петербург,5521131,single,1,bachelor,employed,129596,0,1,1.0,1,115005.64,1,4517727.44,670.7,28,0.611,1.9,Google,75857,18,3,0,1,1.0,0
C102564,59,M,Москва,12974853,married,2,bachelor,employed,70943,1,1,11.7,3,52142.48,0,,601.4,25,0.778,3.4,Xiaomi,22498,18,4,0,0,,0
C102565,37,M,Москва,13197933,married,5,bachelor,employed,118887,1,0,7.2,4,312520.15,1,2922682.88,608.5,37,0.898,4.4,Samsung,55733,10,2,0,0,,0
C102566,26,F,Екатеринбург,1490179,single,1,secondary,employed,159756,1,0,8.0,6,135802.81,1,1493887.77,816.2,46,0.93,2.8,Apple,95270,6,3,0,0,,1
C102567,71,F,Новосибирск,1598143,married,2,secondary,self_employed,60379,0,0,1.8,4,101452.08,1,1579272.14,557.2,9,0.325,1.5,Huawei,22593,22,1,0,0,,0
C102568,58,M,Москва,12485767,married,2,secondary,employed,71172,1,1,3.9,3,96934.24,0,,582.4,13,0.361,1.2,Xiaomi,25225,13,2,0,1,1.0,0
C102569,49,M,Санкт-Петербург,5483501,married,0,master,self_employed,168668,0,1,13.7,3,167548.11,0,,692.9,46,0.987,11.3,Apple,82796,20,3,1,1,0.0,1
C102570,43,F,Москва,13226046,married,1,bachelor,employed,126491,0,1,10.6,3,106485.63,1,772196.56,751.7,44,0.962,11.7,Apple,86482,27,3,0,1,2.0,1
C102571,54,F,Санкт-Петербург,5603114,married,1,secondary,employed,61685,1,1,3.5,1,34699.52,0,,702.0,21,0.831,1.5,Huawei,24270,21,3,1,1,1.0,0
C102572,67,M,Москва,12626825,married,2,bachelor,employed,177586,1,1,1.2,3,315659.33,0,,,17,0.269,,Apple,93914,6,4,0,1,1.0,1
C102573,57,M,Екатеринбург,1457153,married,1,master,self_employed,106590,0,1,2.3,1,172047.62,1,668598.13,768.2,40,0.831,6.1,Xiaomi,22686,12,2,1,1,1.0,1
C102574,37,M,Москва,12213481,single,0,bachelor,employed,179083,1,1,6.8,2,172923.91,1,3030927.4,725.5,42,0.786,3.0,Apple,121122,11,3,0,1,0.0,1
C102575,38,M,Челябинск,1200483,married,2,master,employed,91589,1,1,4.5,2,105388.93,0,,582.7,24,0.667,1.3,Samsung,56454,4,2,0,1,1.0,1
C102576,39,M,Нижний Новгород,1248381,married,2,secondary,employed,96099,1,0,7.3,2,83848.67,1,205704.38,688.3,32,0.71,0.9,Samsung,57694,17,2,0,0,,0
C102577,35,F,Москва,12736469,single,0,bachelor,self_employed,233748,1,0,5.1,2,398547.72,1,3462703.7,640.4,43,0.972,2.7,Apple,149412,3,2,1,1,2.0,1
C102578,39,M,Казань,1347460,single,0,master,employed,404845,1,1,1.2,4,1591582.43,0,,813.8,70,0.961,10.1,Apple,149412,3,3,1,1,1.0,1
C102579,28,F,Екатеринбург,1534401,single,1,master,employed,67902,0,0,4.7,2,24699.03,1,366541.4,625.1,32,0.974,4.3,Xiaomi,13128,35,3,0,0,,0
C102580,39,F,Москва,12173203,married,0,bachelor,employed,121824,0,1,20.3,5,162276.53,1,1267050.08,643.7,32,0.621,8.2,Apple,92159,13,5,1,1,1.0,1
C102581,54,M,Челябинск,1169361,married,0,bachelor,employed,62650,0,0,8.3,4,18182.48,0,,678.2,23,0.776,3.9,Samsung,44807,11,2,1,1,0.0,1
C102582,58,F,Челябинск,1170808,married,2,bachelor,employed,28579,0,0,4.6,1,10379.33,0,,594.3,2,0.328,,Huawei,13536,15,0,0,1,0.0,0
C102583,38,F,Казань,1334006,single,0,master,employed,165902,1,1,10.4,5,140707.24,0,,760.7,39,0.825,5.1,Samsung,102594,7,5,1,1,2.0,1
C102584,22,F,Челябинск,1174654,single,0,bachelor,employed,54054,0,0,4.0,1,22424.64,0,,694.1,38,0.985,5.3,Samsung,41462,13,2,0,0,,0
C102585,47,M,Омск,1120575,single,2,secondary,employed,86410,1,1,1.8,4,135120.47,1,4077355.99,640.2,24,0.441,5.4,Apple,60879,24,4,1,0,,0
C102586,40,F,Ростов-на-Дону,1133995,single,0,bachelor,self_employed,129685,1,0,14.7,3,226013.02,1,2672344.98,684.3,32,0.778,2.8,Xiaomi,28706,11,2,0,0,,0
C102587,55,F,Челябинск,1248349,married,2,phd,employed,157223,1,1,7.8,4,411071.52,1,1360431.02,753.2,43,0.795,4.2,Apple,103371,4,4,0,1,1.0,1
C102588,25,M,Новосибирск,1653250,single,0,bachelor,employed,56214,0,0,3.8,3,84746.23,1,848877.13,568.7,28,0.743,4.6,Apple,42027,30,0,0,1,1.0,0
C102589,30,M,Ростов-на-Дону,1135305,single,0,master,employed,49668,0,1,7.5,4,41398.33,0,,741.7,24,0.946,1.3,Xiaomi,20726,11,0,0,0,,0
C102590,47,M,Нижний Новгород,1269059,married,1,master,employed,43699,1,1,16.0,2,128188.69,0,,604.4,11,0.531,1.5,Xiaomi,16368,29,3,0,1,0.0,0
C102591,37,F,Москва,12826038,single,1,master,employed,97982,0,1,1.0,1,110733.78,0,,,26,0.478,5.7,Apple,49420,26,1,0,1,0.0,0
C102592,46,M,Ростов-на-Дону,1184912,married,1,bachelor,employed,112684,1,1,6.5,1,83250.76,1,2658801.84,699.0,27,0.687,0.3,Apple,64324,17,2,1,0,,0
C102593,45,F,Москва,12618212,married,3,master,employed,196602,1,1,11.7,5,191720.69,1,1781352.42,747.4,48,0.949,5.6,Apple,149412,13,3,1,1,2.0,1
C102594,64,F,Самара,1167161,married,2,secondary,employed,45505,0,1,2.8,3,73724.61,1,227889.05,503.7,15,0.545,4.7,Xiaomi,14288,36,1,0,1,1.0,0
C102595,52,F,Москва,12636087,married,1,secondary,employed,118994,0,1,6.0,3,130688.71,1,905357.77,581.1,40,0.718,1.3,Xiaomi,45925,9,2,0,1,1.0,0
C102596,67,F,Самара,1171664,married,1,secondary,employed,45987,1,1,6.2,1,16904.51,1,352445.81,448.2,6,0.304,0.8,Xiaomi,13654,48,1,0,0,,0
C102597,33,F,Казань,1316753,single,0,bachelor,self_employed,149706,1,0,3.5,4,234733.85,0,,607.3,51,0.863,12.2,Apple,117865,16,3,0,1,0.0,1
C102598,58,F,Челябинск,1225505,married,2,secondary,employed,77908,1,0,5.6,1,47139.72,1,1467003.47,636.8,19,0.607,3.3,Samsung,51314,9,0,1,0,,0
C102599,62,F,Москва,11974589,married,2,bachelor,employed,78830,0,0,1.4,2,44734.36,0,,635.9,25,0.608,5.2,Samsung,59955,18,4,0,0,,0
C102600,25,M,Москва,13324571,single,0,master,employed,72675,1,1,7.0,3,141392.93,1,657060.14,706.4,26,0.827,1.1,Xiaomi,22082,10,1,0,0,,0
C102601,27,F,Москва,13050961,single,0,secondary,employed,43416,0,0,6.5,1,29689.97,0,,569.0,22,0.842,2.6,Xiaomi,14863,9,5,0,0,,0
C102602,28,M,Москва,12652309,single,0,master,unemployed,42914,0,0,6.4,2,37543.16,0,,584.4,20,0.859,4.3,Other,9376,8,0,1,0,,0
C102603,35,M,Санкт-Петербург,5537806,married,0,master,employed,176529,0,1,6.6,2,224957.45,1,981429.05,730.3,55,0.96,5.0,Apple,131574,6,2,0,0,,1
C102604,37,F,Самара,1216689,single,0,secondary,employed,23334,0,0,11.0,1,12288.1,0,,490.5,12,0.672,0.6,Xiaomi,7869,39,1,0,0,,0
C102605,40,F,Москва,12907838,single,0,bachelor,employed,207143,0,1,0.8,5,201689.35,0,,,44,0.847,6.8,Apple,145081,15,2,0,0,,1
C102606,33,F,Москва,12529720,single,0,bachelor,self_employed,143265,0,1,15.0,2,100433.36,1,1255264.65,689.6,54,0.97,8.6,Apple,111916,4,3,1,1,0.0,1
C102607,58,F,Москва,13154868,single,0,bachelor,employed,89530,1,1,2.2,2,111902.39,0,,,21,0.558,3.3,Samsung,44450,26,2,1,1,0.0,0
C102608,66,M,Санкт-Петербург,5369138,married,0,bachelor,employed,59982,0,1,7.2,2,11592.96,1,502864.82,563.8,10,0.295,4.0,Apple,75119,20,2,0,0,,0
C102609,28,M,Москва,12038962,single,0,secondary,employed,87341,0,0,3.4,2,22149.08,1,263011.3,674.1,31,0.768,8.8,Samsung,80651,5,5,0,1,1.0,1
C102610,46,M,Москва,12282106,married,4,bachelor,employed,183786,1,1,6.8,3,423806.1,1,975638.29,763.2,43,0.868,1.6,Apple,82956,5,3,1,1,0.0,1
C102611,60,F,Ростов-на-Дону,1137937,married,2,master,employed,92399,1,0,3.3,2,37604.57,0,,,20,0.461,0.6,Apple,86231,10,2,0,1,2.0,1
C102612,36,F,Новосибирск,1571095,single,2,secondary,employed,79069,0,0,7.8,2,46012.7,0,,564.7,23,0.745,5.6,Other,10595,13,3,0,0,,0
C102613,54,F,Москва,13824160,married,3,secondary,self_employed,133361,1,1,5.7,3,206020.6,1,344934.04,613.6,27,0.75,2.7,Samsung,82492,11,6,1,1,1.0,1
C102614,38,M,Самара,1160388,single,0,master,employed,156701,1,1,10.6,3,181969.36,0,,624.4,27,0.832,6.8,Xiaomi,21355,24,3,0,1,0.0,0
C102615,29,F,Санкт-Петербург,5483892,single,0,bachelor,employed,161092,1,0,8.4,5,284858.87,0,,606.8,32,0.936,9.7,Apple,98907,35,4,1,1,1.0,1
C102616,35,F,Москва,12418099,divorced,0,bachelor,unemployed,23590,0,0,3.9,1,10691.29,1,400059.46,,10,0.749,2.8,Other,11342,8,0,0,0,,0
C102617,52,M,Новосибирск,1723779,single,0,bachelor,employed,140409,0,1,2.7,2,464632.46,0,,,26,0.486,3.8,Samsung,58074,9,3,0,0,,0
C102618,33,F,Москва,13057496,single,0,bachelor,self_employed,268031,1,1,2.3,2,462213.28,1,1785188.22,743.1,71,0.98,23.2,Samsung,92350,3,4,1,1,0.0,1
C102619,63,F,Санкт-Петербург,5472160,divorced,0,secondary,employed,75668,1,1,24.0,3,130701.05,1,229309.13,771.1,23,0.528,2.6,Apple,57540,35,1,0,0,,0
C102620,36,M,Самара,1173279,married,2,bachelor,employed,73546,1,0,11.2,2,87870.26,1,547002.04,652.8,15,0.485,0.6,Huawei,28353,10,2,0,1,1.0,0
C102621,28,F,Санкт-Петербург,5426317,single,0,secondary,employed,73442,1,1,5.8,5,178376.41,1,1331871.45,679.1,27,0.754,7.1,Xiaomi,21354,23,1,0,0,,0
C102622,52,F,Екатеринбург,1509672,married,1,bachelor,employed,30391,0,1,2.3,2,19024.6,0,,,2,0.258,2.6,Xiaomi,7004,45,2,1,1,0.0,0
C102623,28,M,Омск,1115939,single,0,bachelor,employed,50416,0,0,10.0,3,34537.34,0,,483.7,30,0.896,11.0,Xiaomi,17983,48,2,0,1,0.0,0
C102624,60,F,Москва,12676916,married,2,master,employed,79692,0,0,16.6,6,46329.26,1,636077.75,689.8,20,0.383,1.7,Samsung,39279,27,3,0,1,0.0,0
C102625,45,F,Санкт-Петербург,5434497,single,0,bachelor,employed,137861,1,0,19.0,1,115562.0,1,739338.48,737.9,34,0.946,2.8,Xiaomi,33382,34,7,0,1,1.0,1
C102626,47,F,Екатеринбург,1487810,married,2,secondary,employed,40877,1,0,6.0,2,58030.87,1,770351.67,626.6,17,0.508,3.1,Xiaomi,29539,12,2,0,0,,0
C102627,56,M,Санкт-Петербург,5215079,married,2,master,self_employed,187760,1,1,2.2,2,200553.29,1,1268775.79,709.7,41,0.895,2.6,Samsung,65793,22,2,1,1,1.0,1
C102628,25,M,Краснодар,1080268,single,0,bachelor,self_employed,132192,0,0,7.0,2,251796.33,1,427369.06,720.9,35,0.793,1.7,Samsung,47729,19,3,0,0,,0
C102629,24,F,Екатеринбург,1469182,single,0,bachelor,self_employed,80698,0,1,4.0,2,87361.94,1,1494976.3,632.1,23,0.842,3.5,Apple,73016,27,1,0,1,2.0,1
C102630,43,M,Санкт-Петербург,5522361,single,1,phd,self_employed,150196,1,1,9.5,2,112554.98,1,482146.88,,36,0.824,5.0,Apple,115426,15,3,1,0,,1
C102631,71,M,Санкт-Петербург,5120645,married,3,bachelor,self_employed,113283,0,1,9.9,3,178336.79,0,,649.1,25,0.442,0.8,Huawei,26864,22,1,0,1,1.0,0
C102632,41,M,Нижний Новгород,1222405,married,0,bachelor,employed,57048,0,0,18.4,4,58635.29,1,619285.97,589.4,26,0.895,8.2,Xiaomi,18808,8,5,0,0,,0
C102633,64,M,Москва,12591140,married,3,secondary,employed,81763,1,0,3.8,3,53730.4,1,279570.11,654.9,14,0.336,0.9,Xiaomi,20483,7,5,0,1,0.0,0
C102634,31,M,Москва,12720321,single,0,master,employed,154957,0,0,11.7,4,649778.0,1,1524586.34,708.8,43,0.988,14.1,Samsung,84864,16,2,1,1,1.0,1
C102635,62,M,Ростов-на-Дону,1135806,married,1,bachelor,self_employed,48688,0,1,5.0,1,76810.47,0,,544.1,23,0.729,,Samsung,23869,18,1,1,1,0.0,0
C102636,31,M,Санкт-Петербург,5390132,single,0,secondary,self_employed,75649,0,0,3.0,1,22695.38,1,472760.03,561.1,43,0.974,5.2,Samsung,28654,45,1,0,0,,0
C102637,25,F,Самара,1127922,married,0,bachelor,employed,13535,0,0,3.2,1,8826.45,1,294329.99,503.6,2,0.547,0.4,Xiaomi,12779,48,1,0,0,,0
C102638,34,F,Омск,1074775,single,0,master,employed,228734,0,0,3.5,3,972521.97,0,,685.8,47,0.954,2.5,Samsung,70468,14,3,0,0,,0
C102639,27,M,Уфа,1114126,married,0,master,employed,46481,0,0,9.0,2,35577.22,0,,576.7,18,0.935,4.3,Other,7560,48,1,0,1,1.0,0
C102640,62,M,Челябинск,1251100,married,1,bachelor,self_employed,140155,1,1,8.6,1,71202.12,0,,727.1,21,0.53,1.9,Huawei,24353,22,5,1,1,1.0,0
C102641,60,F,Санкт-Петербург,5263909,married,2,secondary,unemployed,21670,0,0,7.6,4,10817.73,0,,523.7,2,0.463,0.3,Other,3992,48,2,0,0,,0
C102642,27,F,Самара,1172385,married,0,master,self_employed,113300,0,1,0.6,2,57412.77,0,,,35,0.885,3.3,Xiaomi,18986,21,2,0,1,1.0,0
C102643,39,F,Уфа,1103880,single,0,bachelor,employed,75975,0,0,18.3,2,91797.43,1,601248.8,612.2,23,0.632,1.3,Apple,60738,12,4,0,1,1.0,1
C102644,44,F,Челябинск,1221010,married,5,bachelor,employed,29673,0,0,5.7,2,12662.7,1,131961.78,586.8,2,0.401,1.1,Xiaomi,14562,32,1,0,0,,0
C102645,59,M,Казань,1335844,married,1,bachelor,employed,139785,1,1,5.8,5,167449.42,0,,683.9,36,0.678,2.2,OnePlus,102230,1,2,1,1,0.0,1
C102646,55,M,Нижний Новгород,1191294,married,1,master,employed,146353,1,1,1.5,2,836338.74,1,2579913.12,644.7,33,0.528,3.0,Samsung,56383,10,2,0,1,0.0,0
C102647,65,F,Ростов-на-Дону,1162279,married,1,secondary,employed,39040,1,0,14.7,1,61286.5,0,,529.0,4,0.249,1.6,Samsung,28063,16,2,0,1,1.0,0
C102648,47,M,Омск,1122335,married,1,bachelor,employed,69366,0,1,22.1,2,30664.89,0,,713.0,34,0.883,1.6,Huawei,30533,35,1,0,1,1.0,0
C102649,35,F,Москва,12600488,single,0,bachelor,employed,79725,0,0,2.0,3,45344.06,0,,457.2,26,0.776,7.0,Xiaomi,30792,18,4,0,0,,0
C102650,36,M,Краснодар,1073609,single,0,secondary,employed,45559,0,1,2.1,4,34779.69,1,445537.66,596.8,18,0.745,3.3,Xiaomi,11555,14,3,0,1,0.0,0
C102651,67,F,Ростов-на-Дону,1129474,single,0,secondary,employed,32811,0,0,3.0,3,17447.36,0,,,7,0.38,0.2,Xiaomi,18989,15,4,0,0,,0
C102652,28,F,Казань,1305910,single,0,secondary,employed,44715,0,1,4.7,1,22211.42,1,224860.34,586.8,17,0.805,1.5,Xiaomi,20539,20,1,0,0,,0
C102653,36,F,Челябинск,1123241,single,0,master,employed,115273,1,0,8.7,2,124584.65,0,,,38,0.911,19.4,Xiaomi,52032,11,2,0,0,,1
C102654,27,M,Челябинск,1247535,single,0,bachelor,self_employed,38490,0,0,9.0,1,17359.5,0,,507.8,15,0.601,6.9,Samsung,41232,5,0,0,0,,0
C102655,37,M,Уфа,1149229,single,0,secondary,self_employed,72382,0,0,3.2,2,63806.46,1,1690860.06,593.8,28,0.603,7.3,Apple,66257,17,2,0,0,,0
C102656,66,M,Новосибирск,1562855,married,2,master,employed,56473,0,0,18.8,4,64930.97,1,1211617.21,649.5,10,0.249,0.8,Xiaomi,26369,1,5,0,1,0.0,0
C102657,70,M,Санкт-Петербург,5147144,married,5,secondary,employed,59024,1,1,13.0,3,24817.79,1,397211.71,692.0,18,0.371,1.5,Xiaomi,23460,12,5,0,1,0.0,0
C102658,40,M,Казань,1276162,married,3,bachelor,employed,94358,1,0,9.6,2,53689.2,1,3226180.5,685.5,21,0.528,3.6,Samsung,61082,32,3,1,0,,0
C102659,24,M,Самара,1186404,single,0,bachelor,employed,70709,1,1,6.0,3,20090.3,1,626563.85,628.0,33,0.895,2.4,Samsung,55580,8,3,0,1,0.0,1
C102660,32,M,Челябинск,1178117,single,0,master,employed,73022,0,0,5.8,2,36512.36,1,726923.98,565.3,19,0.891,5.4,Xiaomi,12481,17,1,0,0,,0
C102661,21,F,Уфа,1196420,single,0,bachelor,employed,76566,0,0,3.0,2,28827.4,0,,628.9,27,0.863,9.4,Xiaomi,25600,18,1,0,0,,0
C102662,69,M,Москва,13052418,married,4,bachelor,employed,84869,0,0,8.2,3,192605.44,1,372646.64,697.4,21,0.308,4.0,Huawei,24638,21,4,0,0,,0
C102663,65,F,Нижний Новгород,1214651,married,4,secondary,employed,13151,0,1,4.6,1,8840.14,0,,395.4,3,0.255,0.4,Other,4149,43,0,0,0,,0
C102664,38,F,Самара,1259849,married,2,master,employed,37363,1,1,6.3,2,24627.68,1,714644.6,587.3,16,0.654,3.4,Other,8763,34,1,0,1,1.0,0
C102665,33,M,Ростов-на-Дону,1117193,married,2,bachelor,employed,59003,0,0,8.3,3,25063.27,1,1498557.04,608.7,28,0.75,0.5,Other,10793,20,1,0,0,,0
C102666,19,F,Санкт-Петербург,5319560,single,0,secondary,employed,28128,1,0,1.0,3,28730.69,0,,,13,0.737,11.7,Xiaomi,20037,10,1,0,0,,0
C102667,34,M,Новосибирск,1695018,married,1,master,employed,169742,0,1,1.0,4,91981.0,0,,,47,0.819,2.6,Apple,70012,26,4,1,0,,1
C102668,22,F,Омск,1154090,single,0,bachelor,employed,65698,0,0,4.0,1,27921.52,0,,662.2,29,0.817,12.0,Huawei,37618,12,3,1,0,,0
C102669,53,M,Москва,12055395,married,0,bachelor,employed,194594,0,0,11.2,2,971054.71,0,,658.6,50,0.66,0.4,Samsung,96821,13,1,0,0,,0
C102670,35,F,Новосибирск,1628508,married,1,master,employed,220267,0,1,5.7,5,285509.21,0,,722.4,55,0.964,3.5,Apple,149412,5,2,0,1,0.0,1
C102671,36,F,Самара,1075444,single,0,bachelor,employed,84871,1,0,14.3,2,85642.88,1,1044666.32,737.0,19,0.878,6.0,Xiaomi,23188,7,2,0,1,0.0,1
C102672,67,M,Санкт-Петербург,5466405,single,0,bachelor,employed,58413,1,0,5.9,1,158509.95,1,1415216.75,653.9,15,0.521,1.5,OnePlus,31841,19,1,0,1,0.0,0
C102673,34,F,Самара,1156148,single,0,bachelor,employed,43504,1,0,8.4,2,81281.85,1,418196.6,560.2,10,0.498,2.4,Xiaomi,17945,17,4,1,0,,0
C102674,35,M,Уфа,1126919,married,1,master,self_employed,76910,0,0,7.4,3,39010.82,1,559299.49,568.2,27,0.694,4.6,Samsung,86254,1,6,0,1,4.0,1
C102675,34,M,Москва,12531730,married,0,master,employed,178614,0,1,5.1,2,328010.25,1,2746422.4,650.2,36,0.905,13.3,Apple,149412,2,3,0,1,0.0,1
C102676,39,F,Санкт-Петербург,5346643,single,1,master,employed,248535,0,1,6.7,1,1187647.34,1,3445548.85,734.9,39,0.823,6.0,Apple,99934,19,2,1,1,0.0,1
C102677,50,M,Москва,12941277,married,3,bachelor,employed,211960,1,1,0.6,1,227312.61,1,2492504.88,627.9,46,0.894,17.8,Samsung,117365,2,2,1,1,0.0,1
C102678,32,M,Самара,1179401,single,0,secondary,self_employed,65683,1,0,10.1,2,127467.84,0,,652.4,19,0.727,0.6,Samsung,41217,10,1,0,1,0.0,0
C102679,52,M,Москва,12105348,married,4,bachelor,employed,134662,1,1,8.2,3,468406.19,1,2983868.27,,28,0.782,2.3,Xiaomi,26869,14,4,0,1,1.0,0
C102680,62,M,Самара,1170772,married,1,bachelor,employed,55034,0,0,3.8,3,88807.59,1,320438.24,623.3,13,0.444,,Xiaomi,27809,26,0,0,0,,0
C102681,70,F,Санкт-Петербург,5512450,married,5,bachelor,self_employed,72401,0,1,3.0,2,91908.67,1,624822.69,646.9,23,0.4,1.1,Xiaomi,18819,12,0,0,1,1.0,0
C102682,40,F,Казань,1285206,married,3,bachelor,employed,237384,1,1,4.0,6,1204376.6,1,1980817.81,774.6,47,0.884,2.3,Xiaomi,36350,5,3,1,1,0.0,1
C102683,28,M,Краснодар,1110253,single,0,bachelor,employed,30974,0,0,3.7,2,14943.82,0,,608.0,14,0.888,2.6,Xiaomi,12462,27,3,0,0,,0
C102684,46,M,Новосибирск,1573370,single,0,bachelor,employed,218965,1,1,25.0,3,633585.63,1,5628026.85,753.8,46,0.838,6.6,Apple,95702,17,1,0,1,0.0,1
C102685,32,F,Нижний Новгород,1173963,single,0,bachelor,employed,62953,1,0,4.1,1,41057.73,1,459050.91,629.9,24,0.955,4.2,Other,12152,18,1,0,0,,0
C102686,28,M,Ростов-на-Дону,1097302,married,1,master,employed,109985,1,0,5.8,2,122665.74,0,,587.4,36,0.983,6.0,Samsung,30166,36,3,0,1,0.0,0
C102687,72,M,Санкт-Петербург,5368141,married,1,master,self_employed,152264,1,0,12.9,4,501587.13,1,440891.5,784.9,28,0.405,0.7,Xiaomi,19645,42,7,1,1,0.0,0
C102688,31,M,Ростов-на-Дону,1134474,single,0,bachelor,employed,42645,0,0,8.9,3,30382.05,0,,561.6,18,0.702,3.5,Xiaomi,17630,2,2,0,0,,0
C102689,34,F,Казань,1318534,single,0,secondary,employed,40042,1,0,6.5,1,10337.2,1,236390.28,608.7,19,0.855,7.0,Xiaomi,24838,7,4,0,1,2.0,0
C102690,64,M,Москва,13191068,divorced,1,bachelor,employed,135908,1,1,7.2,5,186019.05,0,,670.5,34,0.641,,Samsung,61551,25,1,0,1,0.0,0
C102691,43,M,Омск,1123373,married,2,bachelor,employed,76517,1,1,1.1,1,75439.73,1,1917368.68,638.8,21,0.578,0.2,Apple,102571,9,0,0,1,1.0,1
C102692,25,F,Омск,1162019,single,0,master,employed,32073,0,0,4.9,2,14884.09,0,,447.6,21,0.99,7.8,Xiaomi,10850,48,0,0,1,0.0,0
C102693,34,M,Москва,12345613,married,2,bachelor,self_employed,262316,1,1,13.6,5,398092.24,0,,,37,0.887,7.5,Samsung,76221,22,4,0,1,0.0,1
C102694,55,M,Нижний Новгород,1233813,married,1,secondary,employed,47364,1,0,2.2,3,21639.51,1,196736.1,570.1,17,0.504,1.6,Huawei,24422,21,2,0,1,1.0,0
C102695,72,M,Екатеринбург,1545654,married,1,secondary,self_employed,41656,1,0,2.4,1,30638.5,0,,505.8,3,0.16,0.5,Xiaomi,18802,15,0,0,0,,0
C102696,34,M,Уфа,1218384,single,0,bachelor,employed,100912,1,1,7.5,4,495491.7,1,1116050.64,712.6,26,0.882,6.6,Apple,71022,12,5,1,1,0.0,1
C102697,71,M,Екатеринбург,1494206,married,3,bachelor,employed,28067,0,1,7.8,3,34561.15,1,137286.32,635.3,2,0.126,0.0,Xiaomi,11784,38,1,0,1,2.0,0
C102698,72,M,Санкт-Петербург,5224045,married,0,bachelor,employed,120052,0,0,4.8,2,251000.58,0,,687.7,19,0.411,1.3,Huawei,36716,5,1,0,1,0.0,0
C102699,37,M,Екатеринбург,1497379,single,0,bachelor,employed,46349,0,1,4.3,2,28010.19,0,,568.8,12,0.582,0.4,Apple,48083,8,2,0,0,,0
C102700,60,F,Омск,1105631,divorced,1,bachelor,employed,40479,1,0,4.5,3,17546.66,0,,559.6,3,0.279,2.3,Xiaomi,17410,8,1,0,0,,0
C102701,29,M,Краснодар,1136500,single,0,secondary,employed,47509,0,0,7.8,6,15240.4,1,982357.52,661.4,12,0.559,0.9,Xiaomi,26192,18,2,0,1,0.0,0
C102702,44,F,Санкт-Петербург,5216992,single,2,secondary,employed,104688,1,0,1.2,4,105951.47,1,2195147.54,618.4,33,0.787,9.7,Xiaomi,41523,3,4,1,1,1.0,1
C102703,28,M,Казань,1326117,single,1,secondary,employed,35254,0,1,10.0,1,7670.41,1,327140.47,598.7,9,0.815,2.1,Other,12765,13,3,0,0,,0
C102704,36,F,Санкт-Петербург,5013279,single,0,bachelor,self_employed,124928,1,1,4.6,4,244525.42,1,2815173.77,722.8,30,0.72,3.4,Apple,70006,39,3,0,1,1.0,1
C102705,18,M,Москва,12430697,single,0,bachelor,employed,299158,1,0,0.0,2,639844.22,0,,648.4,70,0.954,2.0,Google,89996,10,4,1,1,0.0,1
C102706,26,F,Челябинск,1203154,single,0,bachelor,employed,76030,0,0,2.0,1,43261.77,1,224604.3,578.8,29,0.977,3.4,Xiaomi,18740,4,0,0,0,,0
C102707,22,F,Екатеринбург,1446005,single,0,master,employed,95530,0,0,4.0,1,34088.07,1,1386555.81,671.6,37,0.858,11.7,Apple,69912,9,5,0,0,,1
C102708,59,F,Нижний Новгород,1196393,married,3,bachelor,employed,57612,1,1,10.5,4,51103.46,1,477174.76,715.0,14,0.442,0.6,Other,7853,25,0,0,0,,0
C102709,21,F,Санкт-Петербург,5418923,single,0,bachelor,employed,84586,0,1,3.0,3,72306.54,1,1789062.9,618.2,25,0.757,11.0,Apple,45652,8,4,0,1,0.0,1
C102710,43,F,Нижний Новгород,1204474,single,0,bachelor,employed,90605,0,1,4.4,1,25474.53,1,1307090.38,577.5,30,0.572,5.6,Apple,91609,7,3,0,0,,0
C102711,18,F,Москва,12876451,single,0,master,employed,158038,0,0,0.0,4,358339.92,0,,,49,0.962,4.7,Samsung,111161,7,2,0,1,0.0,1
C102712,28,F,Казань,1264888,single,1,bachelor,employed,30931,0,0,10.0,2,6427.67,0,,535.9,20,0.888,10.2,Xiaomi,12314,26,0,1,0,,0
C102713,25,F,Челябинск,1192042,single,0,bachelor,employed,89945,1,1,7.0,1,150818.53,1,2869124.08,599.7,34,0.919,4.7,Samsung,41152,39,5,1,1,1.0,1
C102714,58,M,Самара,1163125,single,1,secondary,self_employed,46895,0,0,0.2,1,44490.19,1,660509.74,573.8,15,0.37,1.8,Huawei,21846,45,4,1,1,0.0,0
C102715,56,F,Ростов-на-Дону,1111389,divorced,1,bachelor,employed,118650,1,1,10.7,6,57339.77,0,,837.0,33,0.759,2.0,Apple,73113,16,4,0,1,2.0,1
C102716,42,M,Нижний Новгород,1269382,married,2,secondary,employed,66795,1,1,1.6,2,63601.28,0,,528.6,30,0.856,2.4,Samsung,28745,42,3,0,0,,0
C102717,24,F,Краснодар,1111836,single,0,master,employed,343385,1,0,6.0,7,165639.29,0,,804.3,47,0.982,16.4,Apple,149412,7,3,0,0,,1
C102718,33,M,Санкт-Петербург,5373850,single,0,bachelor,self_employed,53180,0,1,5.7,1,50989.2,1,206023.7,585.3,27,0.914,5.5,Xiaomi,16118,26,6,1,1,2.0,0
C102719,51,M,Казань,1332278,married,3,secondary,employed,36898,1,0,5.9,4,15635.6,0,,620.0,11,0.634,1.7,Xiaomi,18172,11,3,0,0,,0
C102720,31,F,Челябинск,1175888,divorced,0,master,employed,103341,1,0,3.6,1,138048.87,1,804800.58,552.9,34,0.958,5.4,Samsung,44298,27,0,1,0,,0
C102721,64,F,Санкт-Петербург,5281369,single,0,secondary,employed,77069,0,1,7.2,2,223365.01,1,346922.67,635.5,8,0.171,2.6,Google,50979,2,1,0,1,0.0,0
C102722,36,M,Челябинск,1223825,married,3,bachelor,employed,75997,0,1,1.8,3,69087.1,1,2196681.34,586.0,35,0.839,21.4,Apple,86991,7,5,0,1,0.0,1
C102723,23,F,Москва,13258263,single,0,bachelor,unemployed,19498,0,0,5.0,1,11763.03,1,1023103.02,503.4,7,0.778,3.5,Other,5443,7,0,0,0,,0
C102724,44,M,Новосибирск,1659127,single,0,master,employed,95148,1,1,11.6,2,48211.15,1,1056511.55,605.8,28,0.457,2.7,Xiaomi,27524,5,4,0,1,2.0,0
C102725,45,F,Казань,1327407,married,0,bachelor,self_employed,45380,0,0,7.8,1,13207.18,0,,585.3,18,0.612,0.6,Other,14453,12,3,1,0,,0
C102726,56,M,Самара,1159106,married,1,secondary,self_employed,112624,0,1,8.7,2,133969.41,1,2123885.78,686.9,26,0.377,7.0,Samsung,73882,16,1,0,0,,0
C102727,31,M,Москва,12485385,single,0,bachelor,unemployed,43029,0,0,6.1,2,30429.68,1,704157.95,494.8,18,0.876,8.9,Xiaomi,23099,23,3,0,0,,0
C102728,29,M,Уфа,1159741,single,0,secondary,employed,26963,0,0,11.0,2,7254.82,0,,501.7,18,0.831,18.0,Xiaomi,16188,6,1,0,0,,0
C102729,26,F,Ростов-на-Дону,1070299,single,0,secondary,employed,32515,0,0,8.0,1,31252.77,0,,486.3,21,0.805,7.6,Xiaomi,16419,22,3,0,1,1.0,0
C102730,52,F,Новосибирск,1662718,married,0,secondary,employed,61322,0,1,4.2,2,125458.08,1,1220350.36,519.2,19,0.545,1.7,Huawei,17425,47,1,0,1,0.0,0
C102731,20,M,Екатеринбург,1474364,single,0,secondary,employed,97637,1,1,2.0,2,37119.08,1,553449.88,659.2,47,0.99,10.7,Samsung,44950,31,2,0,0,,0
C102732,41,F,Казань,1332966,married,0,bachelor,employed,56138,0,0,5.1,3,23444.56,1,861916.53,549.6,11,0.443,3.9,Samsung,25319,11,2,0,1,0.0,0
C102733,25,M,Челябинск,1191503,single,1,bachelor,employed,93104,1,0,6.9,2,145003.55,0,,527.8,21,0.731,5.0,Samsung,47245,29,4,1,0,,0
C102734,32,F,Краснодар,1117156,married,2,bachelor,self_employed,226140,1,0,8.6,6,1012739.22,1,657855.57,714.0,41,0.935,6.6,Apple,149412,10,6,1,1,1.0,1
C102735,28,M,Краснодар,1113188,single,2,bachelor,employed,74734,1,0,9.5,3,29744.55,0,,622.9,24,0.868,10.0,Samsung,40063,15,1,0,0,,0
C102736,72,F,Самара,1212949,married,4,bachelor,self_employed,43158,0,1,13.9,1,46780.66,0,,588.9,6,0.268,0.9,Samsung,27417,48,1,0,0,,0
C102737,38,F,Новосибирск,1595785,single,0,bachelor,employed,118444,1,0,5.7,2,189204.12,0,,606.4,33,0.937,3.8,Xiaomi,37311,7,3,0,1,0.0,1
C102738,57,M,Уфа,1172908,married,3,bachelor,employed,67920,1,1,1.8,3,79897.31,1,561605.86,552.2,18,0.599,2.0,Samsung,37119,40,1,0,1,1.0,0
C102739,30,M,Уфа,1157381,single,1,bachelor,employed,30498,0,0,4.5,1,13164.98,0,,569.1,14,0.709,4.2,Xiaomi,9370,45,1,0,0,,0
C102740,33,F,Екатеринбург,1495053,single,0,bachelor,employed,57958,1,0,2.9,2,16374.28,1,504822.91,532.4,29,0.876,7.3,Huawei,21630,16,2,0,1,1.0,0
C102741,26,M,Москва,12812928,single,0,master,employed,135047,0,0,0.3,1,79618.03,0,,636.6,46,0.999,8.2,Apple,103796,18,3,1,1,0.0,1
C102742,40,F,Уфа,1169896,married,1,master,self_employed,156789,0,1,15.1,2,183368.78,1,398962.06,737.7,32,0.862,3.6,Xiaomi,21630,48,1,0,0,,0
C102743,70,F,Казань,1298547,married,2,secondary,self_employed,39414,1,0,5.0,2,47435.44,1,187012.08,577.0,2,0.129,0.0,Huawei,26417,7,2,0,0,,0
C102744,32,M,Москва,12247060,single,0,bachelor,employed,230089,0,0,2.8,5,694464.47,1,1689772.02,,39,0.884,14.3,Google,38225,26,5,1,1,0.0,1
C102745,33,F,Ростов-на-Дону,1112200,single,0,bachelor,employed,67538,0,0,6.1,2,154922.43,0,,558.7,25,0.731,1.8,Apple,57218,33,2,1,0,,0
C102746,39,M,Москва,13143682,single,0,bachelor,unemployed,48122,1,1,13.1,4,13610.7,0,,681.2,12,0.434,3.4,Other,13390,19,2,0,1,1.0,0
C102747,40,F,Санкт-Петербург,5192802,single,0,secondary,employed,76039,0,1,4.5,2,66702.93,1,1207992.31,646.5,19,0.738,9.3,Other,11957,37,4,1,1,1.0,0
C102748,45,M,Москва,12928750,married,1,bachelor,employed,182450,1,0,2.3,4,1371594.69,1,2128728.21,760.9,35,0.737,0.8,Other,16717,10,4,0,0,,0
C102749,45,M,Челябинск,1211250,married,2,bachelor,employed,41671,0,1,9.6,4,19556.03,1,1163962.12,573.0,6,0.324,2.8,Xiaomi,14231,27,2,1,1,1.0,0
C102750,32,F,Омск,1126667,single,0,master,employed,29326,0,0,3.2,1,28304.55,0,,,5,0.433,3.5,Xiaomi,12686,5,2,0,0,,0
C102751,41,M,Новосибирск,1619339,married,1,bachelor,unemployed,25486,0,0,7.6,2,10165.85,0,,520.6,9,0.511,2.4,Xiaomi,24477,5,2,0,0,,0
C102752,54,F,Краснодар,1093275,married,4,secondary,employed,45833,0,0,3.7,1,51235.14,1,266491.78,483.7,17,0.527,1.5,Samsung,20212,48,1,0,0,,0
C102753,28,M,Санкт-Петербург,5556371,single,0,bachelor,employed,77069,0,0,10.0,3,82236.73,0,,643.0,42,0.98,6.2,Huawei,32163,6,0,0,0,,0
C102754,45,M,Ростов-на-Дону,1108407,married,2,master,employed,56117,0,0,16.4,3,10143.74,1,208018.85,700.3,15,0.617,2.3,Samsung,43240,26,3,0,0,,0
C102755,38,F,Уфа,1136436,married,4,bachelor,employed,35711,0,0,1.7,1,16292.14,1,230865.8,654.4,14,0.464,6.9,Xiaomi,19715,11,1,0,0,,0
C102756,29,M,Уфа,1122565,single,0,secondary,employed,42201,0,0,11.0,1,14876.72,0,,599.5,23,0.894,5.2,Other,10392,25,1,0,0,,0
C102757,45,M,Уфа,1215017,single,0,master,self_employed,56863,1,0,12.8,1,47100.72,1,748772.08,530.8,21,0.408,1.1,Samsung,35177,9,2,0,0,,0
C102758,26,M,Самара,1195427,single,0,master,self_employed,120747,1,0,4.4,5,44830.4,0,,742.7,32,0.898,13.3,Samsung,71624,9,4,0,1,0.0,1
C102759,48,M,Челябинск,1259834,married,2,secondary,employed,70097,1,0,12.0,3,90150.54,1,256527.22,637.4,15,0.763,5.5,Xiaomi,23044,41,2,0,1,2.0,0
C102760,42,M,Уфа,1140822,married,0,secondary,employed,73129,0,0,6.4,2,41746.12,1,887877.23,704.3,19,0.754,9.3,Xiaomi,19567,11,1,0,0,,0
C102761,67,M,Уфа,1154800,married,4,master,employed,96225,1,0,14.7,3,209240.27,1,4175396.58,635.9,25,0.324,2.6,Xiaomi,28142,16,0,0,1,0.0,0
C102762,33,F,Екатеринбург,1501225,single,0,bachelor,self_employed,86490,1,0,8.8,4,100669.66,0,,704.2,32,0.82,9.6,Samsung,65879,4,4,1,1,1.0,1
C102763,32,F,Москва,12931603,single,0,secondary,employed,95163,0,1,2.7,4,180010.17,0,,518.1,39,0.977,3.8,Apple,88474,21,2,1,0,,1
C102764,38,F,Челябинск,1188819,single,1,bachelor,employed,44320,1,0,3.2,2,47650.65,1,395418.4,513.2,22,0.775,2.3,Xiaomi,12869,48,0,0,0,,0
C102765,66,M,Москва,13102514,married,1,bachelor,self_employed,145321,1,0,15.2,4,84867.25,0,,737.8,19,0.4,,Apple,130352,6,5,0,1,0.0,1
C102766,19,M,Самара,1196365,single,0,master,employed,90917,0,0,1.0,3,39627.01,0,,661.4,31,0.882,10.5,Other,11097,26,3,0,0,,0
C102767,47,F,Екатеринбург,1542571,single,0,secondary,employed,101343,1,0,13.7,2,91330.83,1,562821.07,675.9,16,0.327,2.4,Samsung,56070,6,4,0,1,0.0,1
C102768,28,F,Уфа,1137130,single,0,secondary,self_employed,56658,0,0,10.0,2,99010.22,0,,611.0,33,0.958,7.6,Xiaomi,19533,23,6,1,1,0.0,1
C102769,37,F,Москва,12454314,single,1,master,self_employed,417589,1,1,6.1,2,728467.65,0,,779.3,57,0.908,5.7,Apple,149412,20,4,1,1,0.0,1
C102770,63,M,Самара,1225575,married,2,bachelor,employed,147110,0,1,9.1,3,155993.8,0,,719.4,34,0.52,4.6,Samsung,66986,17,8,0,0,,0
C102771,41,M,Ростов-на-Дону,1151449,married,1,bachelor,employed,61394,0,0,8.5,4,67944.22,1,388907.97,659.1,19,0.736,6.5,Huawei,35338,29,2,0,1,0.0,0
C102772,58,M,Омск,1115329,married,1,bachelor,employed,80332,1,1,2.7,3,35652.92,1,405037.7,540.1,15,0.261,3.5,Xiaomi,26894,6,1,0,1,0.0,0
C102773,44,M,Санкт-Петербург,5363563,married,2,bachelor,employed,220602,1,1,19.0,6,368737.29,1,6889618.57,754.4,35,0.863,7.1,Apple,149412,7,4,0,1,4.0,1
C102774,31,F,Санкт-Петербург,5761768,married,2,master,employed,80037,1,0,13.0,5,56668.33,1,737194.39,738.4,41,0.986,19.2,Xiaomi,37909,8,2,1,1,0.0,1
C102775,61,M,Москва,12185951,divorced,0,bachelor,self_employed,291821,1,1,12.8,7,500148.35,1,5523912.43,685.5,53,0.87,2.5,Apple,78981,17,4,1,1,0.0,1
C102776,32,F,Челябинск,1142116,single,0,master,self_employed,84591,1,0,12.0,4,63343.83,1,962325.82,671.3,40,0.921,3.8,Xiaomi,26359,28,1,0,0,,0
C102777,47,M,Ростов-на-Дону,1093459,married,1,bachelor,employed,101441,0,1,3.2,4,146916.45,1,1016882.32,690.4,29,0.484,5.0,Apple,129985,8,5,0,0,,1
C102778,52,F,Краснодар,1064941,married,2,secondary,employed,80139,1,0,4.3,3,51960.61,0,,647.3,19,0.55,1.5,Apple,105866,13,4,0,1,0.0,1
C102779,57,F,Самара,1225081,married,3,secondary,employed,57026,1,1,4.9,1,38055.88,1,1047939.85,693.7,15,0.448,1.9,Samsung,44788,18,3,1,1,0.0,0
C102780,27,F,Санкт-Петербург,5401630,single,0,secondary,self_employed,93171,0,0,2.0,1,119878.38,1,234338.77,672.5,21,0.43,5.8,Apple,53943,31,3,1,1,0.0,1
C102781,50,F,Нижний Новгород,1275339,divorced,1,bachelor,employed,81160,1,1,4.7,1,249259.88,1,536109.04,608.2,23,0.736,5.1,OnePlus,33758,37,2,1,1,2.0,0
C102782,56,M,Москва,12693791,single,0,secondary,employed,64179,0,0,15.4,1,25697.66,0,,567.9,35,0.931,4.5,Huawei,25940,21,4,0,0,,0
C102783,41,F,Екатеринбург,1489498,single,0,master,employed,96657,0,1,7.4,3,232482.66,0,,585.8,34,0.82,13.4,Other,13016,32,3,0,1,1.0,0
C102784,69,F,Нижний Новгород,1244860,married,1,secondary,employed,32867,0,0,11.1,1,10151.07,0,,499.0,2,0.417,0.9,Huawei,25308,14,2,0,0,,0
C102785,27,F,Санкт-Петербург,5545230,single,0,secondary,employed,160848,1,0,9.0,3,219874.13,1,2541656.4,667.6,30,0.991,16.0,Xiaomi,51056,9,3,0,1,0.0,1
C102786,46,M,Ростов-на-Дону,1118702,married,0,secondary,employed,21523,0,1,2.9,1,18884.42,0,,473.4,8,0.567,1.1,Xiaomi,19230,7,2,0,0,,0
C102787,63,F,Москва,12825669,married,3,bachelor,employed,92762,1,1,1.4,5,85515.15,1,410535.44,641.0,28,0.682,5.2,Other,16017,16,7,0,1,0.0,0
C102788,59,F,Самара,1184596,married,1,bachelor,employed,53712,0,1,8.8,1,53784.04,1,250475.79,675.4,13,0.31,1.9,Huawei,18153,17,0,0,1,0.0,0
C102789,63,F,Екатеринбург,1419117,married,1,bachelor,employed,96432,1,1,6.5,1,132278.1,0,,691.1,17,0.546,3.8,Xiaomi,30307,36,3,0,0,,0
C102790,27,F,Самара,1164927,single,0,bachelor,employed,52671,0,0,5.6,4,63186.96,0,,569.4,31,0.951,13.0,Samsung,65548,26,1,0,1,3.0,1
C102791,48,F,Казань,1300231,married,3,master,self_employed,103142,0,1,8.6,1,118248.86,1,545783.37,652.0,27,0.575,0.1,Apple,90595,1,1,0,0,,0
C102792,38,F,Казань,1303341,married,0,master,employed,90232,1,1,1.6,1,56211.83,1,700495.51,622.3,24,0.58,3.7,Xiaomi,27084,25,3,0,0,,0
C102793,28,M,Екатеринбург,1460064,married,1,secondary,employed,30327,0,1,0.9,1,25584.66,0,,,8,0.621,4.0,Xiaomi,10279,29,2,0,0,,0
C102794,50,M,Самара,1205402,married,3,bachelor,employed,93670,1,1,3.4,2,182279.9,1,1625669.05,700.5,24,0.623,8.1,Huawei,25489,28,0,0,1,0.0,0
C102795,58,F,Нижний Новгород,1178440,married,3,secondary,self_employed,17050,0,0,6.4,2,8553.64,1,144840.73,489.2,2,0.295,0.2,Xiaomi,6837,48,1,0,1,2.0,0
C102796,29,M,Санкт-Петербург,5370651,single,0,bachelor,employed,34603,0,0,5.3,2,18830.47,0,,564.5,24,0.944,8.3,Xiaomi,11780,4,2,0,0,,0
C102797,29,F,Нижний Новгород,1256717,single,0,bachelor,employed,68643,0,0,4.4,2,107501.92,0,,530.2,22,0.844,5.6,Other,14713,41,1,0,1,1.0,0
C102798,68,M,Самара,1207287,married,3,bachelor,employed,64272,1,1,0.9,3,185706.06,0,,661.3,23,0.717,2.8,Xiaomi,21769,5,4,0,1,0.0,0
C102799,27,M,Екатеринбург,1513811,single,0,master,employed,127858,1,0,1.6,4,28140.87,0,,,39,0.982,3.9,Apple,96153,8,2,0,1,1.0,1
C102800,35,F,Ростов-на-Дону,1134577,married,2,bachelor,employed,53161,0,1,0.9,1,76979.96,1,544011.81,585.0,32,0.762,1.4,Xiaomi,10511,22,0,0,0,,0
C102801,63,F,Ростов-на-Дону,1123547,married,0,bachelor,employed,61965,0,1,4.1,1,84528.18,1,829984.77,607.2,10,0.334,,Xiaomi,26388,3,1,0,1,1.0,0
C102802,31,M,Санкт-Петербург,5389570,married,0,secondary,employed,87578,0,1,10.8,4,44880.37,1,479987.46,605.1,31,0.846,2.9,Xiaomi,32241,11,6,1,1,1.0,1
C102803,67,F,Казань,1260823,married,1,master,employed,77618,0,0,10.2,2,116744.0,1,469189.37,720.6,24,0.471,5.1,Huawei,22365,11,1,0,0,,0
C102804,50,F,Москва,12538617,married,2,secondary,employed,161846,1,1,3.8,2,247244.89,1,1155680.1,664.5,31,0.667,4.4,Apple,91154,21,2,0,1,1.0,1
C102805,20,F,Санкт-Петербург,5678462,single,0,bachelor,employed,69717,0,0,2.0,2,65387.53,0,,,32,0.717,3.3,Samsung,64384,6,5,0,0,,0
C102806,36,F,Санкт-Петербург,5472480,single,0,master,employed,114802,1,0,1.8,3,160382.96,0,,,47,0.829,2.8,Huawei,47182,6,4,0,1,0.0,1
C102807,49,F,Москва,12345116,married,1,bachelor,employed,101612,1,1,3.6,3,102720.22,1,2006330.67,600.9,37,0.665,6.4,Xiaomi,15999,15,1,0,1,1.0,0
C102808,26,M,Нижний Новгород,1208069,single,0,bachelor,self_employed,42899,0,0,8.0,1,27246.54,1,527364.11,649.1,19,0.871,3.8,Huawei,16511,7,0,0,0,,0
C102809,25,F,Москва,12727069,single,0,secondary,unemployed,19047,0,0,6.6,2,4294.54,0,,381.1,12,0.947,3.6,Xiaomi,9795,48,1,0,0,,0
C102810,52,M,Краснодар,1084232,married,1,secondary,self_employed,44715,0,1,9.4,3,31545.07,1,214891.65,590.5,19,0.702,1.1,Xiaomi,16753,9,3,0,1,2.0,0
C102811,29,F,Нижний Новгород,1123994,single,1,secondary,employed,28001,0,0,11.0,3,3485.34,0,,645.4,12,0.76,6.5,Xiaomi,12710,18,2,0,0,,0
C102812,42,M,Москва,12294758,married,3,bachelor,employed,187366,1,1,11.2,3,136191.25,1,2412767.28,850.0,44,0.79,3.6,Samsung,62430,21,2,0,1,0.0,1
C102813,42,M,Москва,13420749,married,2,bachelor,employed,72221,1,0,2.6,1,156953.28,1,142366.19,598.6,28,0.824,5.9,Samsung,73283,22,3,0,0,,0
C102814,58,M,Санкт-Петербург,5546560,married,2,secondary,employed,36740,1,1,17.1,3,17421.68,1,65144.11,611.4,4,0.339,0.3,Xiaomi,11395,48,2,0,0,,0
C102815,44,F,Москва,11993645,married,3,master,employed,195402,1,1,8.0,4,254157.34,1,1277763.35,752.5,38,0.789,2.3,Apple,88331,8,2,0,1,1.0,1
C102816,55,F,Казань,1305103,married,1,secondary,employed,21972,0,0,15.3,2,9433.61,0,,530.2,2,0.174,0.1,Xiaomi,12817,10,2,0,0,,0
C102817,28,F,Уфа,1141597,single,0,master,employed,84023,1,0,1.2,4,76803.33,1,898048.49,686.1,33,0.963,2.1,Xiaomi,11556,38,4,0,0,,0
C102818,32,M,Челябинск,1194951,single,0,master,unemployed,29996,0,0,1.6,1,35829.12,0,,,16,0.873,2.6,Other,5062,35,0,0,0,,0
C102819,53,F,Казань,1242759,married,2,bachelor,employed,99813,0,0,19.1,4,164519.51,1,336636.79,570.2,33,0.81,2.9,Apple,110167,8,3,0,0,,1
C102820,55,F,Нижний Новгород,1261162,married,3,bachelor,self_employed,148241,1,1,3.4,3,348189.48,1,1742684.2,688.8,46,0.826,4.7,Samsung,122999,4,2,0,0,,1
C102821,34,M,Омск,1250497,married,1,bachelor,employed,94051,0,0,4.9,2,34037.25,1,687340.09,680.3,24,0.678,5.8,Apple,123122,13,0,1,0,,1
C102822,28,F,Нижний Новгород,1210814,single,0,bachelor,employed,75870,0,0,7.1,4,74105.45,1,477608.74,662.1,32,0.801,5.1,Other,11303,48,6,1,0,,0
C102823,65,M,Москва,12818499,married,3,bachelor,employed,86355,1,1,1.3,3,93210.36,1,918278.98,,20,0.637,0.7,Xiaomi,18170,6,3,0,1,0.0,0
C102824,26,M,Москва,12967322,single,0,master,self_employed,69470,1,0,3.7,2,37189.7,1,1336474.45,591.8,27,0.977,7.0,Huawei,15278,27,3,0,1,0.0,0
C102825,64,F,Москва,12759881,married,2,secondary,employed,54705,0,1,23.2,5,74889.01,0,,665.1,35,0.771,5.7,Xiaomi,18790,7,7,0,1,0.0,0
C102826,40,M,Нижний Новгород,1202127,married,2,master,self_employed,146555,1,0,5.3,3,276309.78,1,2219026.09,622.6,37,0.715,4.8,Apple,77613,16,3,0,1,0.0,1
C102827,58,F,Москва,13070309,married,3,secondary,employed,33661,0,0,23.0,1,15398.93,0,,597.4,10,0.428,1.2,Xiaomi,23908,12,2,0,0,,0
C102828,36,M,Москва,12677492,married,1,master,employed,101766,0,0,10.9,2,64764.27,1,936763.28,594.2,33,0.89,7.9,Xiaomi,23491,2,3,1,0,,1
C102829,34,F,Москва,12721597,married,3,bachelor,employed,68436,0,0,5.2,4,41187.48,1,491591.8,660.8,32,0.744,14.4,Xiaomi,24538,10,6,1,0,,0
C102830,34,M,Челябинск,1193258,single,0,bachelor,employed,14163,0,0,16.0,2,9569.22,0,,494.8,2,0.54,0.8,Other,3500,31,1,1,1,1.0,0
C102831,41,M,Уфа,1175476,single,1,master,self_employed,112858,1,1,18.2,2,567871.38,1,1241726.58,639.2,34,0.864,5.3,Apple,121276,22,3,0,1,1.0,1
C102832,18,F,Краснодар,1094244,single,0,master,employed,136446,0,1,0.0,2,347762.46,1,4380783.72,592.0,45,0.979,1.0,Apple,53907,26,1,0,1,1.0,0
C102833,51,F,Новосибирск,1631556,married,4,secondary,employed,59549,1,0,1.2,1,21946.99,1,1510408.3,505.3,22,0.838,3.2,Other,13133,41,5,1,1,3.0,0
C102834,53,F,Москва,13158725,married,4,master,employed,116358,1,0,22.5,4,275072.5,1,1316775.19,688.9,38,0.969,7.7,Samsung,86712,8,5,1,1,1.0,1
C102835,34,M,Санкт-Петербург,5262771,single,0,secondary,employed,38630,1,0,10.1,2,25146.29,1,247066.6,596.7,19,0.8,4.3,Xiaomi,15401,6,1,0,0,,0
C102836,35,M,Москва,12978600,single,0,secondary,employed,88716,1,0,7.2,1,63087.89,0,,762.9,39,0.826,8.4,Samsung,88334,14,2,0,0,,1
C102837,60,F,Уфа,1127018,divorced,1,master,self_employed,83974,0,1,4.2,2,58412.96,1,82106.73,773.6,26,0.518,1.5,Samsung,62735,22,2,0,1,0.0,0
C102838,49,F,Казань,1273629,married,1,bachelor,self_employed,227041,1,1,1.4,3,284421.19,1,7655365.69,850.0,64,0.722,2.8,Apple,77503,29,3,0,1,1.0,1
C102839,33,F,Омск,1114484,single,0,master,employed,64992,0,0,3.8,3,26585.0,0,,588.3,17,0.66,3.7,Other,12778,11,5,0,0,,0
C102840,22,F,Екатеринбург,1563237,single,0,secondary,employed,93683,1,0,2.5,4,47336.58,0,,663.3,46,0.999,14.5,Apple,49494,48,6,1,1,1.0,1
C102841,41,F,Краснодар,1102296,single,0,bachelor,employed,114739,0,0,8.5,3,112268.98,1,1308969.6,717.8,26,0.686,2.9,Huawei,41068,11,4,1,1,0.0,1
C102842,72,M,Нижний Новгород,1203392,married,2,bachelor,employed,56091,0,1,10.6,4,47535.25,1,1639873.29,588.7,9,0.292,2.1,Samsung,21802,32,5,0,0,,0
C102843,32,F,Екатеринбург,1426328,single,1,master,employed,61481,0,1,14.0,2,34751.25,1,858781.13,634.1,27,0.734,3.4,Huawei,19063,35,2,0,0,,0
C102844,19,F,Самара,1152515,single,0,master,employed,64858,1,0,1.0,1,26270.22,1,889471.58,627.9,30,0.796,8.9,Xiaomi,26459,24,2,0,0,,0
C102845,52,F,Омск,1133066,married,0,secondary,employed,82743,0,0,1.5,3,226558.31,1,732372.69,620.9,28,0.642,7.7,Samsung,21978,34,2,0,1,0.0,0
C102846,44,F,Санкт-Петербург,4880804,married,3,secondary,unemployed,17471,0,1,12.8,2,2839.43,1,334651.7,513.7,3,0.627,1.3,Xiaomi,10907,8,1,0,0,,0
C102847,34,M,Санкт-Петербург,5481835,married,2,secondary,employed,122622,0,0,5.5,2,89233.97,1,1240340.24,661.9,39,0.78,3.6,Samsung,26974,44,5,0,1,0.0,0
C102848,37,M,Екатеринбург,1436265,divorced,0,secondary,employed,85678,0,0,10.9,2,101188.88,0,,624.5,30,0.63,1.9,Samsung,73590,5,1,1,1,1.0,1
C102849,35,F,Уфа,1116407,married,3,secondary,employed,46498,0,1,5.1,2,44288.72,1,183809.84,647.4,10,0.513,9.2,Samsung,30405,26,3,0,0,,0
C102850,32,F,Омск,1093450,married,1,secondary,employed,141920,1,1,7.0,4,434769.48,1,675426.71,698.3,31,0.586,6.8,Xiaomi,29744,20,4,1,1,0.0,1
C102851,64,F,Москва,12282322,married,4,master,employed,55154,1,1,7.2,1,67180.4,1,274902.14,606.6,11,0.516,4.9,Xiaomi,20009,25,3,0,0,,0
C102852,40,M,Самара,1163377,single,0,bachelor,employed,83450,0,0,19.6,3,76241.36,1,560618.79,671.8,43,0.736,6.4,Xiaomi,13354,48,3,0,0,,0
C102853,36,F,Уфа,1131711,single,0,master,employed,126958,0,1,4.7,2,152802.8,0,,733.8,32,0.736,2.1,Google,57849,18,1,0,1,1.0,1
C102854,30,M,Москва,13318359,single,0,bachelor,employed,76867,0,1,2.1,1,17801.51,1,2332667.07,519.7,40,0.958,4.9,Xiaomi,12539,8,2,0,1,0.0,0
C102855,60,F,Санкт-Петербург,5465989,married,1,bachelor,employed,91501,0,1,3.8,4,201170.11,1,926279.74,553.8,20,0.809,1.7,Xiaomi,17248,32,5,1,1,0.0,0
C102856,24,M,Нижний Новгород,1239218,single,0,bachelor,employed,174882,1,1,6.0,3,279562.8,1,1058175.49,697.0,54,0.947,5.0,Apple,115007,3,5,0,1,1.0,1
C102857,31,M,Уфа,1170554,married,1,secondary,employed,43826,0,0,4.0,2,46711.68,1,218148.51,484.4,16,0.651,5.2,Samsung,38129,7,0,0,0,,0
C102858,62,F,Москва,12736285,married,1,bachelor,employed,67657,0,0,11.2,2,163157.96,0,,578.9,14,0.351,3.7,Samsung,33270,14,2,0,0,,0
C102859,28,M,Москва,12353705,single,0,bachelor,employed,90132,0,0,8.6,2,113493.26,0,,620.6,46,0.992,1.1,Xiaomi,31002,21,2,0,0,,0
C102860,26,M,Краснодар,1103194,divorced,0,master,employed,29249,0,0,6.6,3,9825.63,0,,658.8,9,0.749,5.0,Samsung,34296,9,1,0,0,,0
C102861,50,F,Краснодар,1071375,married,1,secondary,employed,50432,0,0,4.1,2,46792.47,1,778470.55,671.1,5,0.374,1.6,Google,53143,17,1,0,0,,0
C102862,49,F,Омск,1120577,single,0,secondary,employed,35789,1,1,2.6,1,14987.47,0,,,6,0.376,0.8,Other,6740,41,2,0,0,,0
C102863,49,F,Москва,12763121,married,0,secondary,employed,108265,0,0,14.3,3,75880.14,0,,646.1,44,0.925,4.4,Apple,107922,7,1,1,1,0.0,1
C102864,26,F,Казань,1350271,single,0,bachelor,unemployed,29039,0,0,8.0,1,7091.19,0,,577.2,5,0.523,1.9,Other,8256,48,2,0,1,1.0,0
C102865,19,F,Казань,1260492,single,0,bachelor,employed,150470,1,0,1.0,2,231361.29,0,,633.3,44,0.998,6.1,Google,62471,24,0,1,1,2.0,1
C102866,63,F,Омск,1140253,married,5,secondary,employed,33814,0,0,5.1,2,20893.41,0,,518.6,6,0.397,0.5,Huawei,23758,13,1,0,0,,0
C102867,40,M,Москва,12153027,married,0,bachelor,employed,154371,0,0,1.2,3,142618.04,1,6976127.19,683.9,39,0.963,2.8,Samsung,64022,6,4,0,1,0.0,1
C102868,46,F,Ростов-на-Дону,1159216,married,2,master,employed,45747,1,0,3.7,1,64502.03,1,107268.47,560.3,5,0.388,1.4,Other,12643,7,2,0,0,,0
C102869,57,M,Самара,1126152,divorced,1,bachelor,employed,45455,1,0,2.5,1,55371.38,0,,627.2,12,0.524,4.9,Xiaomi,10797,48,2,0,0,,0
C102870,50,M,Екатеринбург,1455618,married,0,secondary,employed,109421,0,1,21.6,3,341204.36,1,909756.18,635.8,26,0.523,1.7,Apple,72961,17,1,0,1,0.0,0
C102871,23,F,Омск,1191007,single,0,bachelor,employed,44746,0,0,5.0,1,6219.79,0,,577.8,17,0.737,2.9,Xiaomi,13622,22,4,0,1,0.0,0
C102872,60,F,Нижний Новгород,1215593,married,3,bachelor,employed,75119,1,1,4.3,2,56125.46,1,1462435.45,690.4,21,0.532,1.9,Other,11581,11,0,0,1,1.0,0
C102873,28,F,Москва,12798465,single,0,bachelor,employed,132141,0,0,4.0,1,63590.5,1,3737857.97,734.1,43,0.988,5.1,Samsung,52400,11,4,0,0,,0
C102874,47,M,Казань,1266546,single,1,master,employed,83045,1,1,3.5,3,182889.91,1,684815.63,751.8,25,0.814,5.4,Other,13226,21,2,1,1,3.0,1
C102875,59,M,Челябинск,1226440,married,1,secondary,self_employed,63788,1,0,7.9,2,38033.42,0,,560.3,24,0.598,11.6,Huawei,36899,14,0,0,1,1.0,0
C102876,60,M,Самара,1112191,married,0,secondary,employed,34100,0,0,5.2,3,17424.01,0,,417.6,6,0.297,0.7,Huawei,28063,5,3,0,1,0.0,0
C102877,22,M,Челябинск,1164298,single,0,bachelor,self_employed,83484,0,0,4.0,5,36964.24,1,632407.57,785.9,32,0.565,6.7,Other,12004,9,5,0,1,1.0,0
C102878,25,M,Казань,1327929,single,0,bachelor,unemployed,36649,0,0,4.0,1,26887.73,0,,575.4,17,0.729,3.8,Xiaomi,22047,12,1,0,0,,0
C102879,22,M,Нижний Новгород,1185531,single,0,bachelor,employed,55337,1,0,4.0,1,12579.92,1,774032.74,613.2,25,0.91,13.6,Apple,57486,12,1,0,0,,0
C102880,49,F,Омск,1159527,married,1,secondary,employed,44712,0,0,0.5,2,25655.18,1,553107.67,547.9,14,0.611,1.4,Xiaomi,18595,14,3,1,0,,0
C102881,47,M,Москва,12618704,married,3,bachelor,self_employed,142687,1,0,7.3,1,164029.1,0,,689.3,26,0.643,2.3,Huawei,38166,20,1,0,1,0.0,0
C102882,34,M,Москва,13159408,single,0,bachelor,employed,164521,0,1,6.0,1,225901.79,1,1953070.41,747.0,43,0.929,3.5,Samsung,75230,21,4,1,1,0.0,1
C102883,28,M,Новосибирск,1590519,single,0,phd,employed,40690,0,0,9.3,7,34276.45,0,,597.6,28,0.862,3.2,Xiaomi,20681,21,2,0,0,,0
C102884,68,F,Челябинск,1252385,married,5,secondary,self_employed,53484,1,0,1.4,4,69941.22,0,,,19,0.28,5.5,Samsung,25981,15,3,0,1,0.0,0
C102885,45,F,Казань,1328707,married,1,phd,unemployed,105424,1,0,4.6,5,166722.82,1,1576761.82,636.8,31,0.786,4.9,Xiaomi,24212,17,2,1,1,0.0,1
C102886,63,M,Омск,1205927,married,3,bachelor,employed,169321,1,1,5.8,2,386822.14,1,10969811.42,563.4,36,0.52,2.4,OnePlus,58882,19,2,0,1,0.0,0
C102887,55,F,Москва,12561486,married,3,secondary,employed,188102,1,1,4.7,2,202571.93,1,738840.74,839.8,36,0.74,3.3,Apple,141442,18,2,0,1,0.0,1
C102888,32,M,Екатеринбург,1502271,single,1,bachelor,employed,159403,1,1,3.2,4,475426.44,1,824973.25,657.8,35,0.913,8.0,Samsung,56755,24,2,1,1,1.0,1
C102889,36,M,Новосибирск,1613680,married,2,bachelor,employed,91673,1,1,8.8,4,71087.38,1,1363069.51,823.2,22,0.498,2.3,Apple,79184,30,2,1,1,1.0,1
C102890,27,M,Санкт-Петербург,5051280,single,0,bachelor,self_employed,82019,0,0,8.6,3,14745.03,0,,625.1,31,0.809,5.3,Samsung,61688,8,2,0,1,0.0,1
C102891,36,F,Уфа,1149607,divorced,0,master,employed,76577,0,0,4.5,1,46339.51,1,1483919.74,644.5,22,0.568,5.0,Apple,61923,11,1,0,0,,0
C102892,57,F,Казань,1310509,divorced,0,secondary,self_employed,45923,0,0,16.8,3,36929.76,0,,549.3,8,0.297,1.2,Huawei,27077,16,4,0,0,,0
C102893,56,F,Краснодар,1102706,married,0,secondary,employed,82342,0,1,1.0,3,43867.52,0,,534.4,18,0.253,5.6,Xiaomi,22221,12,0,0,1,0.0,0
C102894,46,M,Москва,12731701,married,5,master,employed,379494,1,1,6.9,4,2156429.09,1,15978787.85,698.8,57,0.948,17.2,Apple,149412,11,5,0,1,0.0,1
C102895,28,F,Уфа,1124921,single,0,bachelor,employed,109514,1,0,10.0,3,102018.65,1,1039236.6,657.6,32,0.938,5.0,Samsung,57638,22,2,0,1,0.0,1
C102896,36,M,Москва,13052313,single,0,bachelor,employed,177214,1,0,9.4,4,261479.21,1,833265.23,723.3,52,0.83,24.2,Apple,141564,43,3,1,1,1.0,1
C102897,45,M,Самара,1150298,single,0,bachelor,employed,82933,1,1,13.1,1,80501.96,1,1224165.93,710.8,28,0.71,4.0,OnePlus,46123,22,1,1,1,1.0,1
C102898,19,F,Казань,1322815,single,0,master,employed,103614,1,0,1.0,3,10067.97,0,,560.6,36,0.91,14.6,Apple,63065,48,2,0,0,,0
C102899,48,F,Самара,1164677,married,2,secondary,employed,80481,0,0,2.7,4,32045.88,1,1384468.25,701.6,21,0.567,3.9,Xiaomi,40250,17,2,1,0,,0
C102900,31,M,Челябинск,1182606,single,1,bachelor,self_employed,57405,1,0,13.0,3,43611.26,1,2186988.25,613.7,27,0.776,0.6,Xiaomi,26509,12,2,0,0,,0
C102901,32,M,Ростов-на-Дону,1088693,single,0,secondary,employed,36765,0,1,11.4,1,36313.66,1,740512.93,506.5,8,0.633,4.8,Xiaomi,25256,5,3,1,1,0.0,0
C102902,63,M,Москва,13146174,married,2,secondary,employed,30693,0,0,2.7,1,12376.06,0,,525.0,4,0.24,0.8,Xiaomi,15487,48,1,0,0,,0
C102903,29,F,Самара,1166878,single,0,bachelor,employed,137429,1,1,1.6,2,106841.38,1,811405.9,709.5,34,0.886,15.4,Xiaomi,26381,7,2,0,1,1.0,1
C102904,44,F,Екатеринбург,1508181,married,3,bachelor,employed,162893,1,1,2.2,1,425022.44,1,4290776.56,729.2,42,0.894,9.8,Apple,121172,12,4,0,1,0.0,1
C102905,62,F,Челябинск,1262557,married,2,master,employed,41789,1,0,8.1,3,12809.74,0,,577.6,14,0.538,0.9,Other,14036,8,1,0,0,,0
C102906,48,M,Самара,1211040,married,1,secondary,employed,106971,1,1,6.2,2,63778.95,1,2126809.5,619.8,17,0.471,1.7,Samsung,73918,17,1,1,1,0.0,1
C102907,51,F,Уфа,1071943,married,1,bachelor,employed,61053,1,0,7.4,4,35873.16,1,1496399.99,544.3,12,0.648,6.7,Huawei,16071,28,0,1,1,0.0,0
C102908,32,M,Казань,1394815,single,0,bachelor,employed,34536,0,0,4.8,1,12598.38,0,,421.2,19,0.813,6.4,Xiaomi,19026,14,2,0,0,,0
C102909,65,F,Самара,1156723,married,3,secondary,employed,53703,0,0,9.4,4,87358.42,1,1268796.48,646.5,14,0.406,2.2,Xiaomi,22854,17,5,0,0,,0
C102910,50,M,Самара,1155914,married,0,master,employed,110489,0,1,7.5,4,465669.19,0,,,43,0.946,4.4,Samsung,45125,36,9,1,1,2.0,1
C102911,46,F,Казань,1261036,married,2,secondary,employed,39440,0,0,2.4,1,39168.49,1,322556.72,584.9,3,0.516,1.1,Other,9080,36,1,1,0,,0
C102912,32,M,Нижний Новгород,1235996,married,3,master,employed,49204,0,0,3.3,1,28851.42,0,,,17,0.834,2.2,Apple,57746,48,0,0,0,,0
C102913,41,M,Омск,1118955,married,2,master,employed,33193,0,0,5.3,2,17126.34,0,,504.4,2,0.4,1.6,Other,7740,23,0,0,0,,0
C102914,27,F,Омск,1129001,single,0,secondary,unemployed,13867,0,0,5.8,1,3753.93,0,,395.5,2,0.777,3.1,Xiaomi,15680,4,2,0,0,,0
C102915,37,M,Екатеринбург,1503801,married,2,secondary,employed,56496,0,0,4.9,2,57268.23,0,,570.5,28,0.827,9.5,Other,13339,32,4,0,0,,0
C102916,54,F,Омск,1143274,married,3,bachelor,employed,37770,0,1,2.0,1,31836.05,1,466157.05,566.6,14,0.634,2.7,Xiaomi,29823,14,2,0,0,,0
C102917,51,M,Москва,12554773,married,3,secondary,self_employed,62861,1,1,4.9,1,45922.24,1,1172312.96,622.4,14,0.744,3.4,Xiaomi,24084,15,2,0,0,,0
C102918,36,M,Новосибирск,1624893,single,2,bachelor,employed,46665,0,1,5.2,2,15358.75,0,,567.9,7,0.529,4.8,OnePlus,27508,38,2,1,0,,0
C102919,33,F,Краснодар,1103782,single,0,bachelor,employed,96209,1,0,4.4,3,109227.91,1,342937.81,642.7,29,0.704,4.4,Apple,50976,33,2,0,1,0.0,1
C102920,68,M,Новосибирск,1682722,married,3,secondary,employed,16899,0,0,1.6,1,4379.14,0,,,3,0.196,,Other,3994,44,0,1,0,,0
C102921,32,F,Челябинск,1231300,single,0,bachelor,employed,64128,0,0,5.8,1,113476.43,1,1370519.1,622.0,19,0.649,2.9,Samsung,59318,3,3,0,0,,0
C102922,24,M,Москва,12805444,single,0,secondary,employed,66791,1,1,0.8,3,59753.95,1,743274.72,632.2,33,0.911,10.7,OnePlus,23655,10,2,1,0,,0
C102923,41,F,Москва,12905689,single,0,master,employed,106369,0,0,3.3,3,260189.28,1,1220723.18,637.1,30,0.687,1.8,Apple,72309,16,1,1,1,1.0,1
C102924,57,M,Нижний Новгород,1224223,married,2,bachelor,employed,36747,0,0,12.8,3,25979.64,0,,758.6,9,0.568,4.2,Other,7011,11,1,0,0,,0
C102925,31,M,Краснодар,1134553,single,0,bachelor,employed,59565,0,0,3.3,1,25476.23,1,917501.23,556.9,15,0.714,4.0,Samsung,15539,48,0,0,1,0.0,0
C102926,23,F,Санкт-Петербург,5206521,married,0,bachelor,employed,222730,0,0,5.0,1,502450.61,0,,679.5,42,0.964,6.1,Google,126037,6,1,0,0,,1
C102927,35,F,Самара,1122382,single,1,secondary,employed,86305,0,0,3.6,2,165507.58,1,1573097.56,610.3,23,0.415,1.9,Samsung,35775,13,6,1,0,,0
C102928,25,F,Казань,1365323,single,0,bachelor,employed,94082,0,0,7.0,2,66524.01,1,1594342.64,620.4,42,0.866,7.5,Huawei,28241,14,2,0,1,1.0,0
C102929,26,F,Москва,13137965,single,0,bachelor,employed,74588,0,0,8.0,2,45193.23,0,,596.5,29,0.981,1.9,Samsung,47322,10,2,0,0,,0
C102930,30,F,Самара,1235385,single,0,secondary,employed,24583,0,0,5.3,2,24103.0,0,,588.2,8,0.619,7.9,Other,4695,28,4,0,0,,0
C102931,57,F,Москва,12900039,married,0,master,self_employed,118527,1,1,6.7,4,293875.36,0,,721.2,19,0.633,3.5,Samsung,81885,8,2,0,1,0.0,1
C102932,64,F,Москва,12054207,married,3,bachelor,employed,105757,1,1,3.1,1,50449.96,1,3210028.92,671.5,19,0.424,2.7,Apple,95760,16,0,0,1,1.0,1
C102933,38,M,Новосибирск,1605258,married,1,secondary,self_employed,42532,0,1,9.2,3,19873.83,0,,582.1,24,0.904,3.1,Xiaomi,26697,22,2,0,1,0.0,0
C102934,28,F,Новосибирск,1663109,single,1,bachelor,employed,35034,0,0,10.0,2,15158.79,0,,594.2,22,0.875,4.0,Other,5641,39,0,0,0,,0
C102935,49,F,Москва,12005584,married,0,bachelor,employed,229404,1,1,13.4,5,340245.12,0,,707.1,48,0.695,5.5,Samsung,101062,10,3,1,1,0.0,1
C102936,25,M,Екатеринбург,1583982,single,0,bachelor,employed,75197,0,0,7.0,1,132605.62,1,527775.04,550.5,34,0.992,10.4,Samsung,51864,1,2,0,1,3.0,1
C102937,66,M,Москва,12597291,married,1,master,self_employed,59215,1,0,7.1,2,97228.38,0,,527.0,8,0.249,0.2,Other,11813,15,1,0,0,,0
C102938,67,F,Екатеринбург,1553812,married,4,secondary,employed,34382,0,0,10.8,1,42596.13,0,,611.2,2,0.299,0.5,Xiaomi,12570,29,1,0,0,,0
C102939,69,F,Санкт-Петербург,5443036,married,0,master,employed,124887,0,1,4.2,7,147192.93,0,,670.8,30,0.356,3.8,Xiaomi,27576,14,2,0,1,0.0,0
C102940,19,M,Екатеринбург,1463356,single,0,master,unemployed,30855,0,0,1.0,1,5447.62,0,,,12,0.772,4.3,Other,9370,14,0,0,0,,0
C102941,55,F,Уфа,1175593,married,4,secondary,employed,43061,0,1,1.1,2,56068.21,1,1728228.39,558.3,3,0.281,0.8,Xiaomi,14686,36,3,0,1,0.0,0
C102942,36,M,Самара,1099965,married,2,bachelor,employed,77153,0,0,1.0,1,82151.05,0,,588.0,27,0.733,1.8,Samsung,45951,20,1,0,1,0.0,0
C102943,33,M,Омск,1155302,single,0,secondary,employed,59215,1,0,13.7,2,31100.19,0,,682.4,24,0.833,3.1,Huawei,29276,16,5,1,0,,0
C102944,37,M,Новосибирск,1621015,single,0,bachelor,employed,123881,1,0,0.3,1,263524.94,1,1105664.88,642.7,45,0.934,15.3,Apple,98223,7,4,1,1,0.0,1
C102945,68,F,Уфа,1172001,married,4,phd,employed,124240,1,1,8.7,5,166142.46,1,1720385.56,,25,0.414,3.5,Apple,86281,1,1,0,1,1.0,1
C102946,42,F,Краснодар,1097945,single,0,bachelor,employed,67949,0,0,7.7,1,76291.89,0,,660.5,24,0.859,,Other,11656,13,0,0,0,,0
C102947,35,M,Ростов-на-Дону,1201161,married,1,secondary,employed,43046,0,1,9.6,1,6616.11,1,200794.5,519.4,15,0.602,2.9,Xiaomi,18249,3,1,0,0,,0
C102948,45,M,Краснодар,1126340,married,4,secondary,employed,58673,1,1,9.7,1,30130.34,1,391394.19,625.9,16,0.599,0.1,Xiaomi,17355,13,2,0,1,0.0,0
C102949,45,F,Новосибирск,1630683,married,2,bachelor,employed,167827,0,1,2.7,3,638736.79,1,3746939.56,781.6,51,0.758,3.1,Google,122274,9,3,1,0,,1
C102950,56,M,Москва,12496179,married,0,secondary,self_employed,81477,1,0,3.6,3,81665.73,0,,659.0,21,0.479,5.6,Huawei,27386,35,2,0,0,,0
C102951,34,M,Новосибирск,1731998,single,0,secondary,employed,38502,0,0,5.5,1,13738.85,1,384765.74,455.1,14,0.79,5.0,Xiaomi,26232,23,0,0,0,,0
C102952,33,F,Ростов-на-Дону,1119754,single,0,secondary,unemployed,21801,0,0,8.6,2,8416.41,0,,505.8,12,0.846,2.5,Huawei,19329,6,1,0,0,,0
C102953,36,F,Самара,1147024,single,0,bachelor,employed,138418,1,0,5.9,4,317305.58,1,1539878.47,715.7,41,0.879,1.2,Xiaomi,21943,11,5,1,0,,0
C102954,27,F,Уфа,1192909,single,0,bachelor,employed,39395,0,0,9.0,3,43131.16,0,,559.8,21,0.748,12.3,Samsung,29716,12,3,1,0,,0
C102955,31,F,Самара,1172822,single,1,master,employed,150935,0,0,0.9,2,325916.26,1,5673881.44,680.6,25,0.707,2.3,Other,11515,48,3,0,0,,0
C102956,56,M,Санкт-Петербург,4971611,married,0,master,employed,100395,0,1,3.3,4,80757.79,1,1523581.51,644.5,20,0.607,2.1,Samsung,47875,40,4,0,0,,0
C102957,27,M,Омск,1150499,single,0,secondary,employed,64627,0,0,6.3,3,50895.51,1,1220990.16,627.8,30,0.961,1.7,Xiaomi,19779,12,3,0,0,,0
C102958,72,F,Москва,12666198,married,2,secondary,employed,66652,1,1,23.9,3,31168.71,0,,715.0,7,0.291,,Samsung,44836,38,4,0,1,1.0,0
C102959,37,F,Нижний Новгород,1240787,married,1,secondary,employed,41302,0,1,12.4,3,28244.44,1,242616.87,545.6,27,0.955,4.5,Huawei,29744,28,1,0,0,,0
C102960,21,M,Омск,1180875,single,0,master,self_employed,126892,1,0,3.0,2,75480.57,1,1868823.87,673.7,37,0.74,4.4,Samsung,41541,25,4,0,0,,0
C102961,43,F,Санкт-Петербург,5333917,married,1,bachelor,employed,84605,1,0,7.7,2,116964.94,1,933953.5,593.9,25,0.846,4.4,Xiaomi,36778,13,1,1,1,1.0,1
C102962,45,M,Нижний Новгород,1241755,married,3,bachelor,employed,88276,0,0,3.4,2,140124.99,1,242676.21,633.1,30,0.729,7.5,Huawei,48361,10,3,0,1,1.0,1
C102963,34,M,Нижний Новгород,1214308,single,1,bachelor,employed,28961,0,0,3.4,1,11216.12,1,648890.83,481.4,14,0.785,6.8,Other,5304,41,2,0,0,,0
C102964,33,M,Краснодар,1079287,single,0,master,employed,80437,0,0,7.1,1,131375.4,1,726626.47,565.9,31,0.827,2.9,Apple,33882,14,4,0,0,,0
C102965,50,F,Москва,12872421,married,2,bachelor,self_employed,266926,1,0,8.2,4,415512.62,1,11118030.01,749.1,50,0.933,4.1,Google,108242,6,2,0,1,1.0,1
C102966,30,M,Ростов-на-Дону,1109712,single,0,bachelor,unemployed,37027,0,0,4.4,2,8724.46,0,,602.9,7,0.568,5.0,Other,4648,48,1,0,0,,0
C102967,35,F,Нижний Новгород,1258590,married,1,master,employed,119530,1,0,1.9,2,62533.62,1,4741155.59,616.0,30,0.833,10.4,Samsung,35361,46,3,0,1,1.0,1
C102968,41,M,Самара,1158624,married,2,bachelor,employed,118769,0,1,2.6,2,167054.29,1,246626.71,,26,0.738,9.7,Apple,113456,8,2,0,0,,1
C102969,63,M,Омск,1098976,single,0,master,employed,41134,0,0,5.5,3,149328.87,0,,565.6,3,0.162,0.8,Xiaomi,13573,22,2,0,0,,0
C102970,31,F,Новосибирск,1685302,single,1,master,employed,75611,0,0,7.8,6,78473.33,0,,655.8,26,0.602,3.1,Xiaomi,24992,15,5,0,0,,0
C102971,32,F,Уфа,1162426,single,0,bachelor,employed,93059,0,1,12.7,3,24990.9,1,1442223.64,709.3,23,0.853,3.3,Apple,60872,38,1,1,1,1.0,1
C102972,27,F,Краснодар,1114523,married,1,phd,employed,59339,1,1,0.2,3,39223.45,1,513242.91,570.5,19,0.848,1.3,Other,13301,15,5,0,1,1.0,0
C102973,63,F,Казань,1305208,married,3,secondary,employed,50852,1,1,4.6,2,46529.58,1,155288.55,627.1,6,0.436,1.3,Google,26868,40,0,0,1,1.0,0
C102974,21,M,Санкт-Петербург,5444121,married,0,master,employed,119133,0,0,3.0,3,94309.54,1,1689620.39,665.9,40,0.99,6.8,Samsung,78436,6,6,0,0,,1
C102975,62,F,Москва,12788987,married,3,secondary,employed,51364,1,0,7.2,1,132318.77,1,794827.24,556.4,12,0.448,2.2,Xiaomi,30434,26,1,0,0,,0
C102976,29,F,Самара,1153707,single,0,secondary,employed,70191,0,0,5.0,3,78525.25,0,,624.6,33,0.933,8.8,Xiaomi,15270,42,3,0,0,,0
C102977,70,M,Санкт-Петербург,5388997,single,0,bachelor,employed,120370,1,1,3.3,2,578473.93,0,,,18,0.384,3.8,Apple,91418,2,2,1,1,0.0,1
C102978,46,F,Омск,1156949,married,1,secondary,employed,91984,0,1,3.2,3,128346.88,1,1090741.06,625.3,32,0.795,5.9,Other,12632,19,4,0,0,,0
C102979,71,M,Санкт-Петербург,5317904,married,4,bachelor,unemployed,34975,0,0,4.4,1,22581.79,0,,507.9,2,0.138,0.4,Xiaomi,19604,10,1,0,0,,0
C102980,30,F,Екатеринбург,1490189,single,0,secondary,employed,32141,1,0,8.1,2,59011.37,1,157798.42,553.6,20,0.77,1.7,Xiaomi,17407,33,2,0,0,,0
C102981,39,F,Санкт-Петербург,5338971,married,1,master,employed,105732,0,1,5.3,6,81192.02,0,,691.5,33,0.808,5.3,Samsung,59001,7,6,0,1,0.0,1
C102982,45,M,Самара,1154022,married,2,master,employed,92496,0,1,5.7,6,51843.34,1,982849.18,673.0,25,0.71,8.0,Samsung,30315,30,5,0,1,0.0,0
C102983,35,M,Санкт-Петербург,5431105,married,3,master,employed,102954,1,1,8.0,1,64686.33,1,1189625.74,611.2,36,0.742,5.5,Apple,95608,11,1,1,1,0.0,1
C102984,40,F,Уфа,1213580,married,1,bachelor,employed,54758,0,0,0.9,2,87034.66,0,,597.4,19,0.51,3.9,Xiaomi,19618,14,0,0,1,0.0,0
C102985,33,F,Казань,1301044,single,0,secondary,employed,49506,0,0,14.7,3,19841.73,1,295043.61,685.8,24,0.884,3.5,Other,7840,30,3,0,0,,0
C102986,34,M,Москва,12597212,married,1,master,employed,94785,0,0,8.9,2,239047.15,0,,650.1,35,0.908,5.8,Other,9563,32,3,1,0,,0
C102987,20,F,Москва,12562920,single,0,bachelor,employed,193982,1,0,2.0,4,92759.67,1,1177080.02,807.0,43,0.836,1.8,Apple,96273,29,3,0,1,0.0,1
C102988,31,F,Москва,12507665,single,0,secondary,employed,108638,1,0,5.0,3,78706.69,1,327220.14,646.2,35,0.95,7.9,Xiaomi,33278,9,4,0,1,1.0,1
C102989,34,M,Москва,13152813,single,1,bachelor,employed,230195,1,1,9.1,4,596129.54,1,2750417.42,822.5,49,0.975,4.7,Samsung,57373,4,5,0,1,0.0,1
C102990,32,M,Ростов-на-Дону,1167996,married,1,bachelor,self_employed,91746,1,0,4.2,2,128414.64,1,472931.03,682.3,27,0.923,0.9,Xiaomi,34796,4,0,0,0,,0
C102991,56,F,Самара,1160923,married,0,secondary,employed,36722,1,1,15.9,2,29470.33,1,135982.17,544.0,5,0.348,1.9,OnePlus,12595,48,0,0,1,0.0,0
C102992,27,F,Самара,1141773,single,1,secondary,employed,42694,0,0,1.1,2,54651.05,0,,564.4,21,0.821,4.9,Other,6421,26,3,0,0,,0
C102993,42,F,Санкт-Петербург,5334861,married,1,secondary,employed,104424,1,0,6.9,2,124328.55,1,414854.54,684.2,19,0.547,4.8,OnePlus,45907,3,1,0,1,0.0,1
C102994,39,F,Екатеринбург,1423279,married,2,bachelor,employed,132108,1,0,3.4,2,118579.37,0,,584.1,32,0.457,3.8,Apple,79912,41,4,0,1,1.0,1
C102995,38,M,Москва,12767302,single,0,secondary,employed,79308,0,0,3.1,2,52649.41,1,1576481.95,705.3,30,0.905,1.0,Huawei,27887,23,2,1,1,1.0,1
C102996,37,F,Новосибирск,1665888,single,0,bachelor,employed,35881,1,1,19.0,2,49074.87,1,634012.33,589.3,7,0.581,0.4,Xiaomi,7685,48,0,0,1,2.0,0
C102997,31,M,Москва,12715385,single,0,master,employed,151533,1,0,6.0,4,211569.09,0,,663.7,46,0.985,0.5,Apple,103013,13,4,1,1,0.0,1
C102998,25,F,Челябинск,1146585,single,0,master,employed,30319,0,0,5.2,2,8070.27,0,,505.2,18,0.918,11.8,Xiaomi,18201,4,4,0,0,,0
C102999,26,M,Санкт-Петербург,5590781,single,0,master,employed,59434,1,0,1.2,2,41994.24,1,273478.03,618.9,25,0.904,10.1,Xiaomi,18911,19,1,0,0,,0
C103000,62,M,Уфа,1172585,single,0,secondary,self_employed,43315,0,0,3.6,2,42956.39,0,,477.2,6,0.301,2.5,Samsung,44980,2,2,0,0,,0
C103001,25,F,Краснодар,1040956,single,0,bachelor,self_employed,51930,0,0,6.1,1,38570.92,0,,699.9,14,0.756,7.5,Xiaomi,14650,48,3,0,0,,0
C103002,32,F,Екатеринбург,1514488,single,1,bachelor,employed,62788,0,0,7.9,3,31121.74,1,358034.77,628.5,19,0.608,3.2,Apple,67893,13,5,1,0,,1
C103003,52,M,Москва,12603200,married,1,secondary,employed,62086,0,0,9.3,2,50843.33,0,,666.3,18,0.519,4.6,Samsung,28220,37,2,1,1,0.0,0
C103004,25,M,Москва,11952527,single,1,bachelor,employed,65746,0,0,5.7,1,72491.52,0,,559.4,27,0.827,9.7,Xiaomi,19361,38,1,0,0,,0
C103005,25,F,Омск,1125561,single,0,master,employed,71554,0,0,4.1,3,69262.83,1,1946057.54,729.5,29,0.702,8.6,Apple,51548,29,2,0,0,,0
C103006,35,F,Ростов-на-Дону,1214725,married,0,phd,employed,110073,1,1,4.2,2,112861.5,1,1519120.04,558.5,29,0.967,0.6,Samsung,49122,19,0,0,0,,0
C103007,61,M,Самара,1115341,married,2,bachelor,employed,82582,1,0,5.6,3,69152.49,1,778404.77,719.6,25,0.636,7.1,Huawei,22225,30,2,1,1,0.0,0
C103008,35,F,Москва,12093239,married,0,master,employed,194506,1,1,17.0,5,159859.82,1,942683.91,803.8,43,0.914,13.4,Apple,139825,2,3,0,1,0.0,1
C103009,44,M,Москва,12150672,married,1,bachelor,employed,122169,0,0,1.1,3,141144.65,1,710851.88,803.8,37,0.656,3.5,Samsung,85912,13,2,0,1,2.0,1
C103010,20,F,Новосибирск,1610073,single,0,master,employed,52237,0,0,2.0,3,12592.59,0,,536.1,31,0.799,3.3,Google,55839,2,6,0,0,,0
C103011,34,M,Санкт-Петербург,5234386,single,0,bachelor,employed,72730,0,0,10.9,2,39308.56,1,2089689.48,692.1,29,0.756,0.5,Other,10611,16,2,0,0,,0
C103012,38,F,Москва,12538963,married,3,bachelor,employed,235850,0,1,12.7,7,470060.34,1,12205469.72,747.9,44,0.943,7.5,Samsung,63854,21,4,0,1,0.0,1
C103013,65,F,Омск,1174022,married,1,bachelor,employed,43975,0,1,4.8,1,61001.35,1,1059301.43,520.5,7,0.298,,Google,47790,1,1,0,0,,0
C103014,49,M,Екатеринбург,1401650,single,0,master,self_employed,83009,1,0,4.7,3,91828.62,1,518603.94,516.7,26,0.644,4.5,Xiaomi,18283,40,0,1,1,1.0,0
C103015,44,M,Екатеринбург,1511186,married,1,secondary,employed,54297,0,0,13.4,3,25381.89,1,696945.83,594.7,29,0.842,0.5,Google,29195,9,2,0,0,,0
C103016,47,M,Самара,1231834,single,2,master,employed,235428,1,1,13.1,6,591446.81,1,1590557.92,713.4,59,0.747,4.9,Huawei,32299,17,4,0,1,0.0,1
C103017,28,M,Нижний Новгород,1218573,single,0,master,employed,78001,1,0,6.6,3,40615.47,0,,624.1,25,0.744,3.2,Huawei,17860,14,3,1,1,1.0,0
C103018,22,F,Челябинск,1128451,single,0,bachelor,self_employed,60739,0,0,4.0,3,45786.7,0,,653.6,29,0.983,2.5,Xiaomi,16837,39,2,0,0,,0
C103019,33,M,Екатеринбург,1544880,single,1,secondary,employed,49803,0,0,2.2,2,27556.48,1,131707.69,578.8,10,0.235,3.0,Xiaomi,15131,30,1,1,1,0.0,0
C103020,24,F,Москва,12654384,single,0,bachelor,self_employed,230321,0,0,2.4,4,513722.64,1,2769779.4,714.7,51,0.93,5.6,Apple,128885,19,3,1,1,0.0,1
C103021,30,F,Санкт-Петербург,5649727,single,1,bachelor,self_employed,139179,1,0,12.0,3,58440.06,1,2046476.04,630.4,45,0.696,2.9,Apple,67347,19,1,1,1,0.0,1
C103022,67,F,Самара,1171998,married,3,secondary,self_employed,45219,0,0,11.0,2,65806.11,0,,573.0,11,0.342,2.2,Xiaomi,14688,29,2,0,0,,0
C103023,34,M,Москва,12551761,married,2,bachelor,employed,62309,1,0,7.9,3,16806.82,1,125936.6,688.8,32,0.82,6.5,Huawei,15312,33,2,1,0,,0
C103024,33,F,Москва,13232761,married,1,secondary,employed,238026,1,1,15.0,2,91886.01,1,5044581.41,731.8,52,0.924,19.5,Apple,97979,10,3,0,1,1.0,1
C103025,49,M,Краснодар,1141808,single,0,bachelor,self_employed,50930,0,0,3.2,3,26303.64,0,,,12,0.553,6.6,Samsung,21212,9,2,0,1,0.0,0
C103026,48,M,Санкт-Петербург,5166572,married,0,bachelor,self_employed,89042,0,1,2.1,1,214479.4,0,,561.6,30,0.818,5.5,Samsung,33357,46,5,1,0,,0
C103027,53,F,Челябинск,1179327,single,0,master,employed,147984,1,1,2.9,2,112092.72,1,1782509.27,685.9,26,0.624,3.1,Apple,120195,8,3,1,0,,1
C103028,25,F,Москва,12613596,single,0,master,employed,101281,0,0,1.0,1,95503.86,0,,685.2,42,0.879,10.2,Huawei,35544,4,1,0,0,,0
C103029,20,F,Краснодар,1098730,single,0,bachelor,self_employed,48119,0,0,2.0,1,30742.38,0,,,35,0.959,11.8,Huawei,22628,13,2,0,0,,0
C103030,58,M,Москва,13146155,married,5,bachelor,self_employed,259894,1,1,3.2,3,2195648.41,1,2610906.16,746.3,53,0.787,12.1,Apple,93146,18,8,0,1,0.0,1
C103031,71,M,Омск,1101797,married,4,secondary,employed,48245,1,1,19.7,3,34743.54,1,490815.48,556.8,2,0.098,0.7,Xiaomi,21051,23,2,0,1,0.0,0
C103032,66,M,Казань,1267152,married,2,master,employed,44887,0,1,7.2,1,70819.62,1,548250.01,496.7,11,0.474,2.0,Other,10680,32,0,0,1,1.0,0
C103033,50,F,Омск,1159435,married,1,bachelor,employed,245629,1,1,9.0,5,553300.44,0,,796.6,50,0.927,3.3,Apple,141683,13,7,0,1,2.0,1
C103034,26,F,Москва,12426593,single,0,bachelor,employed,102570,0,0,2.3,1,144290.28,0,,,32,0.879,4.7,Apple,66616,14,2,0,0,,0
C103035,25,M,Уфа,1169003,single,0,master,employed,35685,1,0,4.6,1,22211.88,1,304863.48,557.9,15,0.695,4.5,Apple,25035,48,1,0,0,,0
C103036,32,M,Новосибирск,1683019,single,0,master,employed,101335,0,0,2.2,4,241899.31,1,3705718.34,724.2,29,0.683,8.1,Xiaomi,43098,9,4,1,0,,1
C103037,29,M,Екатеринбург,1489277,single,1,bachelor,employed,61368,0,0,6.3,2,57156.15,0,,507.9,28,0.745,10.5,Xiaomi,20759,30,2,0,0,,0
C103038,31,F,Санкт-Петербург,5409766,single,0,secondary,employed,116043,0,0,2.9,3,89267.82,0,,,28,0.996,0.8,Apple,101015,19,3,0,1,0.0,1
C103039,55,M,Санкт-Петербург,5543632,single,1,master,employed,132984,1,0,4.6,8,67973.0,0,,741.3,40,0.907,12.4,Samsung,45808,18,5,1,1,1.0,1
C103040,32,M,Уфа,1121905,married,0,bachelor,employed,56323,0,0,1.9,3,23997.02,0,,661.3,14,0.515,,Huawei,12237,31,5,1,1,0.0,0
C103041,31,M,Нижний Новгород,1274156,single,0,bachelor,employed,59190,0,0,5.3,2,41628.32,1,587929.92,637.9,22,0.777,3.0,Apple,74537,15,3,1,0,,1
C103042,61,F,Казань,1356858,married,0,secondary,employed,17352,0,0,4.9,1,15778.84,0,,,2,0.232,0.2,Xiaomi,5356,48,0,1,1,0.0,0
C103043,27,F,Нижний Новгород,1199346,single,0,bachelor,employed,60724,0,0,9.0,4,85116.12,1,753504.24,672.0,32,0.94,6.8,Other,20405,6,2,0,0,,0
C103044,34,F,Новосибирск,1609397,single,0,secondary,employed,85119,0,1,16.0,1,41767.47,1,1096123.32,639.8,30,0.863,5.5,Samsung,101961,4,4,0,0,,0
C103045,66,F,Санкт-Петербург,5586077,married,1,secondary,employed,83785,0,0,1.6,4,185839.51,0,,,28,0.684,1.7,Samsung,46951,5,0,0,1,1.0,0
C103046,56,F,Казань,1309820,married,3,secondary,employed,73907,0,0,2.9,2,86785.48,1,269690.94,566.6,21,0.31,4.5,Xiaomi,31239,6,4,0,0,,0
C103047,39,M,Омск,1087866,married,1,bachelor,employed,111416,1,0,3.5,1,61404.64,1,319401.28,683.8,38,0.868,3.3,Apple,144109,4,1,1,0,,1
C103048,33,F,Самара,1193309,single,0,bachelor,employed,74189,1,0,2.7,3,178251.55,1,389416.11,522.0,27,0.673,2.0,Other,14214,9,3,0,0,,0
C103049,24,M,Москва,12469992,single,1,master,employed,98324,0,1,6.0,3,250234.26,0,,696.7,35,0.921,7.0,Other,14096,14,3,0,0,,0
C103050,48,M,Санкт-Петербург,5295833,married,1,bachelor,employed,173301,1,1,5.0,4,160601.92,1,2674728.06,717.7,26,0.662,3.2,Apple,141764,5,3,0,0,,1
C103051,50,M,Екатеринбург,1496336,single,0,secondary,employed,101133,1,0,2.7,2,132091.04,1,1151662.53,702.6,34,0.627,7.3,Samsung,50429,29,3,0,0,,0
C103052,51,M,Нижний Новгород,1247557,married,1,bachelor,employed,45454,1,1,10.5,1,35413.18,0,,563.8,13,0.496,2.8,Xiaomi,13689,32,1,0,0,,0
C103053,38,F,Краснодар,1087791,single,0,secondary,employed,82746,0,0,1.0,1,77520.56,1,726560.1,635.1,8,0.235,1.8,Samsung,63744,26,4,1,0,,0
C103054,51,M,Уфа,1122106,married,1,bachelor,employed,36523,0,1,8.8,3,8365.84,0,,536.9,21,0.781,4.0,Huawei,22698,14,3,0,0,,0
C103055,39,F,Санкт-Петербург,5404907,married,1,bachelor,employed,61638,0,1,1.6,2,24306.52,0,,,23,0.71,5.6,Xiaomi,13218,44,0,0,0,,0
C103056,38,F,Санкт-Петербург,5160745,single,1,master,employed,115202,1,0,7.5,4,181618.08,1,6573635.21,667.4,27,0.853,10.5,Apple,65986,30,6,0,1,6.0,1
C103057,42,F,Москва,12613859,single,0,secondary,employed,97213,0,1,10.6,6,199461.24,0,,636.3,45,0.969,7.9,Huawei,44217,17,4,0,0,,0
C103058,24,F,Омск,1137717,single,0,master,employed,88969,0,0,6.0,2,49861.65,0,,497.7,43,0.979,14.4,Huawei,41639,5,3,0,0,,0
C103059,62,F,Нижний Новгород,1275253,married,0,secondary,employed,74244,0,1,3.2,1,264011.83,0,,664.7,18,0.387,1.6,Samsung,21648,48,1,0,0,,0
C103060,28,F,Москва,12928728,married,1,secondary,self_employed,72920,0,1,9.5,5,82909.44,1,1215788.41,630.4,29,0.783,9.6,Xiaomi,28424,41,5,0,1,1.0,0
C103061,59,M,Москва,12944848,single,0,bachelor,employed,173075,1,1,8.3,3,158594.58,1,474474.08,735.7,41,0.729,2.6,OnePlus,80142,10,8,1,1,1.0,1
C103062,23,M,Челябинск,1187884,single,0,secondary,employed,38809,0,0,1.8,1,29164.55,0,,,25,0.967,4.5,Xiaomi,15045,25,0,0,0,,0
C103063,38,M,Ростов-на-Дону,1173890,married,3,master,employed,109757,1,1,7.9,2,258175.18,1,5328547.86,650.1,35,0.768,3.2,Google,81415,18,1,0,0,,0
C103064,62,F,Казань,1357399,married,2,secondary,self_employed,68068,0,1,8.2,2,273178.06,1,615486.6,593.8,24,0.407,3.3,Samsung,47943,22,3,1,0,,0
C103065,49,F,Ростов-на-Дону,1212678,married,5,master,employed,87284,0,1,7.2,1,73883.65,1,1221686.87,559.0,15,0.443,2.4,Google,48670,5,0,0,1,0.0,0
C103066,53,F,Ростов-на-Дону,1161554,married,5,secondary,employed,94401,1,1,13.3,1,326536.8,1,413816.46,629.7,25,0.752,6.3,Apple,117695,16,1,0,1,0.0,1
C103067,65,F,Нижний Новгород,1246209,divorced,0,bachelor,employed,75019,1,0,1.6,2,144958.3,1,1508485.91,619.2,25,0.404,1.5,Samsung,54091,2,3,1,0,,0
C103068,23,M,Ростов-на-Дону,1145063,single,0,bachelor,employed,44043,1,0,5.0,1,25266.51,0,,545.3,14,0.779,6.1,Xiaomi,17063,26,3,0,0,,0
C103069,51,F,Новосибирск,1547345,divorced,1,secondary,unemployed,18968,0,0,6.1,2,17753.82,1,537128.99,475.6,2,0.324,0.2,Other,7438,33,2,1,0,,0
C103070,23,F,Омск,1119655,single,0,master,employed,70624,1,1,2.6,1,19299.75,0,,547.2,33,0.783,10.7,Apple,66876,7,2,1,1,2.0,1
C103071,36,M,Санкт-Петербург,5611815,married,2,bachelor,employed,68427,1,0,2.8,1,124931.11,1,869348.82,633.2,35,0.966,4.2,Other,11759,3,0,0,0,,0
C103072,59,M,Новосибирск,1577633,married,2,secondary,employed,71717,1,0,9.3,2,254385.86,0,,633.7,23,0.648,4.1,Samsung,69934,22,2,0,1,0.0,0
C103073,43,F,Санкт-Петербург,5201659,married,3,master,employed,417589,1,1,10.5,3,676064.63,1,8373116.57,685.8,56,0.715,3.3,Apple,149412,1,4,0,1,0.0,1
C103074,35,M,Москва,12570446,married,2,bachelor,employed,66545,0,0,4.3,3,49310.1,1,261440.82,673.8,22,0.828,4.6,Other,14849,12,0,0,0,,0
C103075,47,M,Москва,12629017,married,1,master,employed,141280,0,1,0.2,5,445809.63,0,,691.9,43,0.8,8.7,Apple,114811,3,2,0,1,0.0,1
C103076,27,F,Казань,1333097,single,0,secondary,employed,32638,0,0,9.0,2,5219.32,0,,,14,0.77,1.9,Other,5971,10,2,0,0,,0
C103077,34,M,Москва,12252300,married,0,bachelor,employed,65371,0,0,6.8,2,36343.36,1,800277.98,672.4,27,0.904,3.3,Xiaomi,30993,22,1,0,0,,0
C103078,36,F,Омск,1099097,single,0,secondary,self_employed,132834,0,0,18.0,3,132602.61,1,2182662.65,785.1,41,0.873,17.8,Xiaomi,53034,8,1,0,0,,1
C103079,35,M,Челябинск,1183991,single,0,secondary,employed,100609,1,1,5.1,2,40468.08,1,205855.14,614.4,29,0.902,10.1,Xiaomi,29670,25,5,1,1,1.0,1
C103080,35,F,Санкт-Петербург,5436589,married,2,bachelor,employed,78495,0,1,7.3,3,29382.62,1,375335.33,719.4,32,0.701,2.8,Google,74848,24,3,0,0,,0
C103081,44,F,Челябинск,1137252,married,0,bachelor,employed,111279,0,0,3.2,3,129783.92,1,2530079.11,651.7,27,0.723,5.4,Apple,89833,23,7,0,1,0.0,1
C103082,55,F,Москва,13837185,married,2,secondary,employed,120996,1,0,6.3,6,273080.48,0,,705.6,35,0.903,3.0,Huawei,31311,14,2,0,1,0.0,1
C103083,32,M,Санкт-Петербург,5286226,single,0,bachelor,employed,99087,1,1,5.2,1,72364.26,0,,652.5,35,0.902,13.4,Apple,80459,4,1,0,1,1.0,1
C103084,34,F,Казань,1332306,single,0,bachelor,employed,92495,0,0,6.5,3,87148.49,0,,652.7,48,0.971,2.8,Apple,63972,14,4,0,0,,0
C103085,49,F,Новосибирск,1628985,single,0,bachelor,employed,30607,0,0,2.1,1,9941.83,1,278531.08,614.9,2,0.344,0.8,Xiaomi,19422,9,1,0,0,,0
C103086,21,M,Екатеринбург,1534009,single,0,bachelor,employed,74405,0,0,2.0,3,45754.73,0,,670.8,17,0.641,5.7,Samsung,45705,17,5,0,0,,0
C103087,50,F,Омск,1156557,single,0,bachelor,self_employed,92091,1,0,4.1,2,291404.16,0,,649.0,24,0.438,6.9,Samsung,31197,40,3,0,0,,0
C103088,62,M,Москва,12943061,married,3,bachelor,employed,210918,1,1,7.9,3,197825.82,1,1113752.22,850.0,40,0.588,11.4,Apple,149412,26,3,1,1,1.0,1
C103089,47,M,Москва,12822694,single,0,master,employed,206548,0,1,8.6,5,360784.52,1,1236747.97,772.9,40,0.826,3.7,Apple,99919,18,3,1,0,,1
C103090,45,F,Новосибирск,1603277,married,3,bachelor,self_employed,108451,1,0,5.8,5,635513.15,1,1793034.69,745.5,22,0.767,1.8,Apple,60374,48,4,1,1,1.0,1
C103091,45,F,Ростов-на-Дону,1119241,single,1,secondary,employed,94533,0,0,5.0,2,120656.29,1,4978158.09,586.2,17,0.474,0.1,Huawei,45604,2,2,0,0,,0
C103092,58,F,Уфа,1204731,married,2,secondary,employed,55980,0,0,5.8,2,381087.47,1,513403.82,507.3,24,0.8,3.7,Xiaomi,29177,14,0,0,0,,0
C103093,49,M,Самара,1220439,married,3,bachelor,self_employed,55768,1,0,1.0,2,64823.57,1,644640.18,541.6,9,0.439,7.9,Huawei,18262,27,3,0,0,,0
C103094,32,F,Самара,1189287,single,1,bachelor,employed,162927,1,0,8.0,5,162733.84,0,,693.4,28,0.73,0.6,Apple,122924,22,9,1,1,0.0,1
C103095,18,M,Челябинск,1166169,single,0,master,employed,62734,0,1,0.0,1,23155.23,0,,528.4,29,0.972,,Xiaomi,17660,22,1,0,1,0.0,0
C103096,25,M,Москва,12582282,single,0,bachelor,self_employed,126468,1,1,7.0,4,147615.49,1,3848687.77,667.3,46,0.961,5.9,Samsung,52138,8,4,1,1,1.0,1
C103097,36,M,Уфа,1183663,single,0,master,employed,24681,0,0,5.0,1,3477.76,0,,458.1,5,0.554,3.6,Xiaomi,14522,11,0,0,0,,0
C103098,34,M,Москва,13072974,single,0,secondary,self_employed,88569,0,0,14.9,4,58562.68,1,836211.66,591.4,26,0.836,2.6,Apple,149412,8,3,1,1,1.0,1
C103099,61,F,Омск,1159191,single,0,secondary,self_employed,47358,0,0,4.8,2,42702.81,0,,595.5,14,0.414,2.2,Other,10207,34,1,0,0,,0
C103100,39,M,Казань,1343946,married,2,bachelor,employed,44750,0,0,7.4,2,95939.87,1,122677.74,594.9,10,0.464,1.6,Xiaomi,35242,2,1,0,0,,0
C103101,43,F,Челябинск,1167747,married,1,bachelor,self_employed,48191,0,0,9.0,4,15663.88,0,,536.5,20,0.704,3.2,Other,8468,29,1,0,0,,0
C103102,64,M,Екатеринбург,1443492,married,0,secondary,employed,49112,0,0,2.4,2,43183.97,0,,565.9,4,0.341,3.1,OnePlus,50529,11,0,0,0,,0
C103103,34,M,Москва,12158870,married,0,master,unemployed,58239,0,1,2.0,2,193620.16,0,,526.0,33,0.987,11.4,Xiaomi,27434,6,2,0,0,,0
C103104,33,M,Челябинск,1177175,single,0,secondary,employed,70181,1,0,12.0,1,87393.39,0,,580.5,22,0.712,2.5,Xiaomi,27075,27,3,0,1,1.0,0
C103105,31,F,Екатеринбург,1468413,single,0,bachelor,employed,72734,1,0,1.7,1,59702.99,0,,645.4,44,0.886,1.3,Xiaomi,19314,38,1,0,0,,0
C103106,31,F,Челябинск,1202719,single,0,master,employed,166823,1,0,8.3,3,400671.94,1,7767762.81,691.2,43,0.712,12.1,Apple,87824,1,3,1,0,,1
C103107,20,M,Москва,12238913,single,0,master,unemployed,27233,0,0,2.0,1,8856.03,0,,439.5,18,0.918,4.3,Other,10992,13,2,1,0,,0
C103108,49,F,Москва,12498409,married,1,master,employed,159707,1,0,20.9,4,218823.78,1,1339205.04,566.9,33,0.96,1.5,Apple,90183,15,3,0,0,,1
C103109,34,F,Краснодар,1125219,single,0,bachelor,employed,59794,0,0,1.7,4,19581.04,1,1319340.75,713.2,25,0.98,5.3,Xiaomi,35443,11,0,0,0,,0
C103110,62,F,Самара,1135780,married,2,secondary,employed,52623,1,1,9.6,3,113217.19,0,,521.5,11,0.466,,Samsung,38126,20,2,0,0,,0
C103111,18,M,Омск,1100294,single,0,phd,employed,47428,0,0,0.0,1,36479.61,0,,530.4,16,0.898,5.8,Xiaomi,12029,42,0,0,0,,0
C103112,25,F,Москва,12702188,single,0,master,employed,147744,1,1,0.7,2,253575.3,1,2390010.36,721.6,37,0.865,3.9,Samsung,42865,27,5,1,0,,1
C103113,38,F,Нижний Новгород,1284666,married,3,phd,self_employed,62817,1,0,13.8,2,38408.86,1,765910.7,629.3,29,0.881,,Google,40027,22,3,0,0,,0
C103114,25,M,Новосибирск,1634624,single,0,bachelor,employed,26855,0,0,7.0,1,25673.83,0,,483.1,16,0.713,3.4,Other,7098,20,1,1,0,,0
C103115,71,M,Краснодар,1079755,married,2,bachelor,employed,70422,0,1,6.2,4,102135.05,1,600258.78,710.5,5,0.187,,Huawei,23777,2,1,0,1,0.0,0
C103116,30,M,Москва,13346356,single,1,master,self_employed,209177,1,0,12.0,8,554741.22,0,,818.6,55,0.985,3.2,Apple,149412,1,7,0,1,0.0,1
C103117,44,M,Москва,12501236,single,0,secondary,employed,94356,0,1,2.8,1,63898.83,0,,,38,0.916,4.8,Samsung,73962,15,1,0,0,,0
C103118,33,F,Санкт-Петербург,5612742,single,1,master,employed,80669,0,0,1.6,3,45586.97,1,861719.34,595.6,29,0.793,6.3,Xiaomi,18850,21,2,1,0,,0
C103119,34,F,Уфа,1118845,single,0,master,employed,45545,0,0,0.2,1,17862.31,0,,522.0,8,0.44,2.6,Xiaomi,18848,33,2,0,0,,0
C103120,35,F,Санкт-Петербург,5270515,single,1,master,self_employed,125618,0,1,6.7,5,167567.67,1,1302606.54,712.2,35,0.935,0.8,Apple,72233,8,2,0,1,2.0,1
C103121,58,M,Новосибирск,1629616,married,4,secondary,unemployed,15480,0,0,2.2,1,5299.39,0,,452.2,3,0.348,1.0,Xiaomi,12835,48,0,0,0,,0
C103122,33,M,Нижний Новгород,1252172,married,2,bachelor,employed,57023,0,0,9.0,3,71872.26,1,270756.01,663.4,36,0.994,21.2,Xiaomi,15294,24,3,1,1,0.0,1
C103123,29,F,Москва,12724463,single,0,bachelor,employed,215680,0,0,1.7,3,534080.77,1,4598796.87,719.9,36,0.656,6.6,Apple,143764,4,3,0,0,,1
C103124,29,F,Москва,12240592,single,0,secondary,employed,48459,0,0,6.1,4,14745.94,0,,684.8,21,0.826,1.3,Samsung,36250,2,1,0,0,,0
C103125,28,F,Челябинск,1152574,single,0,secondary,employed,32308,0,0,9.3,1,23212.35,0,,467.3,9,0.689,7.5,Other,6348,43,0,1,0,,0
C103126,22,M,Омск,1189228,single,0,bachelor,employed,53868,0,0,4.0,2,14145.24,0,,482.0,28,0.948,6.6,Samsung,26747,13,0,0,1,1.0,0
C103127,45,M,Санкт-Петербург,5457150,married,5,phd,employed,376773,1,1,5.2,6,1344553.77,0,,713.7,59,0.947,4.8,Samsung,149412,6,3,1,1,1.0,1
C103128,52,M,Челябинск,1207420,married,3,secondary,employed,54978,0,0,4.7,2,52291.72,1,430065.81,581.7,17,0.682,5.8,Samsung,39601,44,0,0,0,,0
C103129,64,M,Казань,1332668,married,3,secondary,employed,90249,0,1,12.6,2,182729.72,1,384412.09,722.4,30,0.826,8.2,Apple,90441,25,2,1,1,1.0,1
C103130,38,F,Самара,1190107,single,0,bachelor,employed,126938,1,1,7.3,2,296230.63,1,1132248.88,616.6,39,0.775,4.4,Other,10281,20,5,1,0,,0
C103131,44,M,Уфа,1187759,married,2,secondary,self_employed,87494,0,0,3.3,2,45826.84,1,2023116.28,620.1,19,0.379,5.8,Samsung,68404,10,4,0,1,2.0,1
C103132,27,F,Краснодар,1069577,single,0,master,employed,43323,0,0,9.0,1,92168.32,0,,599.3,19,0.818,7.7,Xiaomi,13074,48,2,0,0,,0
C103133,38,F,Санкт-Петербург,5188645,single,1,master,employed,73324,1,0,6.8,2,53272.15,1,738238.86,603.2,29,0.891,5.9,Xiaomi,36293,5,3,0,0,,0
C103134,25,M,Новосибирск,1668949,single,0,bachelor,employed,65027,0,1,7.0,4,35170.15,0,,591.4,28,0.75,7.9,Xiaomi,21870,18,1,0,0,,0
C103135,27,F,Нижний Новгород,1277032,single,0,bachelor,employed,112719,0,1,9.0,3,289534.18,0,,728.0,42,0.879,3.1,Samsung,38734,29,3,0,1,1.0,1
C103136,61,F,Омск,1125789,divorced,1,bachelor,self_employed,67959,0,1,4.5,2,48921.82,0,,600.1,8,0.155,,Google,28539,48,1,0,0,,0
C103137,52,M,Санкт-Петербург,5337827,married,2,bachelor,employed,111753,1,0,8.8,3,187957.05,1,1345263.1,635.9,29,0.714,2.2,Samsung,51438,31,4,0,0,,0
C103138,42,M,Уфа,1113788,married,4,bachelor,employed,53698,1,0,2.7,1,65062.6,1,553629.96,651.3,18,0.729,1.5,Other,5929,28,2,0,0,,0
C103139,53,F,Москва,13534937,single,0,master,employed,65480,0,1,4.8,5,76504.92,1,1551438.51,609.7,16,0.629,1.6,Xiaomi,23965,15,3,1,1,0.0,0
C103140,29,M,Ростов-на-Дону,1134542,single,0,bachelor,employed,98224,1,0,8.6,1,120286.46,0,,670.0,25,0.877,5.9,Apple,120093,11,3,1,0,,1
C103141,56,F,Нижний Новгород,1149193,married,4,secondary,employed,39805,1,0,3.0,3,44721.44,0,,,26,0.76,1.9,Samsung,23780,36,4,0,1,0.0,0
C103142,19,F,Москва,13162430,single,0,master,employed,89358,0,0,1.0,1,92599.21,1,2856100.61,693.0,31,0.994,1.7,Xiaomi,28710,10,2,1,0,,0
C103143,34,M,Нижний Новгород,1255833,married,2,master,employed,119193,1,1,2.5,2,87340.38,1,570190.59,668.9,41,0.728,1.5,Samsung,82207,9,4,0,0,,1
C103144,61,M,Нижний Новгород,1219878,married,2,bachelor,employed,35323,0,0,10.2,1,21138.68,0,,544.7,2,0.236,1.0,Xiaomi,9879,45,4,0,0,,0
C103145,37,M,Санкт-Петербург,5606279,single,0,bachelor,employed,184527,1,0,1.1,6,198611.74,1,3207451.2,816.6,37,0.868,2.1,Apple,75836,24,7,0,1,0.0,1
C103146,34,F,Ростов-на-Дону,1152868,single,0,master,employed,14427,0,0,10.3,1,8991.64,0,,408.2,2,0.528,2.2,Xiaomi,11315,27,0,0,0,,0
C103147,31,F,Челябинск,1179104,single,0,bachelor,employed,41093,0,0,2.0,1,17423.86,0,,559.8,21,0.872,3.8,Other,8603,33,0,0,0,,0
C103148,32,F,Омск,1050989,single,1,bachelor,employed,53609,0,0,0.9,2,42796.58,0,,,26,0.818,1.8,Xiaomi,21852,26,1,0,0,,0
C103149,27,F,Краснодар,1170116,single,0,phd,employed,40330,0,0,7.4,1,11585.78,1,188082.84,538.9,18,0.952,2.2,Huawei,19469,23,3,0,0,,0
C103150,30,M,Москва,12343811,married,1,bachelor,self_employed,413056,1,1,4.6,2,671564.54,0,,748.3,65,0.89,13.5,Apple,149412,6,4,1,0,,1
C103151,50,F,Екатеринбург,1568493,married,3,secondary,employed,79480,0,0,4.8,2,35229.27,0,,610.5,35,0.65,2.1,Other,8700,48,0,0,0,,0
C103152,24,M,Омск,1185686,single,0,bachelor,unemployed,27440,1,0,2.9,1,7559.31,0,,534.3,22,0.906,4.1,Google,24614,20,2,1,0,,0
C103153,25,F,Самара,1130242,single,0,master,employed,76662,1,0,7.0,1,168859.8,1,1097246.32,568.5,23,0.691,1.1,OnePlus,32903,13,2,0,0,,0
C103154,60,F,Екатеринбург,1483183,married,3,secondary,employed,44311,1,0,4.6,2,115638.64,1,455876.1,639.4,11,0.477,2.7,Xiaomi,20464,9,0,0,0,,0
C103155,63,F,Краснодар,1135887,married,2,master,employed,110568,1,0,2.3,1,102958.92,0,,,27,0.626,2.8,Samsung,83276,18,2,0,1,0.0,0
C103156,39,F,Уфа,1135430,married,1,bachelor,employed,47972,0,0,2.5,3,24656.81,1,296978.78,592.3,10,0.634,0.5,Xiaomi,30057,8,1,0,0,,0
C103157,50,M,Екатеринбург,1445996,single,0,secondary,employed,58074,1,1,13.9,2,52082.15,1,691852.4,561.8,21,0.563,3.1,Huawei,24754,20,1,0,1,1.0,0
C103158,31,M,Уфа,1135915,single,0,bachelor,employed,36860,0,1,7.2,1,7175.1,1,511242.19,588.3,21,0.83,0.4,Other,8706,30,0,0,1,0.0,0
C103159,35,F,Краснодар,1154179,married,1,bachelor,employed,51590,0,1,6.7,1,31934.87,1,181714.66,595.2,18,0.548,3.1,Samsung,33808,9,0,0,0,,0
C103160,72,F,Казань,1246149,married,2,secondary,employed,28886,1,1,6.2,1,8924.31,1,1678335.92,470.4,13,0.57,0.4,Other,5079,35,1,1,0,,0
C103161,29,F,Омск,1136938,single,0,bachelor,self_employed,79907,0,1,3.5,1,25658.71,0,,621.2,28,0.897,0.2,Apple,99164,11,1,1,1,2.0,1
C103162,53,M,Омск,1123016,married,3,secondary,self_employed,54857,1,0,22.2,3,71804.45,0,,595.2,18,0.659,4.3,Xiaomi,14928,14,2,1,1,1.0,0
C103163,41,M,Уфа,1132609,single,1,bachelor,employed,39857,1,1,2.2,3,38132.74,1,201141.04,588.9,13,0.474,3.6,Samsung,33376,15,2,0,1,0.0,0
C103164,61,M,Новосибирск,1507578,married,1,secondary,employed,74174,0,1,8.5,4,112858.39,1,1336745.66,579.1,31,0.737,1.0,Google,49621,1,4,1,1,0.0,1
C103165,35,M,Екатеринбург,1483396,single,1,bachelor,unemployed,24174,1,0,2.7,1,4431.83,0,,489.5,6,0.601,0.6,Xiaomi,14051,22,0,0,0,,0
C103166,22,M,Нижний Новгород,1158105,single,0,bachelor,employed,110108,1,1,3.4,4,244233.61,1,2183981.03,635.8,33,0.893,7.6,Apple,119634,20,4,0,1,0.0,1
C103167,40,M,Новосибирск,1657288,single,2,secondary,employed,51318,1,0,10.0,4,8454.61,0,,577.3,15,0.621,2.6,Xiaomi,11633,23,3,1,0,,0
C103168,25,M,Екатеринбург,1578144,single,0,secondary,unemployed,10000,0,0,7.0,1,6208.98,0,,479.2,3,0.277,2.2,Xiaomi,8882,33,1,0,0,,0
C103169,36,F,Казань,1282513,married,0,secondary,employed,45134,0,0,10.5,1,9965.64,1,279276.31,673.0,12,0.762,3.4,Xiaomi,23516,13,1,0,0,,0
C103170,32,F,Омск,1151218,single,0,master,employed,68418,0,0,14.0,3,175891.65,0,,613.1,22,0.832,5.8,Samsung,61295,19,2,1,0,,1
C103171,45,M,Ростов-на-Дону,1171529,single,0,bachelor,employed,66458,1,0,11.4,1,32824.13,1,437408.48,646.9,17,0.517,1.7,Samsung,61045,6,2,0,1,1.0,1
C103172,49,F,Омск,1082706,married,0,bachelor,employed,159680,1,0,2.3,3,509202.66,0,,594.5,34,0.711,5.9,Samsung,61139,9,5,0,0,,0
C103173,26,F,Москва,12701504,single,0,master,employed,198889,0,0,5.7,5,148686.19,1,6378356.27,728.4,48,0.999,11.3,Apple,113646,6,11,0,1,0.0,1
C103174,34,F,Омск,1169042,single,1,secondary,employed,76875,1,0,4.6,4,81793.26,1,1787158.75,508.2,20,0.856,1.2,Xiaomi,15546,17,0,0,1,1.0,0
C103175,55,M,Москва,12651974,single,1,bachelor,employed,198466,0,0,3.9,1,458692.24,0,,757.6,54,0.924,2.0,Samsung,117540,7,1,0,0,,1
C103176,24,F,Екатеринбург,1552951,single,0,bachelor,employed,66406,1,0,6.0,1,31251.28,0,,632.9,22,0.928,5.4,Xiaomi,19128,20,4,0,0,,0
C103177,30,F,Москва,12262219,single,0,bachelor,employed,141586,0,1,9.5,3,45251.76,1,2818286.74,734.5,41,0.964,11.0,Samsung,73423,9,3,1,1,2.0,1
C103178,48,M,Москва,12269171,married,2,master,self_employed,259794,1,1,9.9,3,1231826.52,1,1071962.51,797.0,51,0.931,10.8,Samsung,71275,28,1,0,1,1.0,1
C103179,49,M,Москва,12644336,married,1,bachelor,employed,126919,1,0,13.1,2,88090.56,1,2439101.86,590.1,26,0.716,1.9,Huawei,14975,30,3,1,0,,0
C103180,34,F,Омск,1136459,single,1,bachelor,self_employed,70390,0,0,6.1,2,51874.52,1,754778.03,781.5,15,0.587,5.9,Huawei,25752,13,5,1,0,,0
C103181,42,M,Ростов-на-Дону,1150642,married,3,bachelor,self_employed,108476,1,0,6.1,4,140402.69,1,4422809.08,552.2,24,0.503,5.1,Huawei,27373,47,8,0,1,2.0,0
C103182,46,M,Москва,12611427,married,4,bachelor,employed,121384,0,1,7.7,4,39401.94,1,352988.74,768.4,37,0.786,,Samsung,49141,25,3,0,1,0.0,1
C103183,27,M,Челябинск,1091074,single,0,master,employed,34821,0,0,1.9,1,21503.12,0,,,15,0.897,10.6,Huawei,10195,48,2,0,0,,0
C103184,33,M,Самара,1120834,single,0,bachelor,self_employed,124487,1,0,5.6,3,180155.77,1,3670021.79,651.8,32,0.91,5.2,Xiaomi,26478,24,2,0,1,1.0,1
C103185,30,F,Челябинск,1160179,single,0,master,employed,40456,0,0,6.0,2,10990.17,0,,457.8,19,0.856,2.7,Xiaomi,9143,29,3,0,1,1.0,0
C103186,57,F,Санкт-Петербург,5330435,single,1,secondary,employed,74330,0,1,8.4,1,243963.5,1,418965.01,562.9,20,0.392,2.9,Xiaomi,36942,10,5,0,1,1.0,0
C103187,23,F,Новосибирск,1746315,single,0,master,employed,97680,0,0,5.0,3,227452.99,1,901844.64,683.6,23,0.856,9.8,Samsung,37713,11,2,0,0,,0
C103188,53,F,Уфа,1130750,married,3,bachelor,employed,192728,1,1,8.6,3,487889.53,1,2918339.7,650.5,33,0.567,5.1,Apple,149412,5,7,1,0,,1
C103189,28,F,Краснодар,1156950,single,0,bachelor,employed,34431,0,0,4.9,2,44206.25,0,,507.7,14,0.798,5.6,Huawei,17024,23,5,0,0,,0
C103190,57,F,Новосибирск,1692106,married,1,bachelor,employed,83704,1,0,0.8,3,162557.35,0,,545.8,22,0.49,0.4,Huawei,31167,10,0,0,1,0.0,1
C103191,27,F,Новосибирск,1645439,single,0,master,employed,40342,0,0,0.9,1,16260.71,0,,,26,0.882,5.2,Xiaomi,17018,15,2,1,0,,0
C103192,52,M,Омск,1131845,married,2,secondary,employed,37713,0,0,6.7,1,25704.95,1,331977.84,537.6,5,0.32,2.0,Xiaomi,9915,20,3,0,1,0.0,0
C103193,63,F,Омск,1082384,single,0,bachelor,employed,47306,0,1,10.1,2,40814.42,0,,575.5,4,0.123,2.3,Huawei,22779,14,1,0,1,0.0,0
C103194,40,M,Москва,13218687,single,0,bachelor,employed,295527,1,1,7.7,3,1152696.26,0,,691.9,45,0.874,9.1,Apple,111933,10,3,0,1,0.0,1
C103195,40,F,Ростов-на-Дону,1112402,single,0,master,employed,95159,0,1,3.3,4,196518.8,0,,,36,0.737,0.3,Samsung,37093,3,5,0,0,,0
C103196,68,F,Краснодар,1116854,married,1,secondary,employed,49591,0,1,2.5,2,28935.33,1,838988.82,591.2,5,0.223,0.6,Huawei,18498,44,0,0,0,,0
C103197,40,F,Новосибирск,1592463,married,1,bachelor,self_employed,73130,0,0,8.8,3,195675.61,1,1364978.81,555.8,26,0.737,0.5,Samsung,32084,7,4,0,0,,0
C103198,34,M,Уфа,1124424,married,1,master,employed,70012,1,1,8.8,1,43361.65,0,,601.7,28,0.786,3.8,Xiaomi,18572,8,2,0,1,0.0,0
C103199,47,M,Санкт-Петербург,5358000,married,1,bachelor,employed,139973,1,1,0.7,4,182574.78,1,741876.81,743.8,45,0.795,3.6,Xiaomi,45907,3,4,1,0,,1
C103200,28,F,Ростов-на-Дону,1109984,single,0,bachelor,employed,76786,0,0,10.0,1,22199.2,1,1317194.61,620.1,28,0.879,8.6,Xiaomi,30477,29,1,0,1,1.0,0
C103201,30,F,Санкт-Петербург,5729823,single,0,bachelor,employed,70186,0,0,7.7,2,74615.5,0,,608.5,21,0.914,5.8,Xiaomi,16749,48,1,0,0,,0
C103202,31,M,Екатеринбург,1469600,single,0,secondary,employed,39160,0,0,9.2,3,34949.01,0,,681.5,13,0.694,1.8,Samsung,31214,16,2,0,0,,0
C103203,36,M,Самара,1137448,single,1,bachelor,employed,88360,0,0,6.9,2,126614.09,1,578403.72,635.3,28,0.725,4.2,Xiaomi,13637,26,1,0,0,,0
C103204,44,M,Ростов-на-Дону,1176761,married,3,bachelor,employed,99858,1,1,11.3,3,72157.63,0,,673.1,22,0.31,7.4,Samsung,52732,17,1,0,1,0.0,0
C103205,30,M,Екатеринбург,1451969,single,1,master,employed,55846,0,0,6.3,1,67763.66,1,488491.65,661.0,21,0.76,10.0,Other,9195,14,1,0,0,,0
C103206,51,F,Екатеринбург,1455321,single,3,secondary,employed,115136,1,1,8.5,5,173526.64,1,1152244.93,701.6,26,0.512,3.3,Huawei,41544,18,2,0,0,,0
C103207,39,M,Москва,12497831,married,2,master,employed,231200,1,1,0.9,3,158400.26,1,2972470.36,769.6,51,0.826,7.2,Apple,149412,2,2,0,1,1.0,1
C103208,46,F,Челябинск,1178153,married,2,secondary,employed,93355,1,1,10.1,2,53496.84,0,,644.2,31,0.691,2.8,Other,11483,10,1,1,0,,0
C103209,37,F,Ростов-на-Дону,1112773,single,0,bachelor,employed,51273,1,1,6.1,1,25097.86,0,,558.6,19,0.418,8.8,Xiaomi,19909,12,1,0,1,1.0,0
C103210,33,F,Омск,1147452,divorced,1,bachelor,employed,56357,1,0,3.8,1,36327.46,0,,504.0,21,0.74,9.9,Google,28808,19,1,1,1,0.0,0
C103211,29,F,Уфа,1205767,married,0,bachelor,unemployed,20017,0,0,3.4,1,13813.99,0,,,7,0.89,3.0,Huawei,12129,11,0,0,1,2.0,0
C103212,48,F,Краснодар,1117239,married,3,bachelor,employed,115243,1,1,9.3,4,149360.06,1,1767281.03,621.3,26,0.659,11.9,Samsung,24791,48,5,1,1,0.0,1
C103213,34,M,Ростов-на-Дону,1214291,single,0,bachelor,employed,79341,1,0,7.9,1,57587.08,1,583524.89,697.2,37,0.94,6.8,Apple,99980,2,0,0,1,0.0,1
C103214,53,M,Челябинск,1201823,single,0,secondary,self_employed,27846,0,0,10.2,3,81814.88,0,,520.2,2,0.125,0.6,Other,13480,10,0,0,1,0.0,0
C103215,45,F,Казань,1236542,single,0,bachelor,employed,82510,0,0,8.4,3,145921.43,0,,,19,0.608,3.0,Samsung,38076,8,5,1,1,0.0,1
C103216,40,M,Москва,12818573,married,1,secondary,employed,51609,1,0,5.7,3,25638.29,0,,653.1,27,0.814,9.9,Other,12022,3,1,1,1,0.0,0
C103217,30,M,Санкт-Петербург,5377929,single,0,bachelor,employed,350968,0,1,6.2,2,425163.08,1,3596899.28,772.6,40,0.857,5.8,Apple,149412,7,4,0,1,0.0,1
C103218,30,F,Москва,12417917,single,0,master,employed,204472,1,0,7.4,3,421439.43,0,,706.8,55,0.975,7.0,Huawei,69075,10,9,1,1,0.0,1
C103219,47,M,Москва,12344567,single,0,master,self_employed,413564,1,1,3.9,5,3096836.9,0,,816.0,55,0.976,1.6,Samsung,82735,7,6,1,1,0.0,1
C103220,43,M,Москва,12547735,married,4,master,employed,265185,1,1,6.6,4,1596804.34,1,1163882.59,700.0,54,0.923,0.7,Apple,97955,12,5,1,1,0.0,1
C103221,39,F,Екатеринбург,1538203,married,1,bachelor,employed,130339,1,0,9.8,1,30317.54,0,,587.9,40,0.858,8.4,Apple,52926,27,1,1,1,0.0,1
C103222,57,F,Краснодар,1120731,married,1,bachelor,employed,62177,0,0,3.9,3,27439.49,0,,565.1,17,0.568,3.1,Xiaomi,38774,13,2,0,0,,0
C103223,32,M,Нижний Новгород,1270659,single,0,bachelor,self_employed,72359,1,1,14.0,4,139832.12,0,,589.2,26,0.839,2.9,Xiaomi,18355,9,3,1,0,,0
C103224,61,F,Новосибирск,1646546,married,0,bachelor,employed,70882,1,1,12.8,2,39594.4,0,,665.1,13,0.423,1.6,Other,17804,15,4,0,1,0.0,0
C103225,59,M,Ростов-на-Дону,1165601,married,4,bachelor,employed,69597,1,0,0.7,3,37332.15,1,135793.16,570.5,8,0.286,3.3,Other,25164,1,5,1,1,3.0,0
C103226,20,M,Уфа,1186124,single,0,bachelor,employed,82745,0,0,2.0,5,49215.62,0,,,38,0.922,12.0,Other,18615,7,1,0,0,,0
C103227,31,F,Ростов-на-Дону,1168713,single,1,bachelor,employed,45606,0,0,6.5,3,16778.87,0,,638.4,20,0.87,5.5,Xiaomi,24074,6,1,0,0,,0
C103228,64,M,Москва,13000741,married,1,bachelor,employed,163850,1,0,11.1,5,193391.91,1,3718291.34,653.6,28,0.723,1.9,Samsung,66053,4,4,0,1,0.0,1
C103229,50,F,Краснодар,1065576,single,0,master,employed,75086,1,0,9.5,3,288313.34,1,1364858.34,746.6,25,0.558,1.0,Xiaomi,23337,3,1,0,0,,0
C103230,33,F,Казань,1297677,single,0,master,employed,225658,1,1,6.7,3,301721.84,1,3895987.63,786.0,52,0.869,7.2,Apple,135554,2,4,1,1,1.0,1
C103231,65,F,Омск,1136056,married,2,secondary,employed,62019,1,1,19.7,3,37517.5,1,356839.72,692.1,9,0.244,0.7,Samsung,58807,22,2,0,0,,0
C103232,21,F,Казань,1297730,single,0,master,self_employed,24940,0,0,2.6,2,21738.94,0,,507.5,9,0.68,3.7,Other,8270,19,2,1,0,,0
C103233,28,F,Казань,1282497,single,0,bachelor,unemployed,47580,1,0,8.6,3,138951.21,0,,488.8,19,0.566,6.2,Xiaomi,16167,25,3,1,1,1.0,0
C103234,51,M,Краснодар,1127932,married,2,bachelor,employed,120119,0,1,2.3,1,127296.82,0,,785.1,30,0.76,9.2,Xiaomi,31641,12,3,1,1,0.0,1
C103235,18,M,Челябинск,1177100,single,0,bachelor,employed,81990,1,0,0.0,2,34669.57,0,,526.7,33,0.976,8.7,Samsung,39131,19,1,1,0,,0
C103236,54,M,Москва,13156375,married,2,master,employed,165301,0,1,12.0,1,685490.74,1,783781.11,732.0,40,0.693,4.5,OnePlus,48933,5,2,0,0,,0
C103237,22,F,Новосибирск,1609526,single,0,bachelor,employed,41239,0,0,2.9,2,28589.54,0,,,22,0.841,10.7,Xiaomi,18768,22,3,1,0,,0
C103238,30,F,Москва,12437826,married,1,master,employed,260655,0,0,1.0,4,1235667.41,0,,688.2,40,0.876,4.8,Google,149412,11,6,1,1,0.0,1
C103239,28,F,Челябинск,1297356,single,1,secondary,employed,41309,0,0,8.2,4,34544.47,0,,585.5,23,0.656,1.8,Samsung,19710,48,3,0,0,,0
C103240,22,M,Санкт-Петербург,5380840,single,0,bachelor,employed,68467,0,1,4.0,2,45929.49,0,,545.2,24,0.946,7.4,Xiaomi,22617,12,0,0,0,,0
C103241,53,M,Омск,1106685,married,0,bachelor,employed,34340,0,0,1.3,1,39229.01,1,405543.49,528.3,12,0.744,3.3,Xiaomi,15326,25,2,0,1,1.0,0
C103242,60,F,Москва,12412086,single,0,secondary,employed,126896,0,1,7.2,2,219006.23,0,,631.7,41,0.871,4.0,Samsung,47393,4,2,0,1,0.0,1
C103243,42,M,Москва,12810256,married,3,secondary,employed,134863,1,1,5.9,1,562364.45,1,1069208.47,,31,0.841,2.2,Xiaomi,51727,11,0,0,1,1.0,1
C103244,40,M,Москва,13243896,married,0,master,employed,226617,1,1,1.2,2,179889.2,1,2001782.78,784.6,56,0.881,4.1,Apple,106793,10,2,0,1,1.0,1
C103245,43,F,Самара,1126806,single,0,secondary,employed,73883,1,0,16.7,4,59997.72,0,,703.0,32,0.714,17.3,Samsung,65289,13,1,0,1,0.0,1
C103246,46,F,Москва,12246092,married,3,master,employed,417589,1,1,1.7,4,1860630.77,1,13273963.2,629.4,64,0.899,18.1,Samsung,116790,13,5,1,1,1.0,1
C103247,61,F,Уфа,1190961,married,3,bachelor,employed,41151,0,1,15.1,4,22723.32,1,281158.66,692.7,11,0.433,0.4,Samsung,53591,5,2,1,1,0.0,1
C103248,28,F,Екатеринбург,1494159,single,0,secondary,employed,49758,0,0,9.4,2,61146.82,1,682068.28,,31,0.772,12.0,Other,7463,27,3,0,0,,0
C103249,37,F,Уфа,1199108,single,0,phd,employed,242451,0,1,19.0,5,330377.45,0,,723.7,32,0.688,3.3,Apple,134266,2,9,0,0,,1
C103250,65,F,Москва,12706245,married,2,master,employed,125107,0,1,5.5,3,378087.24,1,1812249.47,580.7,22,0.225,3.6,Samsung,67984,17,1,0,0,,0
C103251,67,F,Челябинск,1217397,married,1,secondary,unemployed,10000,0,0,1.4,1,8804.54,0,,,2,0.087,0.2,Other,6041,10,0,0,0,,0
C103252,35,F,Казань,1301788,single,1,secondary,self_employed,25301,1,0,5.6,2,7134.46,1,128054.55,613.9,14,0.78,1.3,Samsung,21095,13,2,0,0,,0
C103253,29,F,Санкт-Петербург,5345026,single,0,bachelor,employed,227112,1,1,5.2,3,297783.0,0,,824.9,57,0.999,22.0,Samsung,58874,8,5,1,1,0.0,1
C103254,64,F,Москва,12580879,married,3,secondary,employed,73873,1,1,11.2,2,27524.8,1,821561.82,682.6,20,0.431,5.0,Huawei,35336,6,0,0,0,,0
C103255,39,M,Краснодар,1142301,single,0,bachelor,employed,72586,1,0,9.0,3,36676.41,1,399644.21,741.7,23,0.717,1.8,Huawei,24978,19,2,0,0,,0
C103256,24,F,Ростов-на-Дону,1112051,single,0,secondary,unemployed,10000,0,0,4.7,1,1569.32,0,,487.8,2,0.903,8.0,Other,5044,26,0,0,0,,0
C103257,30,F,Новосибирск,1649916,married,0,bachelor,employed,110164,1,0,8.8,4,134948.44,1,1031927.24,666.6,36,0.915,5.0,Apple,84003,10,0,0,0,,1
C103258,31,F,Уфа,1140421,married,1,bachelor,employed,37893,1,1,10.3,1,25447.12,1,306255.76,657.1,18,0.819,4.6,Samsung,32216,42,4,0,1,0.0,0
C103259,34,F,Уфа,1107613,single,1,bachelor,employed,93960,0,0,10.0,4,139521.19,1,245445.09,763.6,28,0.695,3.2,Xiaomi,40507,17,2,0,1,0.0,1
C103260,30,M,Москва,12949936,single,0,master,self_employed,177008,0,1,10.8,4,145681.5,0,,785.3,50,0.9,1.9,Apple,87880,37,2,0,1,1.0,1
C103261,64,F,Омск,1134293,married,3,secondary,employed,64422,1,0,9.3,1,117502.74,1,390475.66,686.6,8,0.196,0.7,Xiaomi,12353,48,2,0,0,,0
C103262,41,M,Москва,12570901,single,0,secondary,employed,60645,0,0,2.2,2,74429.35,1,1042356.95,621.0,21,0.917,9.7,Samsung,37380,23,1,1,1,1.0,1
C103263,59,M,Новосибирск,1670424,single,2,secondary,employed,43683,0,1,5.1,2,43064.94,0,,548.7,2,0.194,1.0,Samsung,22528,42,0,0,1,1.0,0
C103264,18,F,Екатеринбург,1500721,single,0,bachelor,employed,41743,0,1,0.0,1,15920.38,0,,570.4,27,0.933,6.6,Xiaomi,14965,11,3,1,0,,0
C103265,50,M,Екатеринбург,1472327,married,3,master,employed,75698,0,0,5.9,3,106427.0,1,1872671.8,634.9,28,0.869,4.8,Xiaomi,26278,14,3,0,0,,0
C103266,21,F,Уфа,1156475,single,0,master,employed,118775,1,0,3.0,1,85881.61,0,,,33,0.806,7.6,Xiaomi,23724,6,4,0,0,,0
C103267,59,M,Самара,1220614,single,0,bachelor,unemployed,28816,0,1,8.0,2,10046.24,0,,465.4,4,0.303,1.2,Xiaomi,10009,48,3,0,1,0.0,0
C103268,21,M,Новосибирск,1610735,single,0,bachelor,employed,15674,0,0,1.8,1,15958.19,0,,,6,0.699,3.0,Xiaomi,5530,45,0,0,0,,0
C103269,50,F,Москва,13063282,married,2,master,employed,192552,0,1,9.1,6,297654.56,1,3880922.34,755.0,46,0.753,4.7,Google,61998,30,7,1,1,1.0,1
C103270,63,F,Уфа,1093192,married,2,secondary,employed,60105,0,0,5.2,6,26661.68,1,640356.04,598.0,15,0.627,2.1,Xiaomi,24066,9,3,1,1,0.0,0
C103271,32,F,Москва,12560175,single,0,bachelor,employed,79255,0,1,8.7,3,51388.6,1,356684.28,656.0,38,0.872,6.9,Xiaomi,26392,21,2,0,0,,0
C103272,50,M,Уфа,1142787,single,1,secondary,employed,25756,0,0,2.4,1,18345.98,0,,610.3,2,0.267,0.2,Xiaomi,7554,48,2,0,0,,0
C103273,38,M,Санкт-Петербург,5299787,married,1,master,employed,82079,0,0,12.5,3,62958.3,1,1004122.05,622.3,18,0.641,1.0,Samsung,67914,21,3,1,1,1.0,1
C103274,39,F,Нижний Новгород,1291375,married,0,bachelor,employed,145641,1,0,0.8,5,74997.67,1,1987406.6,648.5,27,0.596,2.2,Apple,98537,24,9,1,1,0.0,1
C103275,56,M,Челябинск,1202214,married,5,bachelor,self_employed,69157,1,0,6.8,1,58874.57,1,789502.86,647.7,10,0.591,4.5,Other,11095,3,4,0,0,,0
C103276,25,F,Москва,12776753,single,0,bachelor,employed,271207,0,0,6.3,8,423118.63,0,,805.1,58,0.997,15.1,Apple,87730,23,8,1,1,2.0,1
C103277,44,F,Ростов-на-Дону,1156910,single,0,bachelor,employed,89405,0,1,6.6,2,395224.01,1,395338.14,602.5,25,0.738,1.6,Samsung,67973,8,2,1,1,0.0,1
C103278,33,M,Москва,12457460,single,0,bachelor,employed,128062,1,0,4.4,4,43333.09,1,1247635.24,687.5,36,0.725,10.2,Apple,137781,7,3,1,1,0.0,1
C103279,21,F,Самара,1117845,single,0,master,employed,39769,1,0,1.0,2,42042.82,1,2195056.38,454.5,19,0.813,13.9,Other,5911,48,3,0,0,,0
C103280,46,M,Самара,1165886,married,2,bachelor,employed,71836,1,1,12.8,3,54306.23,1,562654.29,591.4,25,0.735,5.3,Huawei,17448,13,7,1,1,0.0,0
C103281,44,F,Новосибирск,1725958,single,1,secondary,employed,33944,0,0,4.1,1,16865.87,0,,521.5,13,0.731,7.8,Other,14537,13,1,0,0,,0
C103282,20,F,Уфа,1083827,single,0,secondary,employed,31217,0,0,1.3,1,13760.08,0,,547.4,11,0.722,10.5,Xiaomi,9656,37,2,0,0,,0
C103283,40,F,Омск,1186769,married,2,secondary,employed,48840,1,0,2.3,3,28368.74,1,287806.71,692.2,10,0.674,7.1,Other,5467,48,1,0,0,,0
C103284,31,M,Самара,1195702,single,0,bachelor,employed,38589,0,1,4.3,3,76785.85,0,,560.5,20,0.61,12.1,Xiaomi,12212,40,3,0,0,,0
C103285,33,M,Челябинск,1243145,married,2,secondary,employed,40996,0,1,2.3,3,16765.4,1,234606.88,592.1,18,0.89,7.3,Huawei,15406,26,1,0,0,,0
C103286,69,F,Санкт-Петербург,5222088,married,2,secondary,employed,40707,0,1,8.3,1,35249.12,0,,617.0,2,0.14,0.3,Xiaomi,26095,9,0,0,1,1.0,0
C103287,30,F,Санкт-Петербург,5135116,single,0,master,self_employed,206963,1,0,12.0,4,800169.34,1,2053629.82,850.0,44,0.889,21.5,Apple,69613,10,4,1,1,0.0,1
C103288,34,F,Новосибирск,1576342,single,1,bachelor,employed,52741,0,0,16.0,4,26318.18,0,,623.0,7,0.251,0.7,Xiaomi,23178,17,3,0,0,,0
C103289,40,M,Москва,12738119,married,0,master,employed,129294,1,0,11.2,4,277863.32,1,1129955.54,688.8,36,0.957,4.6,Apple,82304,10,6,1,1,1.0,1
C103290,35,F,Нижний Новгород,1267863,married,1,secondary,employed,38230,0,0,3.8,1,24110.01,1,201449.38,511.5,18,0.824,3.0,Other,3500,48,3,0,0,,0
C103291,49,M,Челябинск,1132065,single,2,bachelor,employed,155664,1,0,4.6,1,387022.28,0,,667.1,43,0.925,6.4,Huawei,29943,17,4,0,0,,0
C103292,36,F,Краснодар,1120393,married,0,master,employed,109201,0,0,10.1,1,93891.82,0,,603.8,30,0.781,5.1,Other,15117,21,1,0,0,,0
C103293,32,M,Омск,1122752,married,0,secondary,employed,76208,0,1,14.0,3,29843.78,0,,794.1,20,0.802,2.8,Samsung,30513,25,5,1,0,,1
C103294,53,M,Уфа,1164663,married,1,secondary,employed,55688,0,1,5.5,2,57416.44,1,1113870.22,547.3,11,0.387,1.8,Other,13301,9,1,0,0,,0
C103295,47,F,Санкт-Петербург,5366999,married,4,bachelor,employed,44841,1,0,8.8,4,26710.42,1,276645.72,538.4,18,0.904,0.8,Huawei,25614,33,1,0,1,0.0,0
C103296,36,M,Омск,1147969,single,0,bachelor,employed,49017,0,1,2.9,3,49879.67,1,890024.57,597.7,39,0.877,9.1,Xiaomi,15790,27,2,1,0,,0
C103297,34,F,Казань,1260190,single,0,bachelor,employed,46070,1,1,3.2,1,45412.52,0,,,16,0.759,1.2,Samsung,84482,5,0,0,0,,0
C103298,69,M,Санкт-Петербург,5400095,married,1,secondary,employed,33722,1,1,4.9,1,39483.33,0,,606.9,2,0.177,,Huawei,27962,8,2,0,0,,0
C103299,31,M,Нижний Новгород,1236981,single,0,master,employed,36109,0,0,2.8,2,22073.53,0,,,16,0.929,10.5,Samsung,33059,7,0,0,1,1.0,0
C103300,25,F,Екатеринбург,1531083,single,0,master,self_employed,57261,0,1,6.5,1,46194.76,1,378198.66,575.0,31,0.929,3.9,Xiaomi,15109,48,2,0,0,,0
C103301,22,F,Омск,1207272,single,0,secondary,employed,23891,0,0,4.0,2,11336.95,0,,449.8,11,0.67,14.0,Huawei,12064,18,1,0,0,,0
C103302,42,M,Москва,12807570,married,2,secondary,self_employed,128248,1,1,6.8,3,248434.16,0,,696.2,34,0.903,7.5,Xiaomi,45880,8,3,1,0,,1
C103303,42,M,Краснодар,1154624,married,3,secondary,employed,46094,0,0,13.5,1,131249.35,0,,587.1,18,0.606,,Xiaomi,19488,3,1,1,1,0.0,0
C103304,57,F,Москва,12570056,married,2,secondary,self_employed,69122,0,1,5.3,4,17770.45,1,614110.66,627.1,31,0.586,7.2,Xiaomi,17631,24,4,0,1,0.0,0
C103305,49,M,Санкт-Петербург,5307057,married,0,secondary,employed,198933,0,1,18.6,6,240334.11,0,,690.3,48,0.775,1.8,Xiaomi,39207,20,6,1,1,0.0,1
C103306,33,M,Москва,12554468,single,1,bachelor,employed,68315,0,1,7.7,1,53527.65,1,1382442.1,560.0,18,0.599,3.5,Xiaomi,20087,22,0,0,0,,0
C103307,32,F,Нижний Новгород,1201541,married,1,bachelor,employed,74790,0,1,3.4,2,25508.99,0,,,31,0.896,2.2,Huawei,24847,19,4,0,1,0.0,0
C103308,36,F,Москва,12946095,married,2,bachelor,self_employed,298541,1,1,3.7,1,1312482.32,0,,783.7,44,0.905,16.1,Apple,149412,4,1,0,1,0.0,1
C103309,51,M,Омск,1132273,single,1,bachelor,employed,158936,1,1,2.9,3,303847.07,1,3193459.49,843.6,46,0.814,15.6,Samsung,66982,18,3,1,1,0.0,1
C103310,39,F,Казань,1227523,married,3,bachelor,employed,80130,0,0,18.2,5,16800.84,1,3227693.4,610.5,30,0.885,5.3,Other,11732,36,3,0,1,1.0,0
C103311,30,F,Москва,12655840,single,0,master,employed,317546,1,1,2.5,5,557569.45,1,8132251.44,850.0,61,0.925,13.2,OnePlus,60776,5,4,1,1,0.0,1
C103312,54,M,Челябинск,1241588,married,2,bachelor,self_employed,62595,1,1,0.8,1,45757.78,1,542846.43,587.4,14,0.448,4.5,Google,43329,26,1,1,1,2.0,0
C103313,35,M,Казань,1269854,single,1,secondary,employed,77196,0,1,17.0,7,120456.48,1,868175.07,591.3,18,0.893,1.4,Xiaomi,16365,10,5,0,1,0.0,0
C103314,51,F,Москва,12059404,married,3,bachelor,self_employed,255248,1,1,1.9,3,361464.97,1,2662182.82,740.7,49,0.836,7.7,Apple,105928,24,1,0,1,0.0,1
C103315,39,F,Омск,1192006,single,1,bachelor,employed,71661,1,0,9.6,2,51926.79,1,4057465.4,615.2,28,0.739,4.7,Xiaomi,14062,17,3,0,1,1.0,0
C103316,39,F,Москва,12426776,married,1,master,employed,353464,1,1,6.1,5,1101489.76,1,2026242.45,730.8,53,0.786,5.2,Samsung,82570,28,2,0,1,0.0,1
C103317,39,F,Казань,1319839,single,0,secondary,employed,48866,0,0,8.0,1,27379.28,0,,613.2,21,0.71,6.1,Samsung,48578,14,0,0,0,,0
C103318,21,F,Нижний Новгород,1160097,single,0,bachelor,employed,128756,1,1,3.0,3,168658.56,0,,,53,0.996,0.8,Samsung,68651,15,2,1,0,,1
C103319,32,F,Краснодар,1092625,single,0,secondary,self_employed,73587,0,0,6.9,4,73546.6,1,942450.36,650.9,27,0.878,6.3,Apple,75895,10,5,0,0,,1
C103320,33,M,Ростов-на-Дону,1151044,single,0,bachelor,employed,23495,0,0,3.9,2,11774.84,0,,448.5,2,0.408,,Huawei,18676,13,1,0,0,,0
C103321,36,M,Москва,12485052,married,1,bachelor,employed,99427,0,1,4.6,3,126667.41,0,,798.4,35,0.728,8.2,OnePlus,39266,4,3,1,0,,1
C103322,33,F,Санкт-Петербург,5433115,single,2,bachelor,employed,142942,1,0,15.0,4,290695.27,1,1364492.75,818.0,47,0.84,19.3,Xiaomi,34507,23,3,1,1,0.0,1
C103323,63,F,Санкт-Петербург,5604171,married,0,secondary,employed,105410,0,1,8.7,4,121765.87,1,429380.71,606.2,28,0.613,1.1,Apple,79154,29,1,0,1,1.0,0
C103324,38,M,Новосибирск,1621634,single,1,secondary,employed,50574,0,0,11.1,2,41810.78,0,,609.0,21,0.717,2.4,Other,13822,8,3,0,0,,0
C103325,49,M,Нижний Новгород,1320512,married,2,secondary,employed,81866,1,1,7.7,1,85625.8,1,424965.35,684.9,27,0.881,2.9,Huawei,28904,28,3,0,1,0.0,0
C103326,44,M,Новосибирск,1642068,married,1,bachelor,employed,33873,0,0,8.8,3,45935.97,0,,581.2,7,0.419,3.4,Other,4473,35,2,0,0,,0
C103327,29,F,Омск,1106856,single,0,master,employed,34655,0,0,11.0,2,21853.22,0,,485.1,15,0.92,5.4,Apple,47049,25,1,1,1,1.0,1
C103328,60,F,Омск,1105073,married,0,secondary,self_employed,37714,1,0,6.5,1,42736.15,0,,614.0,2,0.163,0.7,Apple,81116,4,1,0,0,,0
C103329,68,F,Нижний Новгород,1204551,married,3,master,employed,28263,0,1,8.4,3,17781.0,0,,656.4,2,0.169,0.2,Other,6563,13,2,0,0,,0
C103330,39,M,Москва,13331144,single,0,bachelor,employed,112617,1,1,4.2,3,163733.59,1,638949.28,654.3,29,0.915,11.4,Apple,109744,3,0,0,1,0.0,1
C103331,39,F,Самара,1125731,married,3,phd,employed,116507,1,0,5.7,2,53191.19,1,1717424.91,566.5,38,0.96,11.6,Other,19027,30,2,0,0,,0
C103332,21,F,Новосибирск,1528707,single,0,secondary,self_employed,45668,0,1,3.0,1,42403.74,1,1363950.86,572.1,24,0.84,2.1,Other,9839,10,2,0,0,,0
C103333,43,F,Москва,13702413,married,4,bachelor,employed,127709,1,1,5.4,2,200926.83,1,3575428.89,695.2,33,0.739,6.7,Apple,121231,2,4,0,1,0.0,1
C103334,59,F,Москва,12541415,married,2,master,self_employed,172835,0,1,5.8,3,951570.98,1,2892175.13,732.4,40,0.774,5.2,Samsung,50238,23,4,1,1,0.0,1
C103335,72,M,Москва,12520092,married,2,bachelor,employed,275566,1,1,2.8,5,322863.86,0,,734.0,37,0.669,5.9,Samsung,132417,6,4,0,1,0.0,1
C103336,55,M,Ростов-на-Дону,1148507,single,0,bachelor,employed,104522,1,1,3.1,2,97649.07,1,740497.85,668.4,23,0.657,3.4,Huawei,35891,13,0,0,1,1.0,0
C103337,29,F,Челябинск,1172497,married,1,secondary,employed,28334,0,0,5.1,3,26866.67,0,,522.8,13,0.67,4.6,Huawei,12261,25,2,0,1,0.0,0
C103338,31,M,Краснодар,1115325,single,0,bachelor,employed,135122,0,0,9.3,1,171568.51,1,1586769.05,584.5,46,0.89,1.9,Apple,133597,4,2,0,1,0.0,1
C103339,53,F,Нижний Новгород,1269935,married,2,secondary,employed,46313,1,0,4.2,3,22695.21,1,1217391.08,586.9,9,0.434,2.1,Xiaomi,19216,21,4,1,0,,0
C103340,54,F,Самара,1161510,married,4,secondary,employed,60057,1,0,11.5,4,13280.2,1,763683.91,716.1,14,0.57,2.8,Apple,96052,13,4,0,0,,0
C103341,28,M,Ростов-на-Дону,1154430,single,0,bachelor,employed,84800,1,1,2.0,1,15070.62,1,770591.55,620.5,38,0.933,22.3,Google,59258,16,2,1,0,,1
C103342,35,M,Омск,1133640,single,1,master,self_employed,76654,1,0,4.4,1,34993.9,1,259006.11,697.6,30,0.835,11.4,Samsung,57583,14,1,0,0,,1
C103343,49,M,Москва,13261978,married,2,bachelor,self_employed,213405,1,1,1.9,4,219708.42,1,4094458.38,694.9,48,0.913,3.4,Apple,149229,9,3,1,1,0.0,1
C103344,36,F,Москва,12413930,single,0,bachelor,employed,175914,1,0,12.9,6,82084.9,1,869953.47,787.0,38,0.697,11.2,Apple,149412,11,7,1,1,1.0,1
C103345,54,F,Санкт-Петербург,5324941,married,5,secondary,employed,78267,1,0,2.6,2,159374.88,1,2653420.86,642.0,29,0.712,1.3,Apple,84039,24,1,1,0,,0
C103346,36,M,Омск,1183608,single,0,bachelor,self_employed,105422,0,0,5.1,1,105924.25,1,1451940.23,617.8,45,0.867,5.9,Xiaomi,11936,48,2,1,1,1.0,0
C103347,37,F,Уфа,1198174,single,0,bachelor,employed,127641,0,0,3.9,2,149266.85,1,2575566.76,,42,0.914,2.6,Xiaomi,31041,48,2,0,0,,0
C103348,56,M,Новосибирск,1644623,married,1,bachelor,employed,53598,0,0,4.9,3,70359.1,0,,554.2,10,0.587,1.5,Other,14067,18,1,0,0,,0
C103349,45,F,Челябинск,1160623,married,2,master,self_employed,315256,1,0,1.1,2,412062.54,1,2440833.33,733.2,38,0.691,3.2,Apple,107179,11,2,0,1,0.0,1
C103350,42,F,Омск,1163333,married,1,secondary,unemployed,23258,0,0,2.3,1,8045.61,0,,,5,0.555,0.9,Huawei,8551,29,1,0,0,,0
C103351,42,M,Омск,1132783,single,2,master,employed,59296,0,1,3.0,2,38051.74,1,1020922.43,579.1,25,0.853,6.7,Samsung,29366,26,2,0,0,,0
C103352,54,M,Самара,1144047,married,4,secondary,employed,28508,0,0,3.6,2,20227.87,1,96717.05,561.8,5,0.408,1.6,Other,6895,27,1,0,0,,0
C103353,30,M,Санкт-Петербург,5100285,married,1,bachelor,employed,99278,1,0,2.3,1,35390.57,1,842791.29,652.4,40,0.962,6.1,Xiaomi,18253,35,2,1,0,,0
C103354,45,M,Москва,12328388,married,1,bachelor,employed,170305,1,1,14.7,4,401239.09,1,1895808.94,814.8,44,0.736,3.7,Xiaomi,35217,11,6,1,1,1.0,1
C103355,26,F,Санкт-Петербург,5437669,single,0,bachelor,employed,105163,0,0,8.0,3,48326.5,0,,656.5,24,0.828,4.0,Apple,103714,21,5,0,0,,1
C103356,59,F,Москва,12693475,married,3,bachelor,self_employed,101451,1,1,2.3,2,238325.11,1,356375.05,608.4,24,0.546,4.3,Xiaomi,27726,11,1,0,1,1.0,0
C103357,45,F,Краснодар,1075113,single,0,secondary,employed,12513,0,0,18.2,1,1351.81,0,,458.2,3,0.594,0.6,Other,4860,7,1,0,0,,0
C103358,39,M,Самара,1219453,married,3,master,employed,83851,0,0,8.5,1,93449.34,1,530365.2,649.5,17,0.608,1.3,Other,15197,11,4,0,0,,0
C103359,26,F,Москва,12535564,single,0,master,employed,200304,1,1,1.7,2,413517.08,1,4231997.29,689.0,35,0.95,1.0,Samsung,54215,6,2,0,1,2.0,1
C103360,45,F,Санкт-Петербург,5498588,married,2,master,employed,180596,1,1,5.4,5,490952.28,0,,683.1,35,0.819,4.2,Samsung,110334,24,7,1,1,0.0,1
C103361,56,F,Краснодар,1037798,married,1,bachelor,self_employed,65483,0,0,6.8,1,48262.63,0,,537.8,30,0.73,5.8,Xiaomi,10515,48,0,0,0,,0
C103362,30,F,Омск,1096010,single,0,master,employed,130215,0,0,9.5,4,52268.09,0,,621.3,29,0.441,4.0,Apple,65132,16,4,0,1,0.0,1
C103363,57,M,Ростов-на-Дону,1211725,married,1,master,self_employed,183350,0,1,15.2,2,380499.08,0,,717.2,38,0.517,2.4,Samsung,94874,18,6,0,0,,0
C103364,23,M,Екатеринбург,1532913,single,0,bachelor,self_employed,61497,0,0,3.1,2,39169.47,1,201140.76,617.3,20,0.589,8.6,Samsung,40198,21,3,0,0,,0
C103365,29,F,Челябинск,1192242,single,0,master,self_employed,45759,0,0,6.4,3,9911.77,0,,541.9,20,0.727,7.6,Xiaomi,27988,2,1,0,1,0.0,0
C103366,18,M,Омск,1105426,single,0,master,employed,21268,0,0,0.0,1,4863.46,0,,,17,0.919,4.3,Xiaomi,9756,26,2,0,0,,0
C103367,37,F,Москва,12021263,single,0,secondary,employed,74163,0,1,0.6,1,55695.47,0,,,19,0.733,6.8,Samsung,50454,15,3,1,0,,0
C103368,40,M,Екатеринбург,1484241,single,1,bachelor,self_employed,75766,1,1,4.1,2,30668.86,1,510253.37,657.5,19,0.695,0.8,Samsung,59765,6,2,0,1,1.0,1
C103369,72,M,Новосибирск,1676268,married,0,bachelor,employed,110494,1,1,5.5,2,184325.74,0,,669.6,20,0.494,4.3,Apple,125181,12,5,0,1,1.0,1
C103370,43,M,Екатеринбург,1488995,single,0,bachelor,employed,102086,0,1,0.9,6,150745.52,0,,673.5,31,0.733,3.4,Apple,98433,3,6,1,1,2.0,1
C103371,29,M,Санкт-Петербург,5533814,single,0,secondary,employed,89568,1,0,5.3,3,37171.55,0,,662.9,25,0.85,5.1,Xiaomi,39947,12,4,1,0,,1
C103372,50,F,Екатеринбург,1430682,married,0,secondary,employed,93199,1,1,3.8,1,66641.59,0,,486.3,31,0.759,9.3,Samsung,55073,39,0,0,0,,0
C103373,59,F,Омск,1181693,married,3,secondary,employed,26083,1,0,8.5,1,31229.6,1,89908.19,441.6,2,0.268,0.2,Other,8677,14,0,0,0,,0
C103374,20,M,Новосибирск,1610867,single,0,bachelor,employed,23331,0,0,2.0,1,6051.73,0,,550.9,18,0.958,2.2,Xiaomi,17726,7,0,0,0,,0
C103375,45,F,Омск,1145894,single,0,bachelor,employed,212043,0,0,3.9,1,545808.05,1,2658102.47,690.5,47,0.851,2.5,Apple,149412,9,2,0,0,,1
C103376,42,F,Уфа,1150679,single,1,secondary,employed,41102,1,0,7.9,1,50887.55,1,206959.72,551.3,20,0.966,3.1,Xiaomi,18171,4,0,1,1,1.0,0
C103377,26,M,Челябинск,1166171,single,1,bachelor,employed,50692,0,0,1.8,1,42450.02,0,,647.2,26,0.895,10.1,Xiaomi,20332,16,0,0,0,,0
C103378,46,M,Омск,1117640,married,3,secondary,employed,80710,0,0,1.4,3,42664.45,0,,505.4,26,0.7,3.4,Samsung,57841,12,5,0,1,1.0,0
C103379,40,F,Санкт-Петербург,5563459,married,1,bachelor,self_employed,68261,0,0,7.3,2,74729.44,1,320596.8,593.9,27,0.87,5.6,Samsung,31201,40,1,0,0,,0
C103380,36,M,Омск,1138388,single,0,bachelor,employed,70339,0,0,0.9,2,43667.82,1,203197.34,639.2,21,0.677,10.4,Samsung,31563,13,5,1,0,,0
C103381,41,F,Омск,1213758,married,3,bachelor,employed,68146,0,1,2.4,1,133827.7,1,448933.02,464.5,24,0.534,4.0,Xiaomi,32947,5,2,1,0,,0
C103382,28,F,Москва,13351277,single,0,bachelor,employed,235417,0,1,10.0,4,392892.5,0,,674.4,45,0.739,4.0,Apple,81654,8,3,1,1,1.0,1
C103383,37,F,Санкт-Петербург,5434058,single,0,secondary,employed,112747,1,1,6.1,5,98103.53,1,445394.91,730.8,44,0.993,2.5,Apple,117951,8,3,0,1,1.0,1
C103384,47,M,Москва,12836624,married,3,phd,employed,322264,1,1,5.2,3,955101.43,0,,728.5,48,0.702,6.0,Apple,141101,10,4,0,1,2.0,1
C103385,72,F,Омск,1109092,married,1,secondary,employed,27592,0,0,10.5,1,12911.49,0,,540.0,2,0.227,0.2,Xiaomi,16791,6,0,0,0,,0
C103386,30,M,Ростов-на-Дону,1170952,married,2,bachelor,employed,28934,0,0,1.6,2,28372.46,1,83772.84,548.2,15,0.712,7.8,Xiaomi,12522,26,3,0,0,,0
C103387,29,M,Ростов-на-Дону,1158245,single,1,bachelor,employed,114750,1,1,6.1,4,66222.53,1,1661646.94,712.7,53,0.968,4.9,Samsung,47169,34,3,0,0,,0
C103388,30,M,Санкт-Петербург,5329873,single,0,bachelor,self_employed,125015,1,0,3.3,3,186830.18,1,406312.69,589.3,36,0.986,8.5,Samsung,44110,7,2,0,1,0.0,1
C103389,68,M,Новосибирск,1564941,married,1,bachelor,employed,40088,1,1,5.6,1,40630.53,1,473953.9,593.0,2,0.035,0.6,Samsung,26069,13,1,0,0,,0
C103390,56,M,Москва,12351648,single,0,bachelor,employed,138974,0,1,11.4,4,590873.0,0,,758.1,27,0.49,1.4,Samsung,96174,14,7,1,1,0.0,1
C103391,33,F,Москва,12629018,single,0,bachelor,employed,251903,0,1,9.4,5,456737.28,1,8741073.03,672.6,62,0.863,3.7,Google,52775,23,3,0,0,,0
C103392,27,M,Москва,12574529,single,0,bachelor,employed,111166,1,0,2.4,2,106964.3,1,1950081.55,632.0,47,0.808,30.3,Apple,79923,40,2,1,1,1.0,1
C103393,50,M,Екатеринбург,1567140,married,2,bachelor,employed,74290,0,1,7.7,3,13422.34,0,,612.1,28,0.815,0.1,Huawei,29790,12,5,0,1,1.0,0
C103394,28,M,Ростов-на-Дону,1181895,single,0,master,employed,43318,0,0,3.2,2,46611.3,1,929108.48,547.4,12,0.626,12.8,Xiaomi,16300,6,4,0,0,,0
C103395,58,F,Санкт-Петербург,5542038,married,3,secondary,employed,30178,0,0,1.6,2,24063.82,0,,,7,0.509,,Other,5204,48,2,0,0,,0
C103396,45,M,Санкт-Петербург,5227172,married,1,secondary,employed,53871,0,1,10.9,1,41417.8,1,170574.65,614.1,19,0.868,3.7,Xiaomi,34315,22,5,0,0,,0
C103397,34,F,Москва,13324747,single,0,secondary,employed,116376,1,0,4.9,2,159798.94,1,2078414.34,732.2,31,0.843,3.2,Apple,112284,15,4,0,0,,1
C103398,27,F,Челябинск,1174826,single,0,bachelor,employed,77589,0,0,9.0,2,93199.88,1,508356.84,627.6,20,0.726,1.2,Apple,53538,43,5,0,1,2.0,1
C103399,29,F,Москва,12283137,married,1,bachelor,employed,126822,1,1,1.8,2,103095.74,1,573936.65,705.1,27,0.999,6.5,Samsung,71297,12,2,0,0,,1
C103400,59,F,Нижний Новгород,1263557,married,2,secondary,employed,68963,1,0,1.3,2,212110.15,1,562542.46,610.6,17,0.447,1.5,Huawei,23529,37,2,1,1,0.0,0
C103401,32,F,Самара,1158768,single,0,bachelor,employed,68243,0,0,5.9,2,336680.98,1,2660639.07,,27,0.805,4.5,Xiaomi,16139,39,1,0,0,,0
C103402,18,F,Ростов-на-Дону,1142754,single,0,master,employed,42057,0,0,0.0,1,17745.61,1,1286553.57,491.9,27,0.906,4.9,Xiaomi,27635,5,1,0,0,,0
C103403,62,M,Нижний Новгород,1242914,married,2,bachelor,employed,42767,0,0,3.8,1,18863.79,0,,521.4,4,0.237,0.9,Xiaomi,25897,17,2,0,0,,0
C103404,39,F,Ростов-на-Дону,1124362,single,0,bachelor,self_employed,63404,0,1,18.3,1,64564.91,1,292560.53,647.2,42,0.93,5.7,Xiaomi,24081,5,0,0,1,1.0,0
C103405,23,M,Санкт-Петербург,5549005,single,0,master,employed,61559,0,0,5.0,5,27405.35,0,,699.7,24,0.758,10.8,Samsung,39244,32,1,0,1,1.0,1
C103406,48,F,Москва,12778829,married,3,bachelor,employed,114374,1,1,5.4,2,176337.16,1,537832.79,696.6,31,0.611,1.8,OnePlus,37975,6,8,0,0,,0
C103407,31,M,Санкт-Петербург,5536390,single,0,bachelor,employed,112793,1,1,2.5,2,189331.71,1,2542043.07,674.8,39,0.928,6.8,Other,12931,26,3,0,1,0.0,0
C103408,53,F,Санкт-Петербург,5228082,married,1,bachelor,employed,57346,1,1,11.9,2,55945.75,0,,679.4,22,0.826,3.3,Xiaomi,21156,15,2,0,0,,0
C103409,58,M,Нижний Новгород,1256484,married,1,bachelor,employed,109023,1,1,8.4,2,126710.0,0,,621.1,34,0.501,7.9,Xiaomi,30093,36,3,0,1,2.0,0
C103410,31,M,Новосибирск,1579833,single,0,master,employed,65376,0,0,7.5,1,86448.97,1,522835.54,640.0,25,0.844,4.1,Xiaomi,25671,7,3,0,0,,0
C103411,45,M,Ростов-на-Дону,1201864,married,4,secondary,employed,89498,1,1,4.7,1,45946.71,1,848892.93,648.6,26,0.636,2.4,Xiaomi,16921,12,3,0,0,,0
C103412,47,F,Москва,12763510,divorced,3,secondary,self_employed,206955,1,1,7.1,7,1351250.57,1,2421926.53,795.6,46,0.878,7.9,Apple,149412,4,6,1,1,0.0,1
C103413,40,M,Челябинск,1212697,single,0,master,unemployed,37465,0,1,4.1,2,20326.61,1,553733.48,560.0,5,0.415,0.4,Other,6182,44,2,0,1,0.0,0
C103414,22,F,Самара,1091414,single,0,bachelor,employed,78974,1,1,2.4,2,50401.04,1,1291382.96,574.4,33,0.937,5.8,Xiaomi,12973,48,1,1,1,0.0,0
C103415,20,M,Екатеринбург,1520942,single,0,bachelor,employed,107035,1,0,2.0,3,63609.07,1,3670532.17,666.3,42,0.974,11.3,Apple,106547,1,4,1,1,1.0,1
C103416,64,M,Омск,1145852,single,0,secondary,employed,30256,1,0,2.0,1,59700.05,0,,,9,0.546,1.8,Huawei,14794,19,1,1,0,,0
C103417,31,F,Нижний Новгород,1239206,single,0,bachelor,employed,75984,0,0,8.7,2,25350.81,1,617946.26,628.6,31,0.911,6.8,Huawei,29414,3,3,0,1,1.0,0
C103418,72,F,Краснодар,1074045,married,5,secondary,employed,35682,1,0,6.8,2,36356.44,1,1097411.55,590.5,18,0.606,0.4,OnePlus,34920,26,0,0,0,,0
C103419,32,F,Самара,1155964,single,1,bachelor,employed,46846,0,1,6.9,4,37322.68,1,1832616.59,511.5,22,0.813,2.2,Samsung,38652,8,0,1,1,0.0,1
C103420,20,F,Екатеринбург,1498956,single,0,secondary,employed,46153,0,0,2.0,4,35226.02,1,805890.67,644.0,29,0.979,5.1,Apple,55675,7,1,0,0,,0
C103421,48,M,Самара,1114979,single,0,secondary,employed,151533,1,0,18.0,4,214308.18,1,1087136.43,710.0,39,0.676,5.4,Samsung,66469,8,8,1,1,2.0,1
C103422,18,F,Ростов-на-Дону,1142251,single,0,bachelor,employed,36928,0,0,0.0,1,13201.09,0,,,21,0.651,1.9,Xiaomi,12592,35,2,0,0,,0
C103423,34,M,Санкт-Петербург,5317730,married,0,secondary,employed,186114,1,1,16.0,5,301511.7,1,3420651.7,683.1,46,0.661,8.0,Apple,128146,16,4,1,1,0.0,1
C103424,31,M,Санкт-Петербург,5571141,single,1,bachelor,employed,171670,1,1,11.1,3,294932.88,1,1003819.35,711.3,43,0.951,6.5,Apple,149412,9,1,0,1,1.0,1
C103425,23,M,Москва,12582211,single,0,master,employed,151577,1,0,3.4,2,79281.46,1,714634.87,736.2,59,0.989,7.6,Google,100239,3,2,0,0,,1
C103426,58,M,Нижний Новгород,1209369,married,3,bachelor,employed,49880,0,1,1.7,3,19356.81,0,,591.5,18,0.648,1.1,Xiaomi,19628,30,2,0,0,,0
C103427,51,M,Уфа,1162913,married,0,secondary,self_employed,102859,1,1,22.6,4,144834.77,1,2313345.29,694.7,25,0.548,2.8,Other,17413,10,1,0,1,1.0,0
C103428,29,F,Ростов-на-Дону,1169503,married,2,bachelor,employed,58387,0,0,2.3,1,23005.96,1,1107969.74,584.5,13,0.558,7.1,Samsung,45152,4,1,0,1,2.0,0
C103429,30,M,Ростов-на-Дону,1148084,single,0,master,employed,54910,1,1,5.8,5,58589.21,0,,738.5,24,0.917,1.9,Xiaomi,10276,47,9,0,1,0.0,0
C103430,27,M,Москва,13490604,single,0,secondary,employed,76615,0,0,8.9,4,33625.6,0,,586.0,34,0.905,7.2,Samsung,37019,26,4,0,0,,0
C103431,59,M,Краснодар,1092518,married,2,secondary,employed,24428,0,0,5.4,1,9824.83,1,271942.05,545.0,3,0.179,,Huawei,10869,41,2,0,0,,0
C103432,35,F,Москва,12364783,married,1,master,employed,111549,0,1,8.3,4,68280.29,0,,653.6,31,0.645,0.9,Apple,138820,12,2,1,0,,1
C103433,25,F,Москва,12824892,single,1,master,employed,114524,0,0,5.3,5,57590.67,1,803967.58,738.7,37,0.966,5.5,Samsung,55811,26,4,0,1,1.0,1
C103434,34,M,Краснодар,1075730,married,1,master,employed,105811,1,0,1.4,3,94866.4,1,981678.95,657.8,27,0.848,3.7,Samsung,65974,11,4,0,0,,1
C103435,62,F,Уфа,1196262,married,1,bachelor,employed,50120,1,1,9.0,2,44233.88,1,923851.02,577.3,9,0.536,1.6,Xiaomi,19974,20,2,0,1,0.0,0
C103436,53,M,Санкт-Петербург,5278501,married,4,bachelor,employed,122511,1,0,0.5,3,122733.7,1,949097.51,613.0,29,0.713,2.2,Apple,104206,32,3,0,1,2.0,1
C103437,50,M,Краснодар,1079518,married,3,master,employed,161610,1,1,2.6,1,286873.59,1,3167842.59,689.5,39,0.83,1.4,Apple,69140,8,2,0,1,0.0,1
C103438,38,F,Казань,1353026,divorced,1,bachelor,employed,152529,1,1,10.6,2,242821.19,1,1101836.57,696.3,53,0.917,10.3,Samsung,92409,8,3,1,1,0.0,1
C103439,26,F,Нижний Новгород,1251438,single,0,bachelor,self_employed,62331,1,0,2.9,1,84255.97,0,,576.4,31,0.926,8.4,Huawei,28461,22,1,0,0,,0
C103440,57,M,Уфа,1159738,married,3,bachelor,employed,71012,1,1,5.1,2,59995.92,1,1479671.51,588.1,17,0.56,3.4,Apple,47679,12,2,0,1,0.0,0
C103441,35,F,Екатеринбург,1425147,single,0,master,employed,118115,0,1,1.8,4,191298.06,1,781396.73,762.1,35,0.755,5.5,Samsung,49548,17,2,0,0,,0
C103442,51,F,Нижний Новгород,1292011,married,4,secondary,employed,76003,1,1,8.4,3,108183.88,1,215782.5,632.0,24,0.528,2.5,Xiaomi,16850,9,0,1,0,,0
C103443,41,M,Нижний Новгород,1253258,single,0,secondary,employed,48933,0,1,5.5,2,19329.31,0,,536.1,16,0.543,2.4,Xiaomi,20197,24,1,0,0,,0
C103444,48,F,Краснодар,1128111,married,3,bachelor,employed,67184,0,0,3.2,2,45545.04,0,,,19,0.619,4.4,Samsung,31708,21,2,0,1,0.0,0
C103445,30,F,Москва,12571563,single,0,master,employed,159072,0,0,6.5,4,150912.93,0,,765.1,39,0.933,6.8,Apple,147644,17,2,1,1,0.0,1
C103446,45,F,Казань,1292691,married,1,bachelor,employed,99454,1,1,4.6,3,62235.47,1,1147920.21,718.4,19,0.796,7.8,Samsung,55072,7,3,0,1,1.0,0
C103447,23,M,Челябинск,1127535,single,0,secondary,employed,44601,0,0,5.0,2,22714.13,1,365274.89,555.3,21,0.69,4.0,Xiaomi,15065,31,4,0,0,,0
C103448,32,M,Новосибирск,1563640,married,0,bachelor,self_employed,77526,0,0,6.3,4,102618.0,0,,586.8,32,0.954,9.4,Samsung,45703,11,3,0,1,1.0,1
C103449,31,F,Омск,1159599,single,0,secondary,employed,86377,0,0,7.2,1,31785.87,1,1415422.23,606.0,26,0.681,3.5,Samsung,44388,19,2,0,0,,0
C103450,19,F,Казань,1291584,single,0,master,employed,57889,0,0,1.0,1,49073.26,1,1064199.2,582.5,28,0.77,12.5,Xiaomi,26892,10,2,0,0,,0
C103451,30,F,Самара,1220300,single,0,secondary,employed,26718,0,0,5.0,1,11987.32,0,,502.1,7,0.504,,Huawei,16098,15,2,0,0,,0
C103452,46,F,Краснодар,1081045,married,5,secondary,employed,55531,1,1,2.0,2,30433.49,0,,,32,0.845,6.9,Other,10601,10,5,0,0,,0
C103453,56,M,Уфа,1115323,married,1,bachelor,employed,44106,0,1,10.7,2,46982.57,1,71251.89,667.6,15,0.38,0.4,Samsung,25164,48,0,0,0,,0
C103454,53,F,Краснодар,1090470,married,2,secondary,employed,27185,1,0,5.0,1,9543.41,0,,589.5,3,0.534,1.7,Xiaomi,6976,40,3,1,0,,0
C103455,45,F,Новосибирск,1565862,married,2,secondary,employed,105477,0,1,10.5,2,66271.74,1,2208872.01,666.2,30,0.732,5.9,Xiaomi,29057,15,5,0,1,0.0,0
C103456,32,F,Екатеринбург,1514292,single,1,master,employed,22732,0,0,14.0,2,1788.18,0,,523.3,3,0.51,1.4,Xiaomi,20148,8,1,0,0,,0
C103457,37,F,Санкт-Петербург,5447092,single,0,master,employed,118255,1,1,14.0,3,107914.19,0,,691.5,37,0.942,4.9,Apple,102099,11,2,0,0,,1
C103458,33,F,Челябинск,1206937,single,0,bachelor,employed,120080,1,0,5.4,4,291097.93,0,,677.4,45,0.995,5.2,Samsung,52394,5,4,0,1,0.0,1
C103459,39,F,Москва,13054497,single,0,secondary,employed,157101,0,0,12.0,2,254775.43,1,1266823.85,741.6,41,0.89,2.0,Samsung,46137,16,3,0,1,0.0,1
C103460,27,F,Москва,12924972,single,0,master,unemployed,63368,0,0,9.0,4,29493.83,0,,631.7,23,0.763,4.9,Samsung,49656,11,3,0,0,,0
C103461,43,M,Казань,1340344,single,0,bachelor,employed,87904,0,1,7.7,2,67761.31,1,797079.21,641.8,36,0.655,7.0,OnePlus,38531,11,5,0,0,,0
C103462,46,F,Казань,1329827,married,0,bachelor,employed,66012,0,0,13.1,1,49693.25,1,520326.32,644.0,28,0.639,2.3,Xiaomi,11886,31,1,0,0,,0
C103463,32,M,Санкт-Петербург,5393281,single,0,bachelor,unemployed,15066,0,0,2.2,1,2680.54,0,,,3,0.881,1.0,Xiaomi,9560,17,0,0,0,,0
C103464,55,M,Новосибирск,1632674,married,1,bachelor,employed,68101,1,1,19.4,1,82617.16,1,981941.51,564.5,17,0.355,3.0,Apple,55585,22,2,0,0,,0
C103465,61,M,Самара,1154798,married,2,secondary,employed,67123,1,1,1.9,3,121436.46,1,713048.18,629.4,18,0.384,5.3,Xiaomi,16747,18,2,1,1,0.0,0
C103466,41,F,Уфа,1120735,single,1,bachelor,employed,69020,0,1,19.2,1,58473.41,1,468150.91,585.5,21,0.789,1.1,Xiaomi,31383,10,3,0,0,,0
C103467,59,F,Ростов-на-Дону,1161490,married,1,bachelor,employed,60542,1,1,4.4,2,73584.36,0,,601.6,14,0.388,1.4,Xiaomi,27830,2,3,0,0,,0
C103468,57,F,Москва,13173487,married,1,secondary,employed,89244,0,1,2.5,2,106917.4,0,,,15,0.674,0.7,Samsung,67925,9,4,0,1,0.0,0
C103469,56,F,Новосибирск,1636656,married,4,bachelor,employed,45114,0,0,19.5,1,43276.27,1,283686.37,667.3,10,0.417,0.2,Other,6897,48,1,0,0,,0
C103470,50,F,Краснодар,999951,married,2,secondary,employed,62481,1,1,3.8,2,85054.85,1,915982.24,567.7,21,0.462,2.6,Other,7938,8,3,0,0,,0
C103471,46,M,Уфа,1137918,married,5,secondary,employed,28810,0,0,6.8,1,16918.63,1,260460.82,710.6,11,0.657,2.0,Xiaomi,13888,11,0,0,0,,0
C103472,20,M,Новосибирск,1542587,single,0,secondary,employed,49806,0,0,2.0,1,104168.0,0,,,26,0.97,4.9,Xiaomi,29383,10,1,0,0,,0
C103473,28,M,Москва,13186864,single,0,bachelor,self_employed,89082,0,0,6.0,4,274736.5,0,,534.8,35,0.993,8.7,Samsung,50849,18,5,1,0,,1
C103474,46,M,Ростов-на-Дону,1184374,married,1,master,self_employed,150270,0,1,9.6,4,149019.43,1,797959.22,596.6,31,0.455,5.9,Apple,116037,16,0,0,1,2.0,1
C103475,42,M,Омск,1136775,married,3,master,employed,124896,1,0,6.2,2,201387.24,1,2127407.91,747.0,19,0.375,2.3,Xiaomi,34302,9,4,0,1,0.0,0
C103476,37,M,Москва,13144471,single,0,bachelor,employed,158280,1,1,4.1,2,94832.43,1,1964421.15,690.9,34,0.781,5.4,Apple,126810,15,0,0,1,0.0,1
C103477,41,F,Челябинск,1198853,single,0,secondary,employed,45950,1,0,21.8,1,29949.52,1,584218.65,557.0,21,0.662,3.9,Other,9771,8,1,0,0,,0
C103478,39,F,Москва,12293230,single,1,bachelor,employed,65132,0,0,7.8,2,34618.55,1,900020.52,723.8,17,0.663,1.8,Samsung,37346,18,0,0,0,,0
C103479,33,M,Новосибирск,1637696,single,0,secondary,employed,57852,0,1,15.0,1,33869.73,1,375788.57,684.5,17,0.728,5.1,Huawei,20320,6,0,0,0,,0
C103480,28,M,Санкт-Петербург,5350533,single,0,master,employed,86329,0,0,10.0,2,72422.37,0,,,32,0.964,3.8,Xiaomi,27770,6,2,0,0,,0
C103481,62,M,Москва,12546402,married,1,master,employed,105552,0,1,2.0,2,97676.31,1,4412362.0,655.8,29,0.765,1.0,Samsung,50486,15,1,0,0,,0
C103482,21,F,Челябинск,1168009,single,0,bachelor,employed,23392,0,0,2.2,1,4856.91,0,,478.3,15,0.676,7.9,Huawei,14905,6,2,0,0,,0
C103483,72,M,Москва,12458746,married,1,master,employed,66904,1,1,1.7,1,123946.79,1,772417.03,510.7,5,0.242,4.1,Xiaomi,17803,18,0,1,1,0.0,0
C103484,49,F,Москва,12887331,married,1,secondary,employed,112489,0,1,3.5,3,60596.92,1,469798.05,609.6,40,0.648,6.1,Apple,121846,9,8,1,1,1.0,1
C103485,41,M,Москва,12098988,single,0,master,employed,112355,0,1,9.8,3,226808.6,1,1075808.66,711.5,26,0.967,2.9,Apple,89062,12,0,0,1,1.0,1
C103486,27,M,Ростов-на-Дону,1106690,single,0,bachelor,employed,68320,1,0,9.0,2,19660.06,0,,642.4,27,0.942,4.5,Xiaomi,29760,12,5,1,0,,0
C103487,31,F,Ростов-на-Дону,1213904,single,0,bachelor,employed,38089,0,0,6.7,2,23281.07,1,209162.63,449.6,16,0.528,3.7,OnePlus,24176,20,3,0,0,,0
C103488,27,F,Самара,1148246,single,0,bachelor,employed,72124,0,0,2.3,3,47919.86,1,301211.69,704.9,25,0.918,1.6,Xiaomi,29381,28,3,0,0,,0
C103489,34,M,Краснодар,1123860,single,0,bachelor,employed,115811,1,1,9.5,1,98471.79,1,2559519.84,562.8,19,0.681,7.6,OnePlus,26504,8,1,0,1,0.0,0
C103490,35,M,Санкт-Петербург,5544961,single,0,secondary,employed,49793,1,0,10.7,2,106604.91,0,,598.2,19,0.633,1.8,Xiaomi,18442,27,1,1,0,,0
C103491,33,F,Екатеринбург,1467826,divorced,1,bachelor,employed,149627,0,0,8.1,6,167060.8,0,,761.1,36,0.689,4.0,Apple,112341,16,3,0,1,0.0,1
C103492,54,M,Казань,1356233,married,3,secondary,employed,23175,0,1,6.1,1,21194.75,1,129232.63,586.5,2,0.38,2.1,Xiaomi,13929,16,0,0,0,,0
C103493,56,F,Новосибирск,1628029,married,3,secondary,employed,99866,1,1,14.6,5,129162.7,1,570300.51,752.2,21,0.355,2.7,Google,66833,0,6,1,1,0.0,1
C103494,33,M,Москва,13291534,single,0,secondary,employed,201247,0,0,15.0,1,371600.59,0,,753.3,52,0.756,19.9,Apple,135258,3,4,0,1,0.0,1
C103495,24,M,Уфа,1123276,single,0,bachelor,employed,71686,1,0,2.0,4,48210.04,1,992820.25,641.9,20,0.866,2.4,Xiaomi,19886,32,1,0,0,,0
C103496,41,F,Ростов-на-Дону,1099479,single,0,master,employed,76508,0,0,4.8,4,54788.14,0,,642.1,36,0.742,,Xiaomi,20166,5,4,0,1,0.0,0
C103497,58,M,Самара,1103002,single,0,secondary,employed,44447,0,0,19.9,3,17667.38,1,246486.7,574.6,20,0.682,1.6,Xiaomi,15249,18,0,0,0,,0
C103498,64,F,Челябинск,1167115,married,1,bachelor,employed,42495,0,1,8.9,2,18226.04,0,,602.4,13,0.547,1.7,Xiaomi,13312,6,1,0,1,0.0,0
C103499,54,M,Краснодар,1102686,single,1,bachelor,employed,67630,1,0,9.5,3,80433.22,0,,638.3,24,0.53,2.8,Huawei,22423,8,0,0,1,0.0,0
C103500,46,F,Нижний Новгород,1164093,single,0,secondary,employed,78076,0,0,4.1,3,100263.72,1,1142090.12,710.9,25,0.757,0.9,Samsung,76045,14,2,0,1,0.0,1
C103501,28,F,Казань,1307814,married,1,secondary,employed,65842,0,0,2.1,1,140043.34,1,917497.72,605.7,23,0.61,7.7,Xiaomi,21931,14,2,0,1,0.0,0
C103502,22,F,Новосибирск,1614909,single,0,secondary,employed,22681,0,0,4.0,2,5075.7,1,97598.24,543.1,2,0.451,5.3,Other,3500,48,1,0,0,,0
C103503,39,F,Новосибирск,1649668,married,2,bachelor,employed,40168,0,0,4.2,1,28788.2,1,206273.41,622.8,5,0.508,0.5,Other,9633,11,3,0,1,1.0,0
C103504,24,M,Челябинск,1206978,single,0,bachelor,employed,43518,0,1,2.0,2,43572.24,1,1144804.02,605.7,24,0.81,4.9,Other,6973,48,0,0,0,,0
C103505,33,M,Нижний Новгород,1211366,married,2,bachelor,employed,71220,1,0,15.0,3,134683.36,1,331534.32,642.9,31,0.801,13.7,Samsung,55516,9,4,1,1,0.0,1
C103506,24,M,Челябинск,1164337,single,0,master,self_employed,117843,1,1,6.0,4,226522.74,1,1754011.15,615.8,46,0.99,10.7,Xiaomi,37898,21,2,0,0,,0
C103507,27,M,Москва,12859931,married,1,master,employed,178180,1,1,9.0,3,343916.07,1,588918.62,759.3,56,0.824,4.5,Apple,87860,40,6,1,1,1.0,1
C103508,21,M,Самара,1163683,single,0,secondary,employed,54424,0,1,0.6,2,57199.77,1,847278.5,553.3,18,0.874,5.9,Google,40240,16,2,0,0,,0
C103509,54,M,Челябинск,1196511,married,1,secondary,employed,22827,1,0,8.0,1,28139.93,0,,530.5,2,0.385,0.6,Xiaomi,9798,18,0,1,0,,0
C103510,33,F,Новосибирск,1654015,single,0,bachelor,employed,164328,0,0,15.0,6,367191.3,1,1566854.05,684.0,44,0.898,2.9,Apple,118703,25,6,1,0,,1
C103511,28,F,Самара,1157535,single,0,master,self_employed,87931,0,1,1.9,1,58156.52,1,838101.01,618.6,39,0.811,20.9,Samsung,48642,18,3,0,1,1.0,1
C103512,35,F,Самара,1153613,single,1,bachelor,employed,251641,1,1,9.5,5,632846.28,0,,722.9,48,0.995,4.5,Apple,149412,4,5,1,1,1.0,1
C103513,44,M,Москва,12353099,married,1,master,employed,104567,0,1,4.9,1,93373.21,1,167216.84,607.9,35,0.936,7.5,Samsung,71810,6,1,1,0,,1
C103514,44,F,Нижний Новгород,1240577,married,5,secondary,employed,128900,1,1,2.1,4,806452.68,1,293577.69,666.2,50,0.806,10.5,Huawei,36079,9,2,1,1,1.0,1
C103515,53,M,Ростов-на-Дону,1168861,married,0,bachelor,employed,112751,0,0,10.7,4,228962.27,1,1923930.43,838.4,29,0.804,5.8,Apple,104676,8,7,1,1,2.0,1
C103516,48,F,Москва,12364435,single,0,master,self_employed,205385,0,0,3.7,2,309472.76,0,,719.6,44,0.922,1.6,Apple,149412,23,2,1,1,1.0,1
C103517,59,M,Новосибирск,1572544,married,2,bachelor,self_employed,76632,1,0,5.2,3,63724.17,1,1186336.58,614.9,14,0.348,3.8,Samsung,49133,28,4,1,0,,0
C103518,28,M,Санкт-Петербург,5255808,single,0,bachelor,employed,38778,0,0,9.3,4,8409.23,1,251178.6,548.0,15,0.886,3.0,Xiaomi,14902,23,4,0,0,,0
C103519,33,F,Санкт-Петербург,5429005,single,0,bachelor,self_employed,188374,1,0,1.3,5,440056.56,0,,,35,0.93,3.7,OnePlus,42022,23,4,1,0,,1
C103520,62,M,Челябинск,1198453,married,1,secondary,employed,46702,0,0,18.1,2,18749.59,1,79853.52,640.0,10,0.552,1.4,Samsung,26371,48,1,1,1,0.0,0
C103521,45,F,Москва,12679303,married,0,master,employed,255065,1,1,10.0,2,812576.19,1,4115767.37,758.4,48,0.884,9.8,Apple,78181,35,2,1,0,,1
C103522,57,F,Санкт-Петербург,5574777,married,3,phd,employed,180598,1,1,2.2,3,361855.4,1,2493891.49,655.4,27,0.547,1.3,Samsung,100151,13,4,0,1,1.0,1
C103523,32,F,Москва,12574381,single,0,secondary,employed,51957,0,0,5.5,3,43428.77,0,,,15,0.706,6.3,Samsung,45295,12,5,0,0,,0
C103524,68,M,Новосибирск,1629952,married,4,secondary,self_employed,61817,0,1,6.4,2,79200.47,1,1584814.66,651.7,9,0.411,1.0,Xiaomi,24076,29,3,0,1,1.0,0
C103525,38,M,Москва,11886936,married,1,master,employed,177139,0,1,8.3,5,481167.69,1,1143621.9,745.5,40,0.8,7.7,Apple,116142,5,0,0,1,0.0,1
C103526,61,M,Челябинск,1133146,single,1,secondary,employed,32320,1,0,1.1,1,59994.16,1,101945.67,502.0,2,0.348,0.4,Other,10296,16,0,0,0,,0
C103527,50,M,Санкт-Петербург,5449278,single,0,secondary,employed,28940,1,0,17.4,1,58684.19,1,692765.64,483.3,8,0.563,1.9,Xiaomi,18744,7,0,0,0,,0
C103528,39,F,Москва,12466052,married,2,master,employed,156059,0,1,4.7,1,199191.66,1,1408000.25,705.4,38,0.757,7.1,Apple,52681,35,1,0,0,,0
C103529,30,F,Москва,13293380,single,0,master,employed,276350,1,1,2.4,2,1784012.58,0,,667.7,45,0.954,8.3,Apple,126122,15,4,1,0,,1
C103530,30,F,Казань,1281266,single,0,secondary,employed,84804,0,0,0.2,2,56357.08,0,,582.7,39,0.909,2.2,Huawei,18400,20,4,0,0,,0
C103531,52,M,Омск,1114009,married,0,master,employed,51199,0,0,6.4,1,24053.43,0,,614.7,4,0.191,3.8,Samsung,60103,6,1,0,0,,0
C103532,43,M,Новосибирск,1562177,single,1,secondary,employed,47117,0,0,5.0,1,61053.56,1,2261766.41,479.0,9,0.324,3.2,Samsung,32760,7,1,0,0,,0
C103533,54,F,Нижний Новгород,1227920,single,1,bachelor,employed,71652,1,0,0.4,2,220643.65,0,,593.0,27,0.572,2.9,Xiaomi,21845,14,0,0,0,,0
C103534,48,F,Казань,1337704,single,1,bachelor,employed,93508,0,0,6.1,5,116685.42,1,942992.84,595.5,29,0.874,7.7,Google,43403,16,4,1,0,,1
C103535,39,M,Казань,1290867,married,4,bachelor,employed,86173,1,0,14.6,2,167907.71,1,1431252.23,600.0,24,0.495,4.0,Samsung,67914,4,5,1,1,0.0,1
C103536,38,F,Санкт-Петербург,5066027,single,0,bachelor,employed,124159,0,0,8.5,2,56970.13,1,3715434.14,612.1,43,0.857,4.8,Apple,116569,23,3,0,1,0.0,1
C103537,59,M,Уфа,1112325,married,3,secondary,self_employed,64039,0,0,8.9,3,37145.58,1,1440938.97,764.5,17,0.44,3.7,Huawei,33733,13,2,0,1,0.0,0
C103538,23,M,Новосибирск,1649154,married,0,bachelor,employed,73745,0,1,3.7,2,53791.54,0,,573.1,31,0.877,8.3,Samsung,43340,25,3,0,0,,0
C103539,50,F,Челябинск,1197485,single,1,master,employed,100550,0,0,2.2,3,39423.07,1,3578989.95,712.7,48,0.726,1.8,Xiaomi,23067,31,1,1,0,,0
C103540,30,M,Нижний Новгород,1244385,single,0,master,self_employed,57455,0,0,3.4,4,42864.94,1,329071.74,574.1,44,0.91,9.6,Samsung,29258,27,0,0,1,0.0,0
C103541,51,M,Омск,1168998,married,0,secondary,employed,47071,1,1,6.1,2,44107.02,0,,620.4,17,0.406,1.9,Samsung,43840,19,2,0,1,2.0,0
C103542,57,F,Краснодар,1053355,married,3,master,self_employed,148526,1,1,1.6,3,159870.98,1,981335.24,804.3,23,0.49,6.3,Samsung,52642,13,6,0,1,1.0,1
C103543,44,F,Москва,12629811,married,5,bachelor,employed,111296,1,1,10.2,3,64769.64,1,609189.59,606.5,34,0.96,3.7,Xiaomi,34516,3,1,0,1,0.0,1
C103544,38,F,Москва,12640995,married,2,bachelor,self_employed,270418,1,1,4.2,2,1337818.97,1,1159853.29,718.5,37,0.852,,Apple,149412,2,3,1,1,0.0,1
C103545,50,F,Санкт-Петербург,5347427,married,3,bachelor,self_employed,351436,1,1,17.2,2,1056588.43,1,17316571.21,740.2,56,0.713,5.8,Apple,149412,8,4,1,1,0.0,1
C103546,43,F,Нижний Новгород,1224480,married,2,bachelor,employed,68538,0,0,1.8,2,79167.04,1,482058.61,591.5,13,0.509,1.6,Google,76019,9,2,0,1,0.0,1
C103547,31,M,Новосибирск,1576145,single,0,bachelor,employed,60022,0,0,2.6,2,31053.72,0,,703.0,27,0.869,1.2,Xiaomi,16973,39,4,0,0,,0
C103548,49,F,Новосибирск,1710801,married,4,master,employed,46607,1,0,7.6,4,79046.42,1,633312.82,581.9,4,0.294,0.9,Xiaomi,10320,25,3,0,0,,0
C103549,29,M,Новосибирск,1678409,single,0,bachelor,employed,61968,0,1,4.1,2,36438.47,1,4714862.01,623.0,21,0.906,14.7,Apple,63133,16,1,0,0,,0
C103550,32,F,Москва,12511501,single,0,bachelor,employed,149362,1,1,6.7,3,190360.13,1,1319039.28,729.0,51,0.884,3.4,Samsung,53808,22,8,1,0,,1
C103551,70,F,Москва,12314865,married,1,secondary,employed,34856,1,1,2.6,1,32483.2,1,103860.23,563.8,2,0.139,0.6,Xiaomi,17933,18,3,0,0,,0
C103552,32,M,Новосибирск,1677439,single,0,bachelor,employed,65501,0,1,8.6,3,66643.8,0,,715.5,26,0.818,13.4,Samsung,34334,29,6,1,0,,1
C103553,48,M,Москва,13289502,married,1,bachelor,employed,298720,1,0,0.7,1,614906.88,1,5079542.91,789.5,43,0.833,12.4,Apple,149412,6,5,0,1,1.0,1
C103554,31,M,Челябинск,1170526,single,0,bachelor,employed,53384,0,0,5.3,3,34041.92,0,,576.6,17,0.943,7.7,Xiaomi,16719,48,6,0,0,,0
C103555,33,M,Санкт-Петербург,5103610,single,0,secondary,employed,59008,0,1,2.0,2,30339.85,1,745830.22,484.4,29,0.933,3.4,Xiaomi,24841,20,2,0,1,1.0,0
C103556,36,M,Новосибирск,1649156,single,0,secondary,self_employed,61811,0,0,16.2,2,26438.65,0,,580.1,24,0.722,2.1,Apple,103550,15,2,0,1,0.0,1
C103557,26,F,Санкт-Петербург,5301814,single,0,bachelor,employed,81257,0,1,1.9,1,64426.19,1,673912.04,564.3,31,0.756,1.7,Samsung,70630,17,1,0,0,,0
C103558,31,M,Уфа,1137449,single,0,master,employed,86041,1,0,2.9,6,139403.06,0,,591.1,23,0.703,3.0,Huawei,21364,17,7,1,0,,0
C103559,41,F,Новосибирск,1713182,married,5,bachelor,employed,33812,0,1,4.7,2,26300.55,0,,564.0,13,0.771,2.4,Samsung,38114,8,1,0,0,,0
C103560,56,F,Ростов-на-Дону,1157228,married,3,secondary,employed,22566,0,0,2.7,1,34415.12,1,147142.46,403.1,2,0.376,1.8,Xiaomi,11218,32,0,0,0,,0
C103561,30,M,Казань,1325895,single,0,bachelor,employed,93879,1,0,4.5,2,175735.77,1,3194262.52,583.6,24,0.786,15.2,Samsung,61151,7,5,1,1,1.0,1
C103562,57,M,Казань,1251340,married,0,bachelor,self_employed,71130,0,0,5.4,2,40552.5,0,,654.7,10,0.406,2.7,Other,14360,6,4,0,0,,0
C103563,52,F,Самара,1136618,married,3,secondary,employed,55670,0,1,6.7,3,140308.01,1,4917599.22,543.0,10,0.375,2.1,Samsung,33373,17,3,0,1,1.0,0
C103564,48,F,Челябинск,1130106,married,0,bachelor,employed,38023,0,0,6.1,1,25076.14,1,430773.46,666.8,7,0.53,2.8,OnePlus,30141,28,2,0,0,,0
C103565,37,F,Нижний Новгород,1240674,single,0,bachelor,employed,49275,0,0,1.4,3,43356.27,1,1027379.22,530.7,10,0.662,5.5,Samsung,40048,19,2,0,0,,0
C103566,34,F,Екатеринбург,1485839,single,0,secondary,employed,37958,0,0,10.8,1,11237.09,1,516521.71,580.1,16,0.687,10.3,Huawei,14599,43,2,0,0,,0
C103567,64,M,Краснодар,1064821,married,0,bachelor,employed,121594,1,0,2.2,3,419530.49,0,,,29,0.651,2.2,Apple,78206,4,2,0,1,0.0,1
C103568,23,M,Челябинск,1181323,single,0,bachelor,employed,98665,1,0,1.0,4,110848.84,1,2020701.88,562.5,32,0.893,2.8,Samsung,35696,25,2,0,1,1.0,0
C103569,25,M,Омск,1141884,single,0,secondary,employed,47472,0,0,7.0,2,19427.07,1,1732499.96,581.5,22,0.661,1.5,Xiaomi,16054,35,3,0,0,,0
C103570,23,F,Москва,12380551,single,0,bachelor,employed,58138,0,0,5.0,2,34349.3,0,,635.9,32,0.976,0.7,Samsung,32213,24,3,0,1,1.0,0
C103571,30,F,Москва,12698303,single,1,secondary,employed,101912,0,1,3.8,1,64081.27,1,654114.42,581.8,33,0.802,2.1,Xiaomi,22192,6,1,1,1,0.0,0
C103572,38,M,Челябинск,1170544,married,3,secondary,employed,25462,0,0,8.6,1,6610.61,1,428080.87,573.7,14,0.938,5.7,Samsung,22875,43,0,1,0,,0
C103573,26,F,Самара,1207974,single,1,bachelor,employed,39838,1,0,8.0,2,34560.2,0,,514.1,23,0.953,5.1,Xiaomi,19876,10,2,1,0,,0
C103574,51,F,Москва,12748897,married,2,master,employed,185967,0,1,13.1,3,736687.48,1,1552929.39,660.6,29,0.761,6.6,Apple,149412,1,2,0,1,1.0,1
C103575,50,F,Омск,1098311,married,1,bachelor,employed,149714,1,1,2.8,3,60147.14,1,900975.2,641.6,33,0.702,0.5,Samsung,84152,13,4,0,1,0.0,1
C103576,48,F,Челябинск,1164929,married,2,secondary,employed,57676,0,0,2.9,1,50263.33,1,2150850.55,570.3,13,0.528,0.8,Xiaomi,27648,15,3,1,0,,0
C103577,29,M,Самара,1172872,single,0,bachelor,employed,102898,0,0,5.4,3,43177.86,1,494129.47,645.9,22,0.806,2.1,Apple,110243,17,4,1,0,,1
C103578,32,M,Самара,1137624,single,0,bachelor,employed,129694,1,1,7.3,3,227970.24,1,458973.57,,30,0.649,1.5,Xiaomi,26789,10,3,1,0,,0
C103579,41,F,Самара,1206295,married,2,bachelor,employed,60533,1,1,11.8,3,118080.1,0,,612.0,35,0.603,4.7,Huawei,21006,20,2,0,0,,0
C103580,51,F,Уфа,1068002,married,1,secondary,self_employed,45663,0,0,2.9,2,142305.5,1,207918.92,573.1,18,0.659,1.8,Huawei,21473,39,0,0,0,,0
C103581,22,F,Уфа,1146037,single,0,bachelor,employed,71867,0,0,4.0,2,57829.17,0,,599.5,27,0.878,5.5,Samsung,31605,11,6,1,0,,0
C103582,52,F,Челябинск,1198756,married,1,secondary,employed,96006,1,0,7.4,2,61602.5,1,970652.63,645.7,27,0.612,15.7,Apple,85382,3,3,0,1,1.0,1
C103583,30,F,Москва,12663739,single,0,bachelor,employed,144416,1,0,5.8,2,267983.25,1,917840.9,703.9,37,0.734,7.4,Apple,145855,7,5,1,1,0.0,1
C103584,30,F,Москва,12290603,single,0,bachelor,employed,134293,0,1,12.0,4,116801.93,1,2066993.05,642.5,48,0.981,2.6,Other,21072,4,5,0,0,,0
C103585,36,M,Москва,12377822,single,0,bachelor,unemployed,26343,0,0,9.6,3,16830.99,0,,567.4,10,0.616,0.7,Xiaomi,19060,17,1,0,1,0.0,0
C103586,65,M,Омск,1041533,married,1,secondary,employed,63275,0,0,13.5,3,73336.07,0,,520.7,19,0.732,4.9,Samsung,24352,44,6,0,1,0.0,0
C103587,36,F,Екатеринбург,1601100,single,0,bachelor,unemployed,36415,1,0,3.5,1,18218.83,1,831900.48,646.5,11,0.631,5.8,Other,9306,9,1,0,0,,0
C103588,26,M,Новосибирск,1562953,single,0,secondary,self_employed,19738,0,0,8.0,1,9426.57,0,,477.2,4,0.726,2.4,Xiaomi,12471,30,2,0,0,,0
C103589,22,M,Уфа,1134248,single,0,bachelor,employed,67754,0,0,2.3,1,71937.1,0,,564.1,24,0.913,1.6,Samsung,37694,22,2,0,1,0.0,0
C103590,30,M,Казань,1234297,single,1,master,employed,130729,1,0,3.2,2,183227.64,1,1121524.4,605.9,39,0.96,23.3,OnePlus,58184,13,4,1,0,,1
C103591,29,M,Уфа,1141536,single,0,master,employed,117197,1,0,6.0,2,79353.7,0,,613.1,37,0.841,5.8,Apple,90419,17,3,0,1,0.0,1
C103592,28,F,Новосибирск,1585109,single,0,bachelor,employed,48359,0,0,7.2,3,32481.25,1,1297993.14,622.7,22,0.872,4.2,Xiaomi,10837,43,1,0,0,,0
C103593,51,F,Нижний Новгород,1233050,single,2,bachelor,employed,60061,1,0,4.1,5,39460.44,1,722151.14,588.3,12,0.544,4.0,Xiaomi,34673,1,2,0,1,0.0,0
C103594,26,M,Москва,12515923,single,0,bachelor,employed,117621,1,0,8.0,2,85608.92,0,,657.8,39,0.985,0.7,Samsung,75519,8,1,0,0,,1
C103595,52,F,Нижний Новгород,1235173,married,1,bachelor,employed,62097,1,1,4.4,4,101526.07,1,714972.49,691.5,12,0.43,5.4,Apple,39415,35,2,0,1,0.0,0
C103596,45,F,Москва,12909392,married,1,bachelor,unemployed,56974,0,1,12.3,1,63829.97,1,977836.95,577.7,31,0.946,9.4,Xiaomi,12635,39,1,0,0,,0
C103597,70,M,Омск,1099331,married,4,master,self_employed,49506,0,1,3.8,1,36760.94,0,,543.7,14,0.502,3.4,Xiaomi,19524,1,3,0,0,,0
C103598,19,F,Челябинск,1195408,single,0,bachelor,employed,68514,1,0,1.0,2,26759.14,0,,,34,0.818,1.1,OnePlus,30748,7,3,1,1,1.0,0
C103599,42,F,Новосибирск,1611483,married,3,secondary,employed,156703,0,1,11.0,3,264641.59,0,,660.8,40,0.881,9.4,Xiaomi,25363,7,2,1,1,1.0,1
C103600,71,M,Москва,13331198,married,2,secondary,employed,44061,1,1,10.4,3,64887.77,1,2276059.25,590.1,12,0.48,1.8,Other,12661,16,3,1,1,0.0,0
C103601,27,F,Ростов-на-Дону,1117231,single,0,secondary,employed,23491,0,0,9.0,1,16734.11,1,283014.76,441.8,16,0.894,13.6,Xiaomi,7975,48,0,1,0,,0
C103602,22,F,Уфа,1120101,single,0,bachelor,self_employed,65318,0,0,4.0,3,35965.24,0,,708.9,30,0.841,2.3,Xiaomi,32900,12,1,1,0,,0
C103603,37,F,Нижний Новгород,1210650,married,1,bachelor,employed,35325,0,0,1.9,2,29129.02,1,321589.26,561.5,11,0.556,0.9,Other,4787,48,1,0,0,,0
C103604,45,F,Санкт-Петербург,5602887,married,0,bachelor,employed,130156,1,1,16.5,3,280385.89,0,,769.4,29,0.532,11.7,Xiaomi,53763,11,1,1,1,0.0,1
C103605,29,F,Санкт-Петербург,5757696,single,0,secondary,employed,31653,0,0,2.7,1,15389.0,1,167073.15,556.7,17,0.866,4.0,Huawei,9474,48,2,1,1,0.0,0
C103606,35,M,Санкт-Петербург,5847530,married,1,bachelor,employed,95115,1,1,4.6,4,23540.91,1,723813.41,716.1,40,0.963,6.4,Apple,62033,44,3,0,1,1.0,1
C103607,61,M,Казань,1355508,divorced,1,bachelor,self_employed,79574,0,0,5.1,2,61749.07,0,,603.9,26,0.701,,Apple,94249,22,6,0,1,0.0,1
C103608,35,F,Ростов-на-Дону,1122898,single,1,master,employed,103528,1,0,9.0,2,53253.9,1,1952139.84,582.8,41,0.917,6.3,Apple,71803,6,2,1,1,0.0,1
C103609,27,M,Омск,1155525,married,0,secondary,employed,60000,0,0,5.1,2,85546.37,1,357998.59,611.6,30,0.978,7.5,Apple,70461,11,1,1,1,0.0,1
C103610,35,M,Самара,1166431,married,3,bachelor,employed,172162,1,1,17.0,3,271894.63,1,1632946.46,759.4,45,0.843,7.4,Samsung,47150,9,3,0,1,0.0,1
C103611,49,M,Казань,1330239,married,4,bachelor,employed,106992,1,1,1.0,3,121032.98,1,519853.79,643.4,40,0.869,2.4,Samsung,72561,18,2,1,1,2.0,1
C103612,31,M,Санкт-Петербург,5499245,single,0,bachelor,employed,95391,1,1,13.0,1,55061.71,1,1602627.09,602.7,40,0.905,8.4,Xiaomi,37205,10,2,0,1,0.0,0
C103613,58,F,Самара,1212556,married,1,secondary,employed,45047,1,0,7.3,2,41266.78,0,,579.2,9,0.438,1.6,Xiaomi,20937,13,1,0,0,,0
C103614,28,F,Москва,13043130,single,0,bachelor,employed,38703,0,0,8.7,2,13935.75,1,724858.95,598.0,20,0.948,2.8,Samsung,27057,29,1,0,0,,0
C103615,33,F,Нижний Новгород,1275909,single,0,bachelor,employed,79059,1,1,4.7,1,43157.46,1,525041.06,781.7,32,0.949,3.0,Xiaomi,13770,43,3,0,1,1.0,0
C103616,35,M,Ростов-на-Дону,1152397,single,0,master,employed,170679,0,1,17.0,4,114711.21,1,3100582.44,729.2,42,0.808,9.5,Apple,135438,27,5,1,1,0.0,1
C103617,29,F,Краснодар,1045322,single,0,secondary,employed,53496,0,0,5.1,1,31622.6,0,,537.7,22,0.619,0.8,Xiaomi,21621,13,1,0,0,,0
C103618,58,M,Екатеринбург,1412641,single,1,bachelor,self_employed,37198,1,1,7.9,3,48552.66,0,,509.6,13,0.567,3.6,Huawei,27166,6,2,0,0,,0
C103619,57,F,Самара,1204269,married,5,master,employed,114479,1,0,2.8,6,153767.92,1,345218.67,716.6,21,0.682,4.3,Huawei,36241,11,11,1,1,1.0,1
C103620,29,M,Омск,1097809,single,0,bachelor,employed,58058,0,0,11.0,2,20482.62,1,1125498.86,583.2,23,0.554,5.9,Samsung,40825,13,0,0,1,0.0,0
C103621,22,F,Челябинск,1145532,single,0,bachelor,employed,85056,1,1,2.4,3,48871.06,1,1774124.04,685.4,19,0.702,3.5,Apple,59465,48,4,0,0,,0
C103622,42,M,Новосибирск,1637162,married,5,bachelor,employed,104275,1,1,11.2,5,203001.58,1,666003.76,743.2,43,0.911,7.7,Xiaomi,41819,5,6,1,0,,1
C103623,32,M,Ростов-на-Дону,1146200,single,0,bachelor,employed,74758,0,1,10.9,2,76377.8,1,975811.01,769.6,27,0.94,1.7,Samsung,51377,12,2,0,1,0.0,1
C103624,69,F,Казань,1331831,married,4,secondary,employed,36369,0,0,7.0,4,12611.82,1,433962.25,,5,0.397,0.5,Huawei,17689,25,2,0,0,,0
C103625,53,F,Ростов-на-Дону,1162035,married,5,bachelor,employed,45019,0,1,3.2,3,89864.16,1,657812.18,525.1,20,0.69,6.4,Huawei,29169,8,1,0,0,,0
C103626,50,F,Краснодар,1088604,married,1,secondary,self_employed,29225,0,0,13.0,2,13307.13,1,957886.66,467.9,6,0.524,1.0,Other,4941,43,1,1,0,,0
C103627,28,M,Омск,1131376,single,0,secondary,employed,115243,1,0,5.8,2,130791.13,1,1046788.04,725.6,37,0.976,11.9,Apple,81382,15,1,1,0,,1
C103628,59,M,Краснодар,1110768,married,1,master,self_employed,105482,1,1,5.5,2,194825.13,1,478804.05,653.3,35,0.679,7.0,Samsung,62554,18,6,1,0,,1
C103629,38,F,Новосибирск,1589290,single,0,master,employed,113870,0,1,10.7,1,253231.82,1,6740167.39,608.5,25,0.851,5.5,Other,18517,17,4,0,1,0.0,0
C103630,26,M,Краснодар,1044864,single,0,bachelor,self_employed,52929,0,1,7.6,1,22610.91,1,804349.24,478.9,27,0.864,14.6,Apple,60654,20,3,0,0,,0
C103631,30,M,Санкт-Петербург,5742937,single,0,master,employed,193841,0,0,3.1,2,787344.51,1,1206971.72,777.5,32,0.908,0.7,Apple,149412,3,1,0,0,,1
C103632,66,M,Санкт-Петербург,5321049,divorced,2,bachelor,employed,80183,0,1,11.7,3,142134.72,1,1744881.88,661.5,30,0.685,1.1,Huawei,50200,8,4,1,1,0.0,1
C103633,39,F,Нижний Новгород,1198959,married,0,bachelor,employed,75582,0,1,1.5,4,42327.72,1,935643.82,607.0,24,0.684,2.4,Apple,90945,23,1,1,0,,0
C103634,35,F,Казань,1340003,married,1,master,employed,95027,0,0,3.8,3,552883.98,0,,523.3,25,0.843,9.2,Apple,75007,28,1,0,1,0.0,1
C103635,40,M,Москва,12411164,single,1,bachelor,employed,147359,0,1,1.7,2,568370.04,1,1204918.72,664.7,36,0.851,1.6,Xiaomi,28028,13,2,1,1,2.0,1
C103636,48,M,Новосибирск,1562354,married,3,bachelor,employed,49708,0,0,5.3,3,27417.97,1,978759.14,629.8,6,0.341,1.2,Huawei,19038,8,5,0,0,,0
C103637,41,M,Екатеринбург,1501923,married,1,secondary,employed,122472,1,1,3.0,1,215423.07,1,882683.75,642.2,36,0.918,5.4,Xiaomi,36390,1,2,0,1,1.0,1
C103638,32,F,Самара,1125135,single,0,bachelor,employed,34445,0,0,5.2,3,109429.89,0,,581.6,18,0.696,7.4,Xiaomi,13305,40,1,0,0,,0
C103639,32,F,Омск,1139311,single,0,bachelor,employed,32634,0,0,0.1,1,19624.32,1,578486.39,539.3,11,0.706,3.6,Xiaomi,21752,14,0,1,0,,0
C103640,42,M,Ростов-на-Дону,1148678,married,3,master,employed,118544,1,1,6.0,6,444914.47,0,,581.0,42,0.763,6.1,Google,58090,10,4,0,1,1.0,1
C103641,49,F,Москва,12388194,single,2,secondary,employed,222314,0,1,17.3,3,372944.63,1,2675459.71,807.6,45,0.951,4.8,Apple,129804,8,1,0,1,0.0,1
C103642,29,F,Санкт-Петербург,5476446,single,0,bachelor,employed,79176,1,0,2.2,3,55495.98,0,,,25,0.882,4.2,Huawei,23626,21,4,0,1,0.0,0
C103643,39,M,Москва,13283477,single,0,master,employed,191020,1,1,6.3,2,437839.07,0,,782.2,45,0.871,3.4,Apple,145826,4,4,1,0,,1
C103644,34,F,Самара,1179982,single,1,master,employed,88296,0,1,14.7,1,163520.59,1,439805.37,716.4,28,0.961,,Xiaomi,30480,12,2,0,0,,0
C103645,38,F,Краснодар,1146619,single,0,bachelor,employed,56867,0,1,12.4,2,72372.19,0,,613.5,21,0.771,1.3,Xiaomi,19139,18,1,0,1,2.0,0
C103646,27,F,Москва,13192060,single,0,master,employed,121392,1,0,2.8,3,104324.17,1,558471.48,639.8,33,0.956,6.1,Xiaomi,38312,9,3,1,0,,1
C103647,46,M,Нижний Новгород,1155460,single,0,bachelor,employed,156428,0,1,5.5,4,893663.19,1,1434556.07,800.7,28,0.549,6.2,Samsung,89364,7,5,0,1,1.0,1
C103648,25,M,Москва,12347348,single,0,bachelor,employed,113836,1,0,6.5,1,53764.6,0,,652.4,34,0.84,2.9,Apple,92807,30,4,0,0,,0
C103649,32,F,Нижний Новгород,1180006,single,0,bachelor,employed,87920,1,0,12.6,2,39675.62,0,,544.6,30,0.957,6.0,Huawei,28716,19,1,0,0,,0
C103650,43,M,Москва,12138606,married,1,bachelor,employed,119980,1,0,9.8,2,224194.33,0,,693.6,37,0.823,3.6,Samsung,57050,32,1,1,1,0.0,1
C103651,34,F,Челябинск,1239677,single,0,secondary,employed,93003,1,1,6.3,4,197549.64,0,,654.4,23,0.81,8.0,Apple,83439,21,1,0,0,,1
C103652,40,M,Москва,13183540,married,2,bachelor,self_employed,154692,1,1,22.0,4,659975.42,0,,667.4,22,0.732,6.0,Samsung,55975,17,6,0,0,,0
C103653,36,M,Екатеринбург,1476843,divorced,2,bachelor,employed,31595,0,1,6.9,1,5996.66,0,,585.1,9,0.674,2.7,Xiaomi,17105,27,3,0,0,,0
C103654,46,M,Самара,1154317,married,0,secondary,unemployed,12443,0,0,4.7,1,2974.78,0,,431.2,2,0.401,0.1,Xiaomi,9884,16,0,0,0,,0
C103655,23,M,Москва,12704094,single,0,secondary,self_employed,32342,0,0,5.0,2,24400.48,0,,573.1,24,0.934,6.4,Xiaomi,11774,19,0,0,1,0.0,0
C103656,29,F,Уфа,1142183,single,0,bachelor,self_employed,80263,1,0,3.0,2,65918.15,0,,,20,0.472,3.7,Xiaomi,23847,5,4,1,0,,0
C103657,35,F,Нижний Новгород,1241028,single,0,bachelor,employed,67666,1,0,4.1,1,35830.28,0,,624.6,20,0.775,2.8,Other,17922,7,3,0,0,,0
C103658,31,F,Новосибирск,1697855,single,0,secondary,employed,41149,0,0,11.0,4,20969.61,0,,601.3,16,0.696,7.7,Other,6803,35,2,0,1,1.0,0
C103659,43,F,Челябинск,1247259,married,1,bachelor,employed,38755,1,0,9.0,1,17306.03,1,236843.33,536.0,2,0.328,4.3,Huawei,23993,6,1,0,1,0.0,0
C103660,31,F,Санкт-Петербург,5569303,single,0,secondary,employed,76320,1,0,10.2,1,75889.11,1,3098045.81,555.7,28,0.7,0.6,Huawei,40275,21,1,1,1,0.0,0
C103661,54,F,Нижний Новгород,1242566,single,1,bachelor,self_employed,52840,0,0,4.9,1,105402.8,0,,655.2,8,0.358,0.7,Samsung,48835,10,1,0,0,,0
C103662,36,M,Новосибирск,1537877,married,0,bachelor,employed,75517,0,0,5.8,3,107521.68,1,1429312.06,687.9,31,0.886,6.8,Xiaomi,33598,4,1,0,0,,0
C103663,61,F,Москва,11910705,married,1,master,self_employed,210628,1,1,5.5,2,334766.13,1,1076717.01,776.5,31,0.474,3.3,Apple,98726,16,1,0,1,0.0,1
C103664,30,F,Казань,1258353,single,0,master,employed,142731,0,1,7.0,2,411815.03,1,1292194.21,539.7,41,0.779,12.9,Samsung,45739,15,5,0,1,0.0,1
C103665,54,M,Уфа,1218822,married,1,bachelor,employed,96956,1,1,10.6,6,218883.41,1,262064.62,702.1,27,0.44,3.0,Other,14841,19,2,0,1,0.0,0
C103666,52,F,Москва,12776620,married,3,master,self_employed,133450,1,1,10.2,2,262390.9,1,569931.65,768.2,28,0.694,0.4,Samsung,42550,4,4,0,1,0.0,0
C103667,34,M,Москва,11801412,single,0,secondary,employed,113320,1,0,7.8,6,151433.81,0,,672.6,40,0.894,4.4,Xiaomi,27536,13,5,0,1,2.0,1
C103668,40,F,Краснодар,1121986,single,0,bachelor,employed,223398,1,1,2.1,4,665109.09,1,702846.63,743.0,46,0.945,5.0,Samsung,71713,6,7,0,0,,1
C103669,24,F,Краснодар,1067475,single,1,bachelor,employed,162896,1,0,4.4,4,822501.26,0,,762.3,37,0.883,2.7,Samsung,61878,33,7,1,1,0.0,1
C103670,55,F,Ростов-на-Дону,1117279,married,2,bachelor,employed,38154,0,0,2.6,1,16376.68,0,,620.9,10,0.463,1.8,Xiaomi,21169,18,1,0,0,,0
C103671,63,M,Самара,1146326,married,0,secondary,employed,84048,0,0,7.1,2,89617.19,0,,589.9,21,0.31,2.0,Google,31372,42,0,0,0,,0
C103672,34,F,Нижний Новгород,1244295,married,3,secondary,employed,28274,0,0,1.6,1,72485.11,1,236752.78,489.0,5,0.618,2.8,Apple,72792,4,2,1,0,,0
C103673,50,M,Москва,12381277,married,3,secondary,employed,112928,1,1,13.3,3,136333.17,1,1986199.3,654.5,29,0.729,4.9,Other,15932,14,4,1,1,0.0,0
C103674,54,F,Санкт-Петербург,5343602,single,0,master,employed,129897,0,1,14.7,4,424092.72,1,696169.8,774.5,24,0.527,,Huawei,47401,6,2,0,0,,0
C103675,25,M,Москва,13280091,single,0,bachelor,employed,35020,0,0,7.0,3,19323.87,0,,574.3,21,0.958,7.4,Other,12438,3,6,1,0,,0
C103676,39,M,Санкт-Петербург,5281185,married,1,bachelor,employed,154746,1,1,10.8,7,224605.06,1,1756581.96,814.8,39,0.889,19.7,Apple,66893,13,1,0,0,,1
C103677,22,F,Санкт-Петербург,5556450,single,0,bachelor,employed,47124,0,0,1.6,2,60954.09,0,,,21,0.917,6.7,Huawei,12058,28,1,1,0,,0
C103678,49,F,Уфа,1158742,married,3,bachelor,employed,45812,0,1,4.4,1,50053.96,1,561267.66,649.1,9,0.492,5.7,Other,12437,3,0,0,0,,0
C103679,25,F,Казань,1335436,single,0,secondary,employed,34666,0,0,2.2,1,25219.54,0,,,13,0.799,2.3,Xiaomi,16656,36,2,0,0,,0
C103680,24,F,Самара,1150481,single,0,bachelor,employed,70810,0,0,5.0,2,48936.6,0,,636.3,33,0.941,0.5,Samsung,98678,8,2,0,0,,1
C103681,29,F,Москва,12493368,married,3,bachelor,employed,135245,0,1,10.1,3,416204.25,1,3695236.17,642.3,40,0.878,4.2,Huawei,28965,24,4,1,1,0.0,1
C103682,32,F,Нижний Новгород,1286288,married,1,master,employed,133832,1,1,3.9,2,176628.89,1,7896660.25,663.2,31,0.756,4.5,Apple,51591,34,4,1,1,0.0,1
C103683,38,F,Уфа,1120070,single,0,master,employed,75357,0,1,8.1,2,89085.37,0,,,32,0.683,2.9,Xiaomi,15707,31,3,0,0,,0
C103684,26,M,Омск,1133129,single,0,bachelor,employed,28266,0,0,5.2,2,8479.37,0,,621.2,23,0.927,6.0,Xiaomi,18761,6,0,1,0,,0
C103685,55,F,Новосибирск,1616891,married,0,bachelor,employed,23828,0,0,19.1,1,11478.17,0,,615.8,3,0.467,2.3,Huawei,18071,15,1,0,0,,0
C103686,35,M,Ростов-на-Дону,1175011,single,0,secondary,employed,38940,0,0,5.7,3,21362.7,1,401340.24,614.5,7,0.668,0.7,Other,5251,48,1,0,0,,0
C103687,38,F,Нижний Новгород,1187071,married,0,secondary,employed,61187,1,1,9.6,1,21966.5,1,1003527.57,574.8,24,0.76,5.7,Apple,35423,36,3,0,1,0.0,0
C103688,43,M,Самара,1151618,married,2,bachelor,unemployed,14393,0,0,3.9,2,18664.12,0,,511.4,2,0.417,1.4,Xiaomi,12643,38,1,0,0,,0
C103689,29,M,Москва,12831133,single,0,master,employed,182629,0,1,6.6,4,206199.46,1,7300032.27,665.1,36,0.968,3.3,Apple,122969,9,2,0,0,,1
C103690,35,F,Казань,1254176,single,1,bachelor,employed,73443,0,0,7.0,3,83967.31,1,784197.16,645.6,28,0.918,2.3,Other,10819,22,2,1,0,,0
C103691,60,M,Челябинск,1247590,married,2,secondary,employed,49434,0,0,4.3,1,79156.11,1,163207.81,522.3,8,0.266,1.1,Other,7276,11,2,0,1,0.0,0
C103692,33,M,Омск,1072716,single,0,bachelor,employed,72816,1,0,13.1,2,79092.08,0,,631.7,35,0.749,7.9,Xiaomi,30949,12,1,0,1,1.0,0
C103693,30,M,Омск,1163766,single,0,bachelor,employed,32167,0,0,3.5,1,24342.12,0,,495.7,11,0.767,4.0,Xiaomi,17637,13,1,0,0,,0
C103694,57,M,Санкт-Петербург,5544861,married,2,bachelor,employed,67235,0,0,6.0,1,62359.39,0,,600.3,18,0.712,3.8,Samsung,28387,19,4,0,0,,0
C103695,24,F,Нижний Новгород,1223291,single,0,bachelor,employed,55529,0,0,3.0,1,43337.68,0,,,27,0.849,3.4,Xiaomi,18201,42,2,0,0,,0
C103696,54,M,Уфа,1158174,married,4,bachelor,employed,31775,0,0,1.5,1,33197.62,0,,565.1,4,0.486,0.8,Xiaomi,14548,9,1,0,0,,0
C103697,70,M,Нижний Новгород,1295065,married,2,bachelor,employed,23310,0,1,10.2,1,12872.48,0,,517.4,2,0.119,0.4,Xiaomi,12438,30,0,0,0,,0
C103698,28,F,Санкт-Петербург,5308791,single,0,bachelor,employed,136438,0,1,10.0,3,136936.53,0,,684.9,36,0.667,5.2,Apple,69648,22,1,0,1,1.0,1
C103699,69,F,Челябинск,1233207,married,2,bachelor,employed,36278,0,0,2.7,2,39725.92,1,925493.84,623.9,3,0.221,1.3,Other,9072,14,4,0,0,,0
C103700,46,F,Казань,1248307,married,2,secondary,employed,94280,1,1,4.3,3,38968.86,0,,691.5,27,0.803,2.0,Huawei,51831,8,1,0,0,,0
C103701,27,F,Самара,1099545,single,0,bachelor,employed,26532,0,0,8.1,1,9607.94,0,,578.2,13,0.597,9.7,Xiaomi,17427,18,0,0,1,0.0,0
C103702,48,F,Ростов-на-Дону,1091010,married,1,master,self_employed,84761,0,0,3.9,2,122258.93,1,452995.49,666.0,20,0.553,5.2,Xiaomi,28245,7,4,0,0,,0
C103703,30,F,Самара,1226749,single,2,bachelor,self_employed,48141,0,0,9.2,2,51066.63,1,2129863.35,569.5,19,0.619,3.9,Samsung,26416,37,2,0,0,,0
C103704,64,M,Омск,1110439,married,5,bachelor,employed,70506,1,1,0.8,2,111154.7,1,1328189.09,585.6,16,0.112,0.4,Xiaomi,18419,30,3,0,1,1.0,0
C103705,47,F,Нижний Новгород,1162795,married,2,secondary,employed,92485,1,0,14.5,4,48140.11,1,2267418.06,712.4,20,0.692,6.1,Huawei,41447,5,2,1,1,0.0,1
C103706,25,F,Санкт-Петербург,5572909,single,0,bachelor,self_employed,109227,0,1,7.0,1,74168.64,0,,678.5,41,0.955,3.3,Apple,59094,15,1,1,0,,1
C103707,18,F,Краснодар,1143959,single,0,master,employed,45108,0,0,0.0,2,20258.75,0,,,32,0.902,13.4,Xiaomi,7665,30,0,0,0,,0
C103708,52,M,Омск,1126813,married,2,master,employed,88699,1,1,2.7,3,106318.73,1,921325.52,642.5,49,0.745,7.5,Xiaomi,19259,31,4,0,1,0.0,0
C103709,36,F,Екатеринбург,1528854,married,0,secondary,employed,59651,0,1,5.0,1,37812.62,1,427544.05,530.3,21,0.654,2.0,Xiaomi,9188,48,0,0,0,,0
C103710,45,F,Челябинск,1152835,married,1,secondary,employed,68389,1,0,10.4,3,21279.34,1,3336418.37,601.4,24,0.699,0.9,Other,9655,5,6,0,0,,0
C103711,64,F,Краснодар,1047865,married,0,secondary,employed,38485,0,0,2.4,2,96272.63,0,,432.1,7,0.389,2.3,Huawei,12771,40,0,0,0,,0
C103712,28,F,Москва,12824657,single,0,bachelor,employed,99523,1,1,5.0,2,611500.12,1,407669.08,711.2,38,0.873,8.8,Google,90890,10,4,1,0,,1
C103713,34,M,Уфа,1152314,single,0,master,employed,98662,0,0,4.8,1,43448.9,1,547909.09,716.3,28,0.789,1.1,Xiaomi,24639,48,2,0,1,1.0,0
C103714,28,M,Нижний Новгород,1190862,single,1,bachelor,employed,45053,0,0,6.3,4,14936.33,0,,717.0,16,0.624,1.8,Huawei,23347,22,6,0,1,1.0,0
C103715,20,F,Самара,1136589,single,0,master,employed,55339,0,0,2.0,2,29792.76,0,,607.8,31,0.91,6.1,Xiaomi,36578,9,1,0,0,,0
C103716,36,M,Новосибирск,1658859,single,0,secondary,employed,33207,0,1,10.6,2,35239.55,1,438697.37,559.9,11,0.619,9.3,Samsung,31936,38,3,0,0,,0
C103717,37,M,Ростов-на-Дону,1157933,single,1,bachelor,employed,79341,0,1,6.8,3,33642.62,1,223398.8,684.7,27,0.673,0.7,Samsung,54122,16,2,0,1,0.0,1
C103718,62,F,Москва,13182911,married,4,secondary,employed,133189,1,1,6.0,1,104125.38,0,,692.5,39,0.694,2.0,Huawei,50687,10,1,1,0,,0
C103719,48,M,Уфа,1144773,married,4,secondary,employed,45786,0,0,13.8,2,113144.34,1,837963.61,527.8,13,0.454,0.9,Xiaomi,16855,47,0,0,1,1.0,0
C103720,27,F,Омск,1102912,married,1,master,employed,105837,1,1,9.0,2,94859.06,0,,731.7,39,0.938,8.8,Google,66035,12,4,1,1,1.0,1
C103721,49,F,Новосибирск,1556039,single,0,bachelor,employed,66836,1,0,2.7,1,17952.45,1,745271.91,582.4,21,0.659,2.0,Other,8665,5,1,0,0,,0
C103722,26,F,Санкт-Петербург,5401305,single,0,bachelor,employed,119811,0,0,8.0,3,381680.35,0,,629.8,47,0.658,8.1,Xiaomi,23923,17,2,0,0,,0
C103723,34,F,Нижний Новгород,1277068,married,1,bachelor,employed,135090,0,1,9.4,4,232524.28,1,3156424.08,767.1,34,0.837,9.3,Huawei,40503,16,2,1,1,0.0,1
C103724,34,F,Казань,1368099,married,1,bachelor,self_employed,225818,1,1,15.2,2,659374.91,0,,728.8,52,0.882,4.0,Xiaomi,43350,12,2,1,1,1.0,1
C103725,22,F,Санкт-Петербург,5049824,single,0,master,employed,182272,1,1,4.0,4,128731.7,0,,741.7,45,0.996,11.3,Apple,95597,14,1,1,1,1.0,1
C103726,35,M,Екатеринбург,1440694,married,2,secondary,employed,40319,0,0,7.4,1,43967.76,0,,516.9,15,0.759,1.7,Xiaomi,16223,15,1,0,0,,0
C103727,44,F,Екатеринбург,1500350,married,3,bachelor,employed,60207,0,1,5.4,2,113540.53,1,296121.11,635.8,13,0.469,2.4,Apple,73815,7,1,0,0,,0
C103728,28,M,Санкт-Петербург,5064646,single,0,master,employed,100529,1,0,10.0,4,249789.16,0,,692.6,36,0.747,8.2,Xiaomi,21307,22,3,0,0,,0
C103729,31,M,Москва,12873643,single,0,master,employed,214300,1,1,8.5,7,303852.58,0,,680.4,39,0.931,5.1,Samsung,48224,22,5,0,0,,1
C103730,58,F,Краснодар,1064065,married,5,master,employed,40008,0,0,5.2,3,43360.93,1,131664.51,595.7,8,0.37,,Samsung,36444,23,1,0,0,,0
C103731,40,M,Самара,1125563,single,0,bachelor,self_employed,103889,1,0,1.2,2,232208.61,0,,631.7,48,0.761,3.5,Apple,62468,27,2,1,1,2.0,1
C103732,63,M,Нижний Новгород,1260871,married,1,bachelor,employed,53471,1,0,7.4,1,39453.23,1,499938.46,687.3,11,0.364,2.0,Samsung,40743,27,0,0,0,,0
C103733,49,M,Новосибирск,1737208,divorced,2,bachelor,employed,97060,1,0,13.7,3,65782.42,1,2672281.02,633.2,32,0.721,9.8,Apple,76570,13,2,1,1,0.0,1
C103734,41,M,Казань,1284741,single,1,secondary,employed,46418,0,0,7.1,2,91396.49,0,,531.7,18,0.619,1.5,Huawei,23243,24,3,0,0,,0
C103735,55,F,Новосибирск,1708359,married,3,bachelor,employed,33756,0,0,0.3,2,14883.06,1,425763.03,513.7,7,0.298,0.2,Xiaomi,28570,4,4,1,1,0.0,0
C103736,23,F,Уфа,1142321,married,1,bachelor,employed,117967,1,0,4.7,2,110171.13,0,,726.1,46,0.945,2.7,Apple,81362,7,2,1,0,,1
C103737,28,M,Москва,12205310,single,0,bachelor,self_employed,113372,0,0,9.7,2,55659.94,0,,543.1,45,0.992,4.4,Apple,60679,31,7,1,0,,1
C103738,35,F,Москва,13082117,single,0,master,employed,136200,0,0,6.1,4,215777.41,0,,653.8,45,0.963,11.6,Apple,74017,39,2,0,1,0.0,1
C103739,38,F,Москва,12760921,single,1,secondary,employed,177517,1,1,4.7,2,268152.53,1,3474495.12,617.5,38,0.904,3.9,Apple,140822,12,4,1,1,0.0,1
C103740,26,F,Москва,13201920,single,1,bachelor,employed,112068,0,0,1.9,1,151595.87,1,818480.99,630.1,45,0.982,3.9,Apple,108659,8,4,0,0,,1
C103741,33,F,Казань,1221652,married,0,bachelor,employed,72905,0,0,5.2,1,84333.45,0,,661.9,36,0.962,3.2,Xiaomi,26439,11,0,0,1,1.0,0
C103742,43,F,Уфа,1201636,single,0,bachelor,employed,78223,0,0,8.1,2,92214.83,1,1628431.31,543.0,29,0.841,4.4,Apple,80916,3,1,0,0,,0
C103743,51,M,Самара,1155794,single,0,secondary,employed,29905,1,0,4.2,2,17047.21,0,,597.6,2,0.347,2.0,Other,4050,36,0,0,0,,0
C103744,20,M,Новосибирск,1598164,single,0,bachelor,unemployed,14080,0,0,2.0,1,2748.43,0,,,4,0.87,4.7,Xiaomi,9246,45,1,0,0,,0
C103745,52,M,Москва,12849745,married,3,bachelor,employed,104052,0,0,17.0,4,173181.19,0,,,36,0.739,3.6,Samsung,73624,13,2,1,1,0.0,1
C103746,69,F,Москва,12555669,married,2,phd,employed,62130,0,0,2.5,3,53083.09,0,,,19,0.419,5.9,Xiaomi,35272,10,5,0,1,1.0,0
C103747,23,M,Омск,1103505,single,0,bachelor,employed,57158,1,0,4.7,3,32713.22,0,,649.0,23,0.679,2.6,Other,10749,41,3,1,0,,0
C103748,21,F,Москва,12210127,single,0,secondary,employed,55277,0,0,3.0,1,45674.93,0,,,36,0.926,11.7,Xiaomi,21945,22,1,0,0,,0
C103749,46,M,Казань,1281771,married,2,secondary,employed,47574,0,0,10.5,2,57025.43,1,206709.62,509.9,21,0.54,6.2,Xiaomi,21844,18,2,0,0,,0
C103750,40,M,Нижний Новгород,1229966,married,2,bachelor,employed,35187,1,0,7.2,2,11913.45,0,,534.5,13,0.688,5.3,Other,9823,21,1,0,0,,0
C103751,28,M,Москва,12185420,single,0,secondary,employed,50933,0,0,4.5,1,76980.46,1,1502258.77,601.4,26,0.852,4.4,Other,8870,25,1,1,0,,0
C103752,41,F,Челябинск,1198156,single,0,bachelor,employed,79413,0,1,10.4,1,74707.23,1,613279.31,576.4,20,0.302,4.2,Samsung,34332,6,2,0,1,2.0,0
C103753,26,M,Краснодар,1111142,married,0,bachelor,employed,34794,0,0,6.2,2,13338.01,1,407048.39,582.7,22,0.856,9.2,Other,8414,21,0,0,0,,0
C103754,46,M,Москва,13117795,married,2,secondary,employed,147019,0,1,4.7,2,218967.42,1,1117692.62,703.5,39,0.635,9.3,Apple,69656,8,1,0,0,,0
C103755,31,M,Уфа,1200383,married,2,master,employed,63353,0,0,11.3,1,69997.96,1,168873.92,686.5,29,0.9,11.5,Xiaomi,31026,5,3,1,1,0.0,1
C103756,28,M,Екатеринбург,1490540,single,0,bachelor,employed,139513,1,1,9.0,5,129258.42,1,1439762.43,673.7,43,0.973,10.8,Other,25132,15,5,0,1,0.0,1
C103757,26,M,Омск,1181242,single,0,secondary,unemployed,20147,0,0,4.4,1,13775.43,0,,460.5,6,0.787,0.5,Samsung,14581,48,2,0,0,,0
C103758,18,M,Челябинск,1211820,single,0,bachelor,self_employed,88963,0,0,0.0,1,119139.34,1,1883368.95,572.0,39,0.873,7.6,Samsung,32499,22,0,1,0,,0
C103759,57,M,Краснодар,1095094,married,3,bachelor,employed,56850,1,0,8.7,2,18937.89,0,,553.2,10,0.24,0.2,Samsung,27820,35,2,0,0,,0
C103760,54,M,Санкт-Петербург,5728933,married,0,secondary,employed,86790,0,1,8.6,3,32978.63,0,,665.5,28,0.624,2.2,Samsung,57745,15,4,0,1,0.0,0
C103761,70,M,Краснодар,1135245,married,1,bachelor,employed,57609,0,0,8.4,4,74329.52,1,644549.36,655.8,17,0.437,2.5,Huawei,30768,1,5,0,1,0.0,0
C103762,51,M,Самара,1113715,married,3,secondary,employed,47923,0,0,9.6,1,26766.22,1,183932.8,649.1,15,0.537,1.3,Huawei,20308,7,1,0,0,,0
C103763,20,M,Москва,12927882,single,0,bachelor,self_employed,127394,0,0,2.0,2,39912.39,0,,,41,0.92,19.9,Apple,86521,37,4,0,1,1.0,1
C103764,26,M,Нижний Новгород,1216986,married,3,master,employed,99227,0,0,4.7,4,74480.38,0,,570.9,38,0.844,4.5,Samsung,54347,8,1,0,1,0.0,1
C103765,31,F,Ростов-на-Дону,1189940,single,0,bachelor,employed,81595,0,0,13.0,3,76359.08,1,548889.03,614.3,37,0.926,22.0,Samsung,43509,30,5,1,0,,1
C103766,37,M,Санкт-Петербург,5415489,single,0,bachelor,employed,134014,1,1,4.9,1,354656.37,1,3524448.34,715.5,45,0.786,6.0,Apple,100365,23,2,0,1,0.0,1
C103767,30,M,Уфа,1127757,single,0,bachelor,employed,55270,0,0,0.8,1,10730.43,0,,608.0,24,0.785,5.4,Xiaomi,35485,4,0,0,0,,0
C103768,25,M,Новосибирск,1581225,single,0,secondary,employed,31347,0,0,7.0,3,10454.09,0,,557.2,24,0.946,13.1,Other,8447,11,0,0,0,,0
C103769,67,F,Новосибирск,1699748,married,2,secondary,self_employed,54893,1,0,12.6,2,209771.54,1,1003466.44,559.6,7,0.119,0.5,Google,53075,30,4,0,1,0.0,0
C103770,36,M,Нижний Новгород,1239453,single,1,secondary,self_employed,34573,0,0,9.0,2,22104.39,1,63487.18,569.2,7,0.537,4.0,Huawei,11246,11,2,1,0,,0
C103771,42,F,Челябинск,1200410,married,1,bachelor,unemployed,21289,0,0,4.9,3,7298.79,1,446072.35,525.3,6,0.675,2.7,Xiaomi,12270,12,1,0,0,,0
C103772,46,F,Санкт-Петербург,5302089,married,5,bachelor,employed,120119,1,1,5.5,2,199852.09,1,1738782.09,672.1,43,0.865,2.3,Xiaomi,49143,8,1,0,1,0.0,1
C103773,50,M,Самара,1170603,married,1,bachelor,employed,55732,0,1,4.7,2,30381.02,1,1195461.62,590.8,14,0.468,2.3,Huawei,13127,11,2,0,0,,0
C103774,55,M,Санкт-Петербург,5266656,single,0,secondary,employed,69652,1,0,3.5,1,52601.21,1,557385.59,580.2,17,0.48,0.2,Apple,117519,0,0,0,0,,0
C103775,60,M,Новосибирск,1750669,married,2,bachelor,employed,140352,1,1,11.0,4,154804.39,1,495849.24,803.1,26,0.424,1.9,Huawei,43588,12,4,0,1,1.0,1
C103776,52,M,Санкт-Петербург,5403061,married,3,secondary,unemployed,35939,1,1,11.6,2,10262.86,1,391235.34,534.8,11,0.581,2.2,Huawei,20060,33,1,0,0,,0
C103777,53,F,Краснодар,1115807,single,0,secondary,employed,50893,0,0,10.3,3,27023.78,0,,667.8,24,0.628,0.9,Huawei,10669,48,2,1,0,,0
C103778,24,M,Новосибирск,1589245,single,0,secondary,employed,31952,0,0,5.8,1,9987.8,0,,572.0,12,0.876,5.2,Other,4749,33,1,0,0,,0
C103779,58,M,Самара,1163085,married,1,bachelor,employed,70613,1,0,8.9,4,55100.44,1,1347034.17,626.8,20,0.399,1.5,Xiaomi,27507,3,1,0,1,1.0,0
C103780,29,F,Ростов-на-Дону,1137413,married,1,bachelor,employed,75886,0,0,5.8,3,29458.73,1,398816.92,665.7,35,0.852,3.1,Other,21553,15,4,0,0,,0
C103781,33,M,Краснодар,1097324,single,0,bachelor,employed,94314,0,1,3.3,1,63764.3,0,,,49,0.923,12.3,Xiaomi,39815,11,1,0,0,,0
C103782,22,F,Нижний Новгород,1256502,single,1,bachelor,employed,68585,1,0,4.0,3,31588.19,0,,671.7,26,0.968,8.4,Other,11208,7,0,0,0,,0
C103783,31,F,Ростов-на-Дону,1145846,married,1,bachelor,employed,29888,1,0,1.0,1,15811.0,0,,,17,0.863,3.5,Other,5995,15,3,0,0,,0
C103784,27,F,Уфа,1184156,single,0,secondary,self_employed,28583,0,0,4.9,1,12263.0,0,,556.0,19,0.921,2.3,OnePlus,19345,36,1,0,0,,0
C103785,32,F,Москва,12840655,single,1,bachelor,employed,105357,1,0,11.0,2,37205.55,0,,691.9,44,0.927,8.7,Huawei,38298,14,4,0,1,2.0,1
C103786,47,M,Ростов-на-Дону,1166441,married,3,bachelor,employed,56686,1,0,12.9,2,123232.27,1,863050.17,589.5,17,0.55,3.2,Samsung,47967,25,0,0,0,,0
C103787,46,F,Нижний Новгород,1163217,married,2,bachelor,employed,69153,0,0,1.2,2,159336.46,1,723824.7,,26,0.658,4.7,Huawei,31716,13,2,0,0,,0
C103788,28,M,Ростов-на-Дону,1139590,single,0,secondary,self_employed,47022,0,0,0.9,1,47747.63,1,366507.09,716.9,23,0.866,4.8,Xiaomi,20242,31,0,1,0,,0
C103789,36,F,Ростов-на-Дону,1128237,single,0,bachelor,employed,161500,1,0,1.5,3,258343.96,1,2430578.59,639.8,41,0.771,7.8,Samsung,97293,1,3,1,0,,1
C103790,38,M,Самара,1137408,single,2,bachelor,employed,52957,1,0,13.4,2,42253.54,0,,515.3,19,0.599,4.5,Xiaomi,13529,10,3,1,1,1.0,0
C103791,33,M,Казань,1342451,single,0,secondary,employed,31856,0,0,15.0,4,60822.84,1,717926.55,558.2,23,0.826,1.2,Xiaomi,11207,41,2,0,0,,0
C103792,39,F,Москва,13280974,married,2,bachelor,employed,143428,0,1,2.3,2,388890.99,1,1279777.23,699.3,29,0.766,12.1,Apple,99528,11,3,0,1,0.0,1
C103793,18,M,Самара,1120944,single,0,bachelor,employed,29333,0,0,0.0,1,11614.42,0,,,14,0.745,,Xiaomi,12747,42,0,0,1,0.0,0
C103794,48,M,Нижний Новгород,1270387,single,0,secondary,employed,58816,0,1,3.1,2,74996.82,0,,,23,0.789,6.3,Xiaomi,24601,11,3,0,1,3.0,0
C103795,50,F,Москва,12562355,single,0,master,employed,152001,1,1,3.2,3,420206.51,1,3262613.48,781.0,41,0.826,8.0,Apple,94243,7,5,1,1,0.0,1
C103796,32,M,Санкт-Петербург,5159980,single,1,bachelor,employed,50199,0,0,14.0,4,47736.88,0,,553.1,15,0.621,0.4,Samsung,41016,14,5,0,1,0.0,0
C103797,26,F,Нижний Новгород,1253459,married,1,secondary,employed,13755,0,0,1.6,1,4776.23,0,,,4,0.922,1.2,Other,4413,47,0,0,0,,0
C103798,30,M,Челябинск,1176957,single,0,bachelor,employed,48142,0,0,10.3,2,26944.68,0,,636.3,18,0.822,4.6,Apple,71856,32,3,0,0,,0
C103799,46,F,Москва,11965345,single,0,secondary,self_employed,162982,1,0,10.8,3,166288.36,0,,803.1,41,0.827,1.1,Huawei,58298,13,5,1,1,2.0,1
C103800,37,M,Самара,1194570,married,3,secondary,employed,23427,0,0,8.3,1,17775.91,1,120348.4,415.2,16,0.916,6.0,Xiaomi,11093,48,0,0,1,0.0,0
C103801,30,M,Ростов-на-Дону,1041675,single,0,master,employed,147864,1,0,0.4,4,152466.14,1,2292539.3,666.1,59,0.969,12.0,Huawei,50292,14,6,1,0,,1
C103802,66,M,Самара,1206274,divorced,0,master,self_employed,137114,1,1,1.8,2,347967.6,1,1307747.98,709.4,25,0.321,,Samsung,68713,5,3,0,1,2.0,1
C103803,39,F,Самара,1140596,single,0,secondary,employed,61781,0,0,0.6,2,47429.75,0,,553.8,22,0.872,6.4,Huawei,26243,26,0,0,0,,0
C103804,33,F,Омск,1086128,single,0,bachelor,self_employed,42483,0,0,8.9,2,15803.78,1,191930.12,576.7,29,0.842,7.0,Samsung,36046,15,0,0,0,,0
C103805,42,F,Екатеринбург,1581319,married,0,bachelor,employed,87356,1,1,5.1,5,76887.19,1,272984.72,656.9,18,0.607,10.0,Xiaomi,17740,48,4,1,1,3.0,1
C103806,42,F,Москва,12688276,married,3,master,employed,138900,0,0,11.4,3,102824.51,1,463355.75,706.4,39,0.836,0.9,Samsung,53484,18,6,0,0,,0
C103807,68,M,Санкт-Петербург,5364383,married,2,master,self_employed,47540,0,1,5.0,2,55114.97,1,528856.28,604.7,8,0.232,2.0,Samsung,23441,15,2,0,0,,0
C103808,68,F,Москва,12994566,married,0,master,self_employed,125011,0,1,8.6,1,376125.68,0,,661.5,27,0.455,3.1,Huawei,37868,14,1,1,1,2.0,0
C103809,34,M,Санкт-Петербург,5334486,single,0,secondary,self_employed,193158,0,1,4.6,4,184341.51,1,1773651.39,746.1,54,0.955,7.4,Apple,111377,4,4,0,1,0.0,1
C103810,22,M,Нижний Новгород,1211514,single,0,master,employed,44114,0,0,4.0,3,22344.21,0,,553.9,14,0.863,2.6,Google,50102,7,1,1,0,,0
C103811,38,F,Москва,12825577,married,1,secondary,self_employed,217109,1,1,8.0,3,159245.74,0,,637.3,47,0.942,6.4,Apple,109888,8,3,0,1,2.0,1
C103812,40,M,Омск,1130602,married,1,secondary,employed,60216,0,0,6.1,2,82720.82,1,1082939.52,626.4,13,0.632,5.8,Samsung,62068,16,3,0,0,,0
C103813,27,M,Санкт-Петербург,5550872,single,0,bachelor,employed,27873,0,0,7.1,3,9170.01,0,,555.0,14,0.84,5.9,Xiaomi,12419,4,1,0,0,,0
C103814,61,F,Москва,12568058,married,3,master,employed,185654,1,0,3.0,4,234002.36,1,2216548.24,801.6,33,0.5,,Samsung,90845,9,5,1,1,0.0,1
C103815,28,F,Санкт-Петербург,5319992,single,0,bachelor,employed,181596,1,0,3.2,3,79692.63,1,1172699.07,661.7,48,0.964,17.0,Samsung,59807,19,5,0,0,,1
C103816,31,F,Екатеринбург,1504780,married,1,bachelor,employed,70719,0,0,4.4,5,53709.66,1,619064.5,623.2,21,0.738,2.7,Samsung,55780,24,1,0,1,0.0,1
C103817,51,F,Самара,1158615,married,1,bachelor,employed,97896,1,1,7.1,2,86916.36,1,427109.84,620.6,27,0.687,2.1,Google,50966,25,3,1,1,1.0,1
C103818,29,M,Ростов-на-Дону,1151934,single,1,bachelor,employed,94916,1,0,4.1,3,40436.86,0,,657.0,25,0.933,5.0,Samsung,81216,14,6,0,0,,1
C103819,33,M,Уфа,1199086,married,0,bachelor,employed,62482,1,1,10.2,1,109004.02,1,1959664.06,569.6,17,0.691,2.0,Xiaomi,16985,20,3,1,0,,0
C103820,34,F,Самара,1166087,married,2,secondary,employed,64112,0,1,6.6,3,110625.78,0,,602.2,34,0.866,6.4,Samsung,34313,8,2,1,1,1.0,1
C103821,23,M,Ростов-на-Дону,1125371,single,0,secondary,employed,20092,0,0,5.0,1,5171.85,0,,472.5,2,0.504,4.3,Xiaomi,9803,48,1,0,0,,0
C103822,36,F,Ростов-на-Дону,1191220,single,0,bachelor,self_employed,58087,0,0,10.7,2,39790.19,1,564198.74,640.5,24,0.624,1.4,Xiaomi,26304,13,0,0,0,,0
C103823,59,F,Казань,1324064,married,2,bachelor,employed,115601,1,0,9.6,1,293396.35,0,,651.6,25,0.61,0.6,Apple,86781,9,4,0,1,0.0,1
C103824,39,F,Омск,1096064,single,0,bachelor,employed,77722,0,0,1.6,2,53914.76,0,,,22,0.626,1.4,Apple,69853,28,2,0,0,,0
C103825,32,M,Санкт-Петербург,5551284,single,0,master,employed,128877,0,0,10.8,2,99060.1,0,,663.7,52,0.912,6.0,Other,14797,20,4,0,0,,0
C103826,67,M,Уфа,1133670,married,0,master,employed,61129,1,1,8.3,1,56300.85,1,391731.52,666.4,13,0.423,3.5,Xiaomi,21746,2,1,0,1,0.0,0
C103827,40,M,Москва,12697702,married,0,bachelor,employed,234688,1,1,14.4,6,2080864.96,1,4435194.25,837.6,43,0.976,3.5,Apple,90541,13,4,0,1,0.0,1
C103828,71,M,Казань,1265716,married,1,bachelor,employed,36245,0,1,6.4,3,30966.41,0,,574.2,2,0.136,0.3,Other,10040,33,3,0,1,0.0,0
C103829,31,F,Челябинск,1188110,married,0,master,self_employed,100303,1,1,11.9,4,36845.1,1,336842.43,717.6,40,0.887,9.9,Huawei,29008,28,6,1,1,0.0,1
C103830,65,F,Москва,12647775,married,1,secondary,self_employed,70550,0,1,10.6,2,53884.76,1,2908949.82,697.7,18,0.445,1.8,Apple,62553,12,1,0,1,0.0,0
C103831,27,F,Новосибирск,1605452,single,0,bachelor,employed,46031,0,0,5.2,4,97741.34,1,246719.67,635.5,10,0.413,4.6,Xiaomi,13088,39,1,0,1,0.0,0
C103832,71,M,Нижний Новгород,1219106,married,3,secondary,employed,22556,0,0,5.6,1,4268.37,0,,452.7,2,0.101,0.3,Other,5257,35,2,0,0,,0
C103833,31,F,Москва,12674175,single,0,bachelor,self_employed,86222,0,0,5.6,4,122109.06,0,,616.1,37,0.916,7.7,Samsung,45655,12,2,0,1,2.0,1
C103834,32,M,Ростов-на-Дону,1092940,single,0,secondary,employed,42944,0,0,3.5,1,11782.62,0,,481.2,18,0.718,4.7,Apple,27813,38,0,1,1,1.0,0
C103835,19,F,Москва,12728585,single,0,bachelor,employed,101343,1,0,1.0,1,61380.17,0,,609.7,28,0.849,1.5,Huawei,15286,30,2,1,1,2.0,0
C103836,37,M,Уфа,1087872,single,0,master,employed,86047,0,1,8.1,4,33620.11,0,,635.1,29,0.743,4.4,Apple,102800,7,1,0,1,1.0,1
C103837,32,M,Москва,13031502,single,1,secondary,self_employed,71412,0,0,3.5,1,46885.28,1,1889884.33,591.8,34,0.951,3.9,Xiaomi,32226,15,1,1,0,,0
C103838,32,M,Челябинск,1226062,single,0,bachelor,employed,109711,1,0,8.1,3,183452.78,0,,586.9,41,0.973,7.5,Other,10981,14,3,0,1,0.0,0
C103839,37,M,Москва,12559947,married,0,bachelor,employed,89270,1,0,16.9,4,440613.05,1,777626.24,757.9,32,0.903,14.1,Samsung,40589,24,5,0,0,,1
C103840,59,F,Уфа,1161763,married,2,secondary,employed,54729,0,1,1.6,2,52256.27,1,998558.77,576.7,12,0.713,0.6,Samsung,36498,12,1,0,0,,0
C103841,40,M,Омск,1081464,married,5,bachelor,employed,112671,0,0,6.6,4,94965.87,1,2054872.31,678.3,37,0.778,9.4,Apple,132756,2,4,0,0,,1
C103842,37,F,Челябинск,1233520,single,0,master,employed,183854,1,1,5.9,3,200876.59,1,1435493.03,850.0,38,0.87,7.3,Apple,149412,3,4,0,0,,1
C103843,34,F,Екатеринбург,1433895,single,0,bachelor,employed,119307,1,1,14.4,2,204552.63,1,258519.02,639.6,29,0.759,10.1,Apple,92098,5,2,1,0,,1
C103844,42,F,Самара,1151191,single,1,master,self_employed,133572,1,1,6.0,6,123903.2,1,1850009.89,736.9,38,0.929,10.2,Apple,75922,11,4,0,1,0.0,1
C103845,34,F,Новосибирск,1704690,married,1,secondary,employed,106332,0,0,6.6,2,67731.98,0,,694.0,33,0.737,5.5,Huawei,28938,8,4,0,1,0.0,0
C103846,24,M,Уфа,1197966,single,0,bachelor,employed,25177,0,0,2.6,1,14639.34,0,,,7,0.73,4.8,Xiaomi,15248,37,3,0,0,,0
C103847,35,F,Ростов-на-Дону,1199487,single,0,master,employed,78374,0,0,1.0,2,94410.8,1,297447.96,681.6,19,0.542,2.5,Samsung,35257,23,1,0,1,3.0,0
C103848,32,M,Челябинск,1173982,married,0,master,employed,73351,0,0,2.2,2,34177.79,1,599120.3,710.0,30,0.803,2.7,Apple,56463,48,3,1,0,,0
C103849,45,M,Москва,13120446,single,0,secondary,employed,62022,0,0,1.4,1,69021.49,0,,,29,0.908,1.9,Xiaomi,23494,7,1,0,0,,0
C103850,30,M,Москва,13271452,single,0,bachelor,employed,107719,0,0,5.3,4,221645.09,0,,652.5,34,0.872,3.7,OnePlus,42590,28,4,0,1,0.0,1
C103851,23,F,Екатеринбург,1504453,single,0,master,employed,65284,1,0,5.0,2,97711.23,1,774066.35,666.3,29,0.96,4.5,Huawei,16505,13,0,0,1,1.0,0
C103852,25,M,Санкт-Петербург,5245178,single,1,master,employed,73712,0,0,2.8,3,37861.72,1,192077.8,633.8,32,0.839,3.7,Xiaomi,27091,14,2,0,0,,0
C103853,42,F,Казань,1313949,married,3,bachelor,employed,96193,1,1,3.6,2,69089.62,1,755604.38,746.3,37,0.812,5.0,Xiaomi,34708,20,1,0,1,1.0,0
C103854,43,F,Новосибирск,1622983,married,4,secondary,employed,48933,1,1,5.1,1,15521.76,1,103680.57,629.0,7,0.52,0.9,Huawei,24787,16,2,0,0,,0
C103855,24,F,Ростов-на-Дону,1147651,single,0,master,employed,64069,0,0,6.0,1,81665.67,1,884914.96,623.6,43,0.96,5.2,Xiaomi,24215,19,2,0,1,0.0,0
C103856,28,M,Челябинск,1138698,single,0,master,employed,120773,1,0,5.4,2,110661.56,1,812284.78,653.5,25,0.662,1.1,Samsung,91723,7,4,0,1,0.0,1
C103857,37,F,Уфа,1196234,married,1,bachelor,employed,35321,0,1,2.1,3,23260.82,0,,606.5,10,0.792,3.4,Xiaomi,30651,2,2,1,1,2.0,1
C103858,36,M,Краснодар,1080963,single,0,bachelor,employed,78947,1,0,17.9,1,170368.42,1,1266160.38,697.9,37,0.897,7.0,Huawei,37093,23,3,0,1,0.0,1
C103859,23,F,Краснодар,1099208,single,0,secondary,employed,47398,0,0,5.0,1,51292.71,1,372932.83,520.2,26,0.855,3.3,Xiaomi,24959,4,1,0,0,,0
C103860,29,F,Москва,12612151,single,0,bachelor,self_employed,97538,0,0,3.1,3,96270.68,0,,708.1,38,0.914,2.7,Other,17717,29,7,0,0,,0
C103861,55,F,Москва,13292494,married,5,bachelor,employed,106308,1,1,12.8,3,84408.25,1,957449.34,683.3,32,0.799,0.3,Samsung,47076,18,1,0,1,0.0,0
C103862,51,M,Новосибирск,1640592,married,1,phd,self_employed,156932,1,1,26.1,3,272465.8,0,,759.8,46,0.941,1.5,Samsung,82353,7,1,1,1,0.0,1
C103863,34,M,Москва,13176547,single,0,master,employed,200628,1,0,6.2,1,85867.19,0,,749.0,44,0.744,3.0,Apple,143058,2,4,0,0,,1
C103864,44,M,Москва,13257076,single,0,master,employed,132476,1,0,3.2,4,151965.47,0,,702.3,22,0.568,2.7,OnePlus,39872,36,1,0,1,0.0,0
C103865,36,F,Москва,12832637,married,2,master,employed,264177,1,1,8.1,4,495630.04,1,7805382.27,709.6,41,0.973,3.8,Apple,149412,1,4,0,1,0.0,1
C103866,18,M,Ростов-на-Дону,1147409,single,0,bachelor,employed,102776,0,0,0.0,2,92970.93,1,664961.98,643.1,30,0.981,6.3,Apple,111765,10,5,0,0,,1
C103867,48,M,Москва,12466467,married,2,secondary,employed,152064,1,0,10.2,6,207606.44,1,1656041.67,745.7,41,0.903,3.3,Samsung,79284,15,5,1,1,2.0,1
C103868,36,F,Самара,1129743,single,0,bachelor,self_employed,63953,0,0,13.4,4,44553.69,0,,723.7,28,0.937,3.1,Xiaomi,24113,6,1,0,0,,0
C103869,36,F,Москва,12554234,married,0,secondary,employed,85585,0,0,7.0,3,44786.4,1,1314249.81,656.6,18,0.589,1.7,Samsung,33999,47,5,1,1,0.0,0
C103870,23,F,Новосибирск,1591729,single,0,bachelor,employed,102946,0,0,1.1,2,47436.07,1,1358240.71,691.6,43,0.914,9.4,Xiaomi,49827,6,1,1,0,,1
C103871,37,F,Самара,1133312,single,0,bachelor,employed,99097,0,0,7.4,5,66657.24,1,495251.38,675.3,36,0.682,2.5,Samsung,36409,46,5,1,1,2.0,1
C103872,51,M,Ростов-на-Дону,1093712,married,4,secondary,employed,92357,1,1,4.8,6,107561.24,1,1202187.3,715.3,29,0.661,10.3,Apple,112897,28,4,0,1,0.0,1
C103873,40,F,Нижний Новгород,1143274,single,0,master,self_employed,94445,1,0,4.2,6,157685.85,0,,726.5,21,0.548,0.8,Xiaomi,32675,5,5,0,1,0.0,1
C103874,33,F,Уфа,1106900,married,3,bachelor,self_employed,71788,0,0,11.6,2,167463.88,1,1457278.47,653.3,28,0.779,2.7,Xiaomi,22215,20,1,0,0,,0
C103875,51,M,Москва,13055198,single,0,bachelor,self_employed,191447,1,0,6.1,2,116835.96,1,1145354.76,850.0,32,0.784,1.3,Samsung,84268,2,6,1,0,,1
C103876,62,F,Казань,1279038,married,5,secondary,employed,29589,1,1,4.5,1,53293.59,1,185216.24,664.6,2,0.471,2.1,Other,8997,21,0,0,0,,0
C103877,31,M,Уфа,1156721,married,0,master,self_employed,91566,1,1,13.0,1,100241.65,0,,720.9,25,0.961,6.6,Xiaomi,11692,47,2,0,1,0.0,0
C103878,32,M,Уфа,1135682,single,0,master,employed,91291,1,0,3.6,3,108391.65,1,1972996.08,,38,0.881,1.9,Samsung,48359,14,0,1,0,,0
C103879,34,F,Уфа,1180334,married,1,bachelor,employed,26801,0,0,2.9,1,13290.99,0,,,2,0.353,2.2,Xiaomi,11320,12,0,1,0,,0
C103880,45,F,Омск,1108185,married,3,master,employed,162562,1,1,5.4,1,248258.43,1,1170907.55,632.6,41,0.739,1.6,Apple,87835,7,1,0,1,1.0,1
C103881,33,F,Новосибирск,1532854,single,0,bachelor,employed,27336,0,0,5.8,2,6072.44,0,,442.9,12,0.67,4.1,Huawei,16456,10,1,0,0,,0
C103882,26,F,Москва,12483731,single,0,master,employed,108742,0,0,8.0,7,170532.86,1,433245.05,646.6,35,0.692,1.7,Xiaomi,22256,16,8,0,1,1.0,0
C103883,56,F,Казань,1324650,divorced,2,bachelor,self_employed,123332,1,0,13.7,2,95371.5,1,2858551.18,624.8,46,0.783,7.2,Apple,133215,5,2,0,1,0.0,1
C103884,40,F,Санкт-Петербург,5628099,married,0,secondary,employed,55000,0,1,7.8,1,22699.5,0,,515.3,30,0.781,4.1,Apple,73277,11,4,0,0,,0
C103885,64,F,Уфа,1145044,married,2,secondary,employed,35007,1,0,8.9,2,29508.01,1,284438.8,666.5,2,0.179,0.2,Other,7292,12,1,0,0,,0
C103886,33,F,Ростов-на-Дону,1128649,married,1,secondary,employed,31794,0,0,13.9,1,15049.0,0,,502.2,11,0.555,1.8,Samsung,21111,23,1,0,0,,0
C103887,46,F,Санкт-Петербург,5389479,married,1,phd,employed,61885,0,0,2.2,1,85555.9,1,849034.51,582.0,22,0.764,2.7,Xiaomi,20393,8,3,0,0,,0
C103888,68,M,Екатеринбург,1446556,married,1,bachelor,employed,49931,0,0,3.5,3,42168.31,1,618521.05,574.4,7,0.229,2.4,Other,12100,13,4,0,1,0.0,0
C103889,18,M,Ростов-на-Дону,1101796,single,0,bachelor,employed,39247,1,0,0.0,1,13491.58,1,395662.02,535.3,12,0.928,2.9,Xiaomi,19888,19,2,0,0,,0
C103890,47,M,Москва,12911602,married,1,master,self_employed,220180,1,1,21.1,3,395598.69,0,,721.8,41,0.497,6.5,Apple,104259,3,4,0,0,,1
C103891,28,F,Краснодар,1046945,single,0,bachelor,self_employed,59223,0,0,6.3,4,79619.77,0,,584.5,32,0.91,4.4,Apple,54675,17,3,0,0,,0
C103892,72,M,Москва,12338002,married,2,bachelor,unemployed,66676,0,1,7.6,4,114710.71,0,,689.5,22,0.701,0.9,Samsung,57654,20,3,1,0,,0
C103893,19,F,Москва,12518289,single,0,bachelor,employed,307304,1,1,1.0,2,590551.87,0,,,49,0.98,1.9,Apple,149412,11,5,1,0,,1
C103894,29,F,Москва,12235720,single,0,secondary,employed,110206,1,0,1.5,3,127735.3,0,,613.0,31,0.748,1.0,Xiaomi,35625,26,3,1,1,1.0,1
C103895,45,M,Самара,1159941,single,0,bachelor,employed,54570,0,0,2.7,2,30937.61,1,825912.86,594.5,16,0.491,1.2,Xiaomi,28560,3,0,0,0,,0
C103896,60,M,Новосибирск,1683461,single,0,master,self_employed,88053,0,0,3.5,5,51879.42,0,,657.2,19,0.478,,Xiaomi,25100,3,2,0,0,,0
C103897,53,F,Челябинск,1189474,single,0,secondary,employed,74270,0,1,2.6,2,81829.48,1,1271540.13,688.2,22,0.662,,Samsung,49981,21,3,0,0,,0
C103898,23,F,Москва,13192422,single,0,bachelor,employed,247767,1,0,5.0,6,739635.56,1,2620129.57,792.4,52,0.896,4.7,Apple,149412,8,8,1,0,,1
C103899,45,F,Омск,1144968,married,2,secondary,employed,51398,0,0,3.6,2,57800.56,1,519987.35,596.2,12,0.44,1.8,Xiaomi,23787,30,3,0,0,,0
C103900,44,F,Новосибирск,1608535,married,3,secondary,self_employed,68652,1,0,15.6,1,68889.74,1,130787.25,578.3,20,0.778,3.1,Samsung,27220,27,2,1,0,,0
C103901,41,F,Москва,12650592,married,1,bachelor,employed,79190,0,0,2.9,1,58334.33,0,,,29,0.745,3.0,Xiaomi,29029,10,0,0,0,,0
C103902,54,F,Омск,1134063,single,1,secondary,employed,38855,0,0,3.5,1,20357.08,0,,575.2,15,0.492,3.5,Xiaomi,14852,25,1,0,0,,0
C103903,63,F,Екатеринбург,1561396,married,3,secondary,employed,46312,1,1,10.7,1,34366.11,1,533337.24,640.8,5,0.23,0.3,Xiaomi,20844,17,2,0,0,,0
C103904,34,M,Москва,13229687,single,0,bachelor,employed,124508,0,0,0.3,4,301089.15,1,5448957.7,629.6,30,0.891,2.6,Xiaomi,53051,6,2,0,1,0.0,1
C103905,56,F,Казань,1312202,married,3,bachelor,employed,40898,0,0,4.2,4,40243.95,0,,606.7,5,0.38,0.2,Xiaomi,10489,38,5,1,1,0.0,0
C103906,72,F,Москва,12445738,married,3,secondary,employed,69131,1,1,4.2,3,118295.12,1,107377.49,629.4,22,0.568,0.4,Huawei,22802,22,3,1,1,0.0,0
C103907,64,F,Уфа,1094229,married,1,secondary,employed,32352,0,1,8.9,1,7191.69,0,,592.6,2,0.235,0.3,Xiaomi,21809,12,1,0,1,0.0,0
C103908,36,F,Казань,1365156,single,0,master,employed,153540,1,0,2.0,7,464600.32,1,1567189.47,781.8,47,0.72,2.3,Apple,114571,5,7,1,1,1.0,1
C103909,72,M,Екатеринбург,1490611,married,1,secondary,employed,36126,0,0,10.7,1,16561.97,1,162518.9,604.5,2,0.292,0.1,Xiaomi,16871,30,3,0,0,,0
C103910,37,F,Омск,1172757,single,1,bachelor,employed,56974,0,0,3.3,1,30511.99,1,1155439.79,535.8,12,0.53,0.9,Other,6505,35,1,0,1,0.0,0
C103911,26,F,Москва,12963025,single,1,bachelor,employed,82889,0,1,8.0,1,61131.28,0,,633.8,25,0.949,9.2,Samsung,45508,28,2,0,0,,0
C103912,48,M,Москва,12402368,married,1,master,self_employed,168149,1,1,5.5,2,73164.55,1,2318826.49,719.0,34,0.717,12.5,Apple,149412,6,3,0,1,0.0,1
C103913,44,M,Уфа,1113469,single,0,secondary,employed,61447,0,1,17.4,3,27291.35,0,,729.5,30,0.862,8.7,Apple,83476,10,2,0,0,,1
C103914,44,M,Санкт-Петербург,5288476,married,5,bachelor,employed,74554,1,0,8.3,2,30536.62,1,934227.35,539.1,17,0.563,2.9,Xiaomi,24239,26,0,0,0,,0
C103915,29,M,Омск,1154111,single,0,phd,self_employed,130042,1,0,6.3,4,175750.39,1,3914548.36,708.4,44,0.745,5.2,Apple,90745,17,8,0,1,2.0,1
C103916,64,F,Уфа,1078958,married,2,bachelor,employed,122562,0,1,7.5,2,100459.21,1,664490.13,620.3,20,0.304,3.3,Samsung,63353,42,3,0,1,0.0,0
C103917,43,M,Казань,1328998,single,0,bachelor,employed,51988,0,0,4.7,3,18007.11,1,455877.61,700.9,19,0.679,3.0,Apple,62420,30,2,0,0,,0
C103918,35,M,Ростов-на-Дону,1145786,married,1,secondary,employed,20775,0,0,2.0,1,8031.09,0,,506.1,13,0.869,4.1,Other,4147,24,0,0,0,,0
C103919,54,M,Москва,12827107,divorced,2,master,employed,147437,1,0,8.3,2,115241.34,0,,689.8,33,0.754,2.5,Samsung,62248,10,5,1,1,2.0,1
C103920,23,M,Санкт-Петербург,5393827,married,1,master,employed,39566,0,0,5.0,2,23323.5,1,536061.04,623.6,24,0.949,3.4,Xiaomi,10561,18,4,1,0,,0
C103921,67,M,Самара,1190774,single,0,secondary,self_employed,18621,0,0,17.5,1,16537.54,0,,631.3,2,0.145,0.3,Other,7263,23,0,0,0,,0
C103922,25,M,Новосибирск,1607484,married,1,bachelor,employed,108758,0,1,7.0,3,202854.97,0,,637.7,37,0.988,5.8,Apple,84116,4,7,0,1,1.0,1
C103923,49,F,Челябинск,1134807,married,1,bachelor,employed,106717,1,0,6.4,2,79222.41,0,,683.0,22,0.702,0.9,Other,14254,9,0,0,1,0.0,0
C103924,26,M,Москва,12579497,single,0,master,employed,130053,1,1,1.3,2,266830.17,1,1260679.44,636.2,37,0.893,12.8,Apple,101205,4,5,1,0,,1
C103925,45,M,Москва,12584238,single,0,bachelor,unemployed,41607,0,0,2.3,3,14023.06,1,578590.57,572.8,14,0.53,3.5,Xiaomi,15507,9,0,0,0,,0
C103926,31,F,Москва,12938536,single,0,master,employed,383071,1,1,13.0,2,509168.52,1,11127026.14,700.0,57,0.973,4.7,Apple,149412,4,3,0,1,0.0,1
C103927,34,F,Москва,12572444,single,0,master,employed,77794,0,0,12.5,1,55519.77,0,,642.8,34,0.913,5.7,Other,15635,28,4,0,0,,0
C103928,52,M,Краснодар,1048188,married,0,secondary,employed,16568,0,0,8.2,1,12244.74,0,,421.9,2,0.499,0.9,Other,5129,48,1,0,0,,0
C103929,43,M,Краснодар,1124850,married,2,bachelor,employed,43934,0,1,10.3,3,33631.37,1,451327.34,546.9,19,0.667,3.9,Xiaomi,5771,48,2,0,0,,0
C103930,47,F,Уфа,1117630,single,0,bachelor,self_employed,63928,1,1,5.1,3,17801.35,1,441389.16,568.3,24,0.5,2.3,Other,9751,9,1,0,1,0.0,0
C103931,33,F,Санкт-Петербург,5474528,single,0,bachelor,employed,42955,0,0,0.8,1,109891.04,0,,,6,0.33,0.1,Xiaomi,22859,12,0,0,0,,0
C103932,33,F,Екатеринбург,1456485,single,1,bachelor,employed,36449,0,1,15.0,5,65000.25,1,250661.07,624.3,16,0.877,1.1,Xiaomi,11117,17,1,0,0,,0
C103933,51,F,Ростов-на-Дону,1177353,married,5,secondary,self_employed,96239,0,1,17.0,2,39100.49,1,3094994.85,692.8,22,0.426,4.4,Samsung,39782,37,1,0,1,1.0,0
C103934,43,M,Екатеринбург,1463432,married,3,secondary,employed,42434,0,0,7.6,3,35349.8,0,,671.9,14,0.747,6.0,Xiaomi,18694,48,2,1,0,,0
C103935,59,M,Челябинск,1205027,single,0,secondary,employed,34017,0,1,7.3,1,74397.49,0,,657.4,20,0.7,1.8,Huawei,11815,45,1,0,0,,0
C103936,52,M,Ростов-на-Дону,1160931,married,2,bachelor,employed,73823,1,1,2.0,3,93483.43,0,,,21,0.426,,Other,9163,24,5,0,1,1.0,0
C103937,46,F,Казань,1323143,married,1,master,employed,417589,1,1,3.3,2,1331586.61,1,11378458.86,742.0,47,0.949,5.5,Apple,149412,10,3,1,0,,1
C103938,53,M,Самара,1117822,married,5,master,employed,185888,1,0,7.2,3,237870.93,1,2011442.78,743.7,36,0.502,,Apple,149412,15,4,0,1,0.0,1
C103939,67,F,Краснодар,1038268,married,0,bachelor,employed,68408,1,1,2.7,3,247674.59,0,,566.8,19,0.453,0.4,Samsung,40268,25,2,0,0,,0
C103940,28,M,Новосибирск,1581705,single,0,bachelor,employed,32468,0,0,7.0,1,8673.31,1,570780.15,654.9,20,0.996,9.9,Xiaomi,12469,48,1,0,0,,0
C103941,72,F,Москва,12395281,single,3,bachelor,employed,162356,1,1,5.1,3,332312.37,1,1312744.29,778.1,22,0.512,9.7,OnePlus,65101,7,1,0,1,2.0,1
C103942,38,F,Москва,12466531,married,1,master,employed,184953,1,0,1.9,1,152967.25,1,4516454.84,,33,0.605,1.8,Samsung,118711,6,0,0,1,1.0,1
C103943,31,F,Омск,1156983,single,0,phd,employed,112300,0,1,13.0,1,268840.96,0,,727.5,33,0.681,5.6,Apple,129633,38,4,0,0,,1
C103944,36,F,Челябинск,1140775,single,1,bachelor,employed,79173,1,0,4.3,2,57558.12,1,735877.86,657.1,23,0.684,7.1,Other,22480,7,3,0,0,,0
C103945,29,M,Санкт-Петербург,5328430,single,0,master,employed,109573,1,0,7.9,1,41629.79,1,394802.3,699.2,35,0.948,5.3,Xiaomi,27171,26,4,0,0,,0
C103946,37,F,Новосибирск,1722494,married,0,master,employed,90605,0,0,4.5,1,66411.47,1,836489.2,653.3,22,0.534,11.0,Huawei,19365,23,3,0,1,1.0,0
C103947,58,F,Краснодар,1070374,married,3,bachelor,employed,70026,1,0,1.5,1,38751.57,0,,,19,0.405,2.8,Samsung,52174,10,3,0,1,1.0,0
C103948,38,F,Омск,1168541,married,0,bachelor,employed,34881,1,0,6.1,3,15603.96,1,990306.85,559.8,19,0.712,10.1,Xiaomi,22182,8,2,0,0,,0
C103949,58,F,Санкт-Петербург,5252696,married,3,secondary,employed,96735,1,1,4.0,3,90473.35,0,,625.8,39,0.727,4.4,Samsung,54857,9,6,0,0,,0
C103950,28,F,Москва,12331388,single,0,bachelor,employed,177306,1,1,9.3,4,706758.78,0,,661.6,57,0.998,3.6,Xiaomi,26676,12,6,1,0,,1
C103951,35,F,Омск,1109764,single,1,bachelor,employed,28921,0,0,17.0,2,18671.52,0,,562.8,11,0.515,2.8,Xiaomi,10070,44,2,0,0,,0
C103952,65,M,Екатеринбург,1497308,married,5,bachelor,employed,34324,1,0,4.4,1,34944.98,1,451170.46,517.5,3,0.182,0.4,Huawei,17317,16,0,0,1,1.0,0
C103953,28,M,Омск,1113209,single,0,master,employed,123720,1,1,4.8,2,160532.0,1,2965462.79,763.8,49,0.893,3.2,Samsung,79364,1,6,1,1,0.0,1
C103954,44,M,Санкт-Петербург,5371205,single,0,bachelor,employed,96883,1,1,13.5,3,119294.94,1,854086.1,725.5,26,0.733,1.0,Samsung,73992,11,5,1,0,,1
C103955,39,F,Самара,1154000,single,1,master,employed,282570,1,1,4.6,5,203689.56,1,1502175.96,766.0,55,0.829,17.6,Apple,133670,21,3,1,1,2.0,1
C103956,49,F,Нижний Новгород,1234790,married,3,secondary,employed,85735,1,1,7.9,2,158725.56,1,839480.25,592.9,30,0.746,3.7,Samsung,34669,22,0,0,0,,0
C103957,60,M,Санкт-Петербург,5614586,married,3,bachelor,employed,86076,1,1,3.5,2,116792.26,1,385633.96,554.2,18,0.549,,Other,20558,12,1,0,1,0.0,0
C103958,44,F,Екатеринбург,1467021,married,2,bachelor,employed,174059,1,1,23.0,5,167390.81,1,4379569.73,732.6,36,0.606,4.1,Samsung,105130,11,6,0,1,0.0,1
C103959,28,M,Челябинск,1216950,single,0,secondary,employed,11830,0,0,10.0,1,3797.47,0,,385.3,2,0.435,1.0,Xiaomi,13673,16,1,0,0,,0
C103960,54,M,Нижний Новгород,1217154,married,1,bachelor,self_employed,89777,1,1,1.9,4,117885.65,0,,620.5,37,0.804,5.9,Huawei,20984,48,3,1,1,1.0,1
C103961,38,F,Ростов-на-Дону,1130293,single,0,bachelor,employed,64001,1,0,1.8,3,44787.39,1,478799.17,616.4,18,0.689,5.7,Huawei,20751,37,2,1,1,1.0,0
C103962,40,M,Санкт-Петербург,5397085,married,4,master,employed,101851,1,1,2.1,2,115590.12,1,364843.54,689.2,24,0.846,3.4,Huawei,27265,23,2,0,1,1.0,0
C103963,35,M,Омск,1127034,married,0,secondary,employed,99127,1,0,0.8,4,412809.06,1,405238.96,692.8,34,0.879,7.0,Samsung,56667,18,5,0,1,1.0,1
C103964,64,M,Омск,1116355,married,2,secondary,employed,57057,0,1,2.7,3,27944.68,0,,525.4,8,0.31,,Huawei,19884,16,4,1,0,,0
C103965,35,F,Нижний Новгород,1214989,single,0,master,employed,118770,0,0,3.3,1,134364.52,1,2187929.24,751.8,24,0.804,3.5,Apple,106020,10,3,0,1,0.0,1
C103966,36,F,Санкт-Петербург,5228537,married,0,secondary,employed,49417,0,0,8.5,2,24140.32,0,,593.0,24,0.65,2.9,Apple,62020,7,4,1,0,,0
C103967,30,F,Екатеринбург,1494165,married,2,bachelor,employed,109142,0,0,1.2,2,126479.04,1,913541.81,692.8,36,0.87,9.7,Xiaomi,29225,3,1,1,0,,1
C103968,67,M,Казань,1285393,married,3,secondary,employed,41019,1,1,7.9,3,52233.69,1,402292.06,685.4,2,0.188,0.7,Huawei,9632,42,2,0,0,,1
C103969,22,F,Санкт-Петербург,5576636,single,0,master,self_employed,308603,1,0,0.8,2,370191.74,1,4305661.31,674.0,50,0.973,8.9,Apple,141130,4,6,1,1,2.0,1
C103970,38,F,Санкт-Петербург,5344040,married,1,bachelor,employed,145463,1,1,12.0,3,232542.2,1,723764.4,731.9,41,0.883,3.9,Apple,78879,5,4,1,1,0.0,1
C103971,46,M,Нижний Новгород,1198397,married,1,bachelor,employed,62679,0,0,8.9,2,35663.77,0,,604.7,22,0.576,1.6,Other,10244,35,0,0,0,,0
C103972,51,F,Нижний Новгород,1238634,single,1,secondary,employed,65535,1,0,7.9,1,208073.36,0,,574.2,22,0.631,2.9,Xiaomi,13642,48,1,0,0,,0
C103973,28,F,Казань,1371554,single,1,secondary,employed,39281,0,0,3.1,1,23708.53,1,655775.19,602.8,17,0.849,4.8,Google,28922,11,1,0,0,,0
C103974,35,M,Новосибирск,1663401,single,0,bachelor,employed,144673,1,1,3.1,7,210550.36,1,4030887.06,645.6,22,0.348,4.2,Samsung,67954,11,5,1,1,0.0,1
C103975,41,M,Москва,12863962,single,0,bachelor,self_employed,197752,1,1,2.1,4,395923.96,0,,,50,0.758,3.1,Apple,83997,11,6,0,1,0.0,1
C103976,62,M,Москва,12807211,married,1,master,employed,117894,1,1,18.1,6,717716.78,1,1385784.82,779.1,10,0.307,0.9,Samsung,48334,27,4,1,1,0.0,1
C103977,32,F,Екатеринбург,1499929,single,0,bachelor,employed,44322,0,1,7.4,1,47150.99,0,,445.0,15,0.692,8.3,Xiaomi,18116,19,1,0,0,,0
C103978,33,M,Челябинск,1178092,married,1,secondary,employed,25784,0,1,1.9,1,14895.44,1,375221.52,613.4,14,0.729,1.1,Samsung,17829,35,0,0,1,0.0,0
C103979,65,F,Москва,12946885,married,5,secondary,employed,50256,0,1,6.7,4,70575.29,1,1454889.14,607.3,13,0.425,1.7,Other,5974,36,4,1,1,0.0,0
C103980,39,F,Уфа,1117950,married,1,bachelor,employed,106968,0,0,0.5,1,74317.79,1,962969.74,553.6,25,0.542,5.1,Apple,127840,14,2,0,0,,0
C103981,61,M,Ростов-на-Дону,1129650,single,0,bachelor,employed,33532,0,0,12.7,5,12162.92,0,,440.2,6,0.124,0.3,Other,7215,9,6,0,0,,0
C103982,25,M,Москва,13174443,single,0,bachelor,employed,80150,0,0,3.8,1,68912.63,0,,555.0,29,0.832,15.1,Samsung,38549,31,2,1,0,,0
C103983,47,F,Москва,13012656,single,1,bachelor,employed,149361,1,1,15.2,1,145919.78,1,500684.62,809.8,40,0.831,12.9,Huawei,64152,13,1,1,1,0.0,1
C103984,66,F,Москва,12801105,single,0,secondary,employed,35638,0,0,6.8,3,6424.75,1,720985.77,534.1,9,0.52,4.3,Other,9640,9,0,1,0,,0
C103985,31,F,Челябинск,1191606,single,0,bachelor,self_employed,63792,0,0,7.1,2,33251.13,0,,576.8,17,0.575,1.1,Xiaomi,8772,42,1,0,0,,0
C103986,40,F,Челябинск,1134726,single,0,bachelor,employed,44514,0,0,14.3,2,27986.33,0,,667.1,14,0.792,0.8,Xiaomi,10140,31,4,0,0,,0
C103987,55,F,Москва,12650854,married,2,master,employed,216731,0,1,2.9,4,610913.24,0,,687.2,53,0.99,8.0,Samsung,100260,31,9,1,1,0.0,1
C103988,55,F,Краснодар,1148966,married,3,bachelor,employed,37083,0,0,6.5,3,41242.69,1,393211.66,587.9,4,0.305,0.9,Other,8963,24,4,1,1,0.0,0
C103989,28,F,Уфа,1121608,single,0,bachelor,employed,133119,1,1,3.6,2,149553.55,1,961935.98,707.8,43,0.985,3.1,Huawei,29428,9,6,1,0,,1
C103990,39,F,Омск,1107735,single,0,secondary,employed,95092,0,0,5.4,3,114372.05,1,1636792.94,619.0,23,0.705,4.1,Samsung,75099,20,3,0,0,,0
C103991,67,F,Санкт-Петербург,5284315,married,5,bachelor,employed,67131,1,0,4.2,2,53466.69,1,1854502.59,558.3,18,0.51,3.4,Xiaomi,23731,26,0,0,1,1.0,0
C103992,33,F,Казань,1361476,single,0,secondary,self_employed,65377,0,0,11.6,2,34628.14,1,780280.52,,19,0.686,5.8,Samsung,70216,5,5,0,0,,0
C103993,39,M,Нижний Новгород,1180191,single,1,bachelor,employed,62944,0,1,8.3,2,27230.73,0,,618.4,32,0.928,2.9,Apple,77612,33,1,0,0,,0
C103994,64,M,Краснодар,1108094,married,1,secondary,employed,67316,0,1,14.1,3,240685.03,0,,573.6,20,0.599,1.0,Huawei,39563,4,2,0,0,,0
C103995,65,M,Новосибирск,1641338,married,0,master,employed,61806,0,0,3.8,2,48401.34,1,963719.07,641.7,8,0.18,2.9,Huawei,25226,34,2,0,0,,0
C103996,37,F,Самара,1157582,single,0,bachelor,employed,82571,1,0,6.1,1,130283.75,1,107451.64,662.4,31,0.74,10.6,Xiaomi,20639,26,4,0,0,,0
C103997,38,F,Самара,1153996,single,1,bachelor,employed,94514,0,1,9.8,3,201129.4,1,1687879.49,727.9,26,0.893,5.8,Xiaomi,26249,19,4,0,1,1.0,1
C103998,30,F,Москва,12402246,single,0,master,employed,111802,1,1,4.6,2,52071.4,1,579884.15,773.7,35,0.978,4.1,Apple,53405,17,4,1,0,,1
C103999,69,F,Санкт-Петербург,5259799,married,1,bachelor,employed,143064,1,1,1.0,3,153476.95,1,3673865.78,723.9,32,0.648,4.3,Samsung,86692,21,5,0,0,,0
C104000,20,F,Москва,12107057,single,0,secondary,employed,107890,1,0,2.0,2,51019.79,1,2724987.82,681.8,33,0.921,4.9,Apple,107227,21,4,1,1,1.0,1
C104001,71,M,Екатеринбург,1592112,single,0,secondary,employed,32183,0,0,11.0,3,20073.39,0,,510.7,2,0.122,0.2,Huawei,27053,9,1,0,0,,0
C104002,35,M,Самара,1131382,single,2,bachelor,employed,73502,1,0,8.6,2,112100.6,1,702879.58,634.3,29,0.763,3.8,Xiaomi,15868,42,3,0,0,,0
C104003,62,F,Челябинск,1207830,married,1,secondary,employed,23727,0,0,16.0,4,11570.28,0,,435.1,2,0.339,,Xiaomi,15993,20,1,1,0,,0
C104004,46,M,Челябинск,1170013,single,1,master,employed,133707,0,0,5.5,3,153073.49,1,2631388.47,745.7,35,0.742,29.1,Apple,61316,24,3,1,1,1.0,1
C104005,50,F,Москва,12697344,married,1,secondary,employed,139166,1,1,11.3,5,48377.94,1,3625735.45,623.7,36,0.676,13.3,Xiaomi,43196,15,3,0,1,0.0,1
C104006,31,F,Новосибирск,1689476,married,3,bachelor,employed,203334,1,0,4.0,4,705165.31,1,1464230.71,707.7,25,0.501,7.6,Apple,140548,36,3,0,1,0.0,1
C104007,28,M,Омск,1063557,single,0,bachelor,employed,38590,0,0,7.9,1,10312.06,0,,657.2,19,0.954,2.7,Xiaomi,9841,19,3,0,0,,0
C104008,25,M,Самара,1130585,single,0,bachelor,employed,47802,0,0,4.6,3,12415.78,1,214493.61,590.2,17,0.844,6.1,Apple,83959,18,4,0,0,,0
C104009,56,M,Москва,12270741,single,1,master,self_employed,146522,1,1,11.1,2,203505.78,1,379572.06,736.5,32,0.637,1.4,Huawei,22715,30,2,0,1,0.0,0
C104010,55,M,Нижний Новгород,1130682,single,0,bachelor,self_employed,140307,0,0,6.2,2,123560.09,1,2129684.87,655.5,39,0.617,12.6,Apple,122827,4,2,1,0,,1
C104011,36,M,Москва,12804102,single,2,bachelor,unemployed,36283,0,1,4.8,4,15923.39,0,,520.9,12,0.628,2.1,Other,7000,48,3,0,0,,0
C104012,24,F,Нижний Новгород,1340067,single,0,secondary,employed,27549,0,0,6.0,1,20588.8,0,,576.9,13,0.922,2.2,Xiaomi,13531,21,1,0,0,,0
C104013,39,F,Челябинск,1159938,single,0,bachelor,employed,57658,1,0,0.4,4,15109.92,1,179224.21,569.4,12,0.375,3.3,Xiaomi,28634,5,4,0,0,,0
C104014,27,F,Челябинск,1180421,single,0,bachelor,employed,155217,1,1,2.1,1,138054.52,0,,731.1,50,0.916,4.6,Apple,113810,10,1,0,1,1.0,1
C104015,28,M,Ростов-на-Дону,1161180,single,0,master,employed,123251,1,0,10.0,2,88126.6,1,1107151.99,636.2,48,0.945,12.6,Huawei,41108,1,1,0,1,1.0,1
C104016,33,M,Челябинск,1287924,married,0,master,self_employed,125578,0,1,7.5,3,134302.41,1,2453160.22,718.4,39,0.674,17.0,Apple,93270,26,1,0,1,1.0,1
C104017,66,F,Ростов-на-Дону,1235816,married,2,bachelor,employed,28814,0,1,6.4,1,19244.92,0,,563.2,2,0.3,0.4,Other,8237,29,4,0,1,0.0,0
C104018,32,M,Казань,1165119,single,0,secondary,unemployed,17551,0,0,4.5,1,16384.29,0,,569.9,5,0.731,3.9,Xiaomi,10350,33,0,0,0,,0
C104019,30,M,Москва,12524618,single,0,secondary,employed,120438,1,0,6.5,3,124218.04,1,4531397.18,717.8,48,0.942,7.8,Apple,92867,15,2,1,1,0.0,1
C104020,23,M,Нижний Новгород,1205930,single,0,bachelor,employed,76292,0,0,3.7,2,53951.48,0,,590.9,23,0.9,4.1,Xiaomi,25909,4,2,1,0,,0
C104021,53,F,Нижний Новгород,1260693,married,4,bachelor,employed,80268,0,1,3.4,1,79677.04,1,352842.97,684.7,21,0.573,5.3,Samsung,52965,19,4,1,1,1.0,1
C104022,38,F,Новосибирск,1683944,single,0,secondary,employed,64629,1,0,20.0,5,59388.04,1,562963.97,623.8,14,0.538,1.5,Xiaomi,12189,48,6,0,0,,0
C104023,22,M,Новосибирск,1662080,single,0,master,self_employed,132996,1,0,4.0,5,234382.13,1,2831216.35,738.7,52,0.957,18.6,Apple,69995,25,6,1,0,,1
C104024,29,F,Екатеринбург,1522285,married,1,bachelor,employed,43040,0,0,1.5,1,9863.1,0,,588.0,20,0.739,3.7,Other,9183,29,2,0,0,,0
C104025,64,F,Краснодар,1159406,married,2,secondary,self_employed,45385,0,0,15.1,3,33781.61,0,,558.4,3,0.219,0.8,Xiaomi,14151,48,2,0,1,1.0,0
C104026,23,F,Москва,12448515,single,0,master,employed,132240,1,0,3.1,3,134144.26,1,1965598.79,766.4,41,0.854,14.4,Xiaomi,28475,7,1,0,0,,0
C104027,54,F,Санкт-Петербург,5294004,married,1,secondary,employed,61221,0,1,10.0,2,102138.38,1,2757915.1,605.3,23,0.663,5.4,Huawei,22577,22,3,0,0,,0
C104028,37,M,Санкт-Петербург,5473143,married,1,secondary,employed,74166,0,0,11.3,1,43352.37,0,,530.0,25,0.774,1.4,Other,12822,4,2,0,1,2.0,0
C104029,44,M,Москва,12970916,single,0,bachelor,self_employed,316363,1,1,12.4,2,600088.02,0,,800.9,45,0.565,1.2,Huawei,56051,23,6,0,1,0.0,1
C104030,64,M,Омск,1114335,single,2,secondary,employed,16398,0,0,1.5,1,4088.24,0,,,4,0.039,,Other,5802,48,0,0,0,,0
C104031,26,F,Санкт-Петербург,5429043,single,0,bachelor,employed,46329,0,0,8.0,2,31885.62,0,,692.6,24,0.855,6.7,Xiaomi,14473,16,2,0,1,0.0,0
C104032,38,M,Москва,12659394,single,0,secondary,employed,129821,1,0,17.9,4,174166.64,1,2394467.2,685.8,43,0.899,6.7,Huawei,28339,19,0,0,1,0.0,0
C104033,62,M,Москва,12155565,married,0,bachelor,employed,144401,0,1,5.5,4,220764.51,1,2842799.24,669.0,36,0.577,2.5,Apple,149412,3,2,1,1,0.0,1
C104034,51,F,Москва,12469077,married,2,bachelor,employed,111926,1,1,3.3,1,236601.54,1,2098028.66,572.2,28,0.626,6.8,Samsung,53717,13,2,0,1,1.0,0
C104035,37,M,Новосибирск,1689367,married,2,secondary,employed,27660,0,0,12.2,2,21540.48,1,81693.91,657.1,8,0.837,2.2,Samsung,45841,36,3,0,0,,0
C104036,31,F,Москва,12842239,single,0,bachelor,self_employed,138331,0,0,11.7,6,106585.33,1,2206035.24,727.4,48,0.989,11.4,Huawei,42406,11,3,0,0,,1
C104037,36,M,Москва,13668836,married,2,secondary,self_employed,122079,1,1,3.9,1,99388.66,1,2450441.53,692.2,24,0.626,19.8,Samsung,60510,8,1,1,1,0.0,1
C104038,29,F,Омск,1120422,single,0,master,employed,55672,0,0,2.2,3,34701.71,1,1026950.24,523.5,23,0.701,4.2,Huawei,21936,17,1,0,1,3.0,0
C104039,64,M,Нижний Новгород,1202828,married,4,secondary,employed,39794,0,0,10.3,1,25346.58,1,241723.22,642.3,7,0.445,0.4,Other,5586,48,3,0,0,,0
C104040,24,M,Уфа,1162620,married,0,master,employed,55543,0,0,6.0,2,118422.93,0,,654.7,17,0.844,2.2,Xiaomi,14862,18,1,0,1,0.0,0
C104041,30,M,Казань,1242263,single,0,master,employed,129394,1,0,3.3,3,112172.84,1,8344332.21,642.9,32,0.951,7.5,Samsung,85554,7,5,1,0,,1
C104042,36,M,Ростов-на-Дону,1121969,single,0,secondary,employed,50946,0,0,15.4,2,82336.78,1,512165.29,592.4,22,0.757,5.7,Samsung,48577,19,5,0,0,,0
C104043,34,M,Новосибирск,1642302,single,1,secondary,self_employed,62224,0,0,2.0,3,17155.2,1,764700.32,591.6,15,0.689,9.3,Xiaomi,31399,6,2,1,1,0.0,1
C104044,72,F,Омск,1156636,married,1,secondary,employed,59978,1,1,6.7,2,34204.65,0,,640.6,11,0.37,1.5,Other,15704,15,3,0,0,,0
C104045,57,M,Самара,1167530,married,3,secondary,employed,39676,1,0,3.1,2,62360.14,1,458661.17,728.6,6,0.381,0.5,Huawei,19163,17,3,0,1,1.0,0
C104046,69,M,Челябинск,1165515,married,2,master,employed,60726,1,1,3.5,3,97409.29,1,4326181.51,548.5,11,0.204,3.7,Samsung,44952,8,3,0,1,2.0,0
C104047,33,F,Москва,12520498,single,0,secondary,employed,144904,0,0,15.0,7,365589.42,1,1971217.85,755.5,49,0.93,14.2,Samsung,95420,4,4,1,1,0.0,1
C104048,22,F,Казань,1311697,single,0,secondary,employed,26207,0,0,4.0,1,38459.68,0,,548.5,21,0.915,3.7,Xiaomi,17034,17,3,0,1,0.0,0
C104049,27,F,Уфа,1190436,single,0,bachelor,employed,105144,0,0,9.0,6,198002.23,1,699832.82,699.7,37,0.81,5.9,Samsung,51243,18,5,0,1,1.0,1
C104050,64,F,Москва,12958531,married,1,secondary,self_employed,66277,0,0,6.1,6,27296.53,1,1728793.35,619.2,11,0.385,0.9,Samsung,22386,36,3,0,1,0.0,0
C104051,28,F,Челябинск,1202611,single,0,bachelor,employed,113089,0,0,3.2,4,382310.05,1,778984.58,590.0,38,0.796,5.7,Xiaomi,50547,6,9,1,1,0.0,1
C104052,62,M,Екатеринбург,1458483,married,1,secondary,employed,76247,0,1,8.7,2,99590.13,0,,620.2,14,0.449,3.6,Apple,56439,11,1,0,1,0.0,0
C104053,26,M,Санкт-Петербург,5527902,single,1,master,employed,140528,1,0,3.1,3,123449.55,0,,543.3,34,0.698,6.6,Samsung,32185,34,4,1,1,1.0,1
C104054,48,M,Санкт-Петербург,5362786,married,0,bachelor,self_employed,100509,1,1,0.8,1,148257.66,0,,630.3,34,0.709,5.9,Huawei,42418,13,2,0,1,0.0,0
C104055,49,M,Омск,1124373,married,0,bachelor,employed,92337,1,0,2.9,4,194433.62,0,,,25,0.666,3.2,Apple,75063,5,4,0,0,,0
C104056,50,F,Омск,1211739,single,0,bachelor,employed,80004,1,0,2.5,2,100521.95,0,,542.6,16,0.377,1.0,Xiaomi,16773,14,4,0,1,0.0,0
C104057,25,M,Нижний Новгород,1257236,single,0,bachelor,employed,56537,0,0,7.0,2,89770.82,0,,579.5,20,0.86,1.6,Other,8973,34,2,0,1,0.0,0
C104058,52,M,Москва,12846750,married,3,bachelor,self_employed,169559,1,1,10.4,5,270793.41,1,2214880.88,708.5,27,0.642,16.6,Samsung,37094,26,6,1,1,1.0,1
C104059,41,F,Краснодар,1088459,single,0,bachelor,employed,128608,1,0,2.9,4,17048.57,1,4282987.47,702.9,46,0.839,13.1,Samsung,48515,34,4,1,1,1.0,1
C104060,63,F,Челябинск,1159226,married,1,bachelor,employed,51601,0,1,2.6,1,35657.44,0,,,11,0.524,1.5,Samsung,20224,48,1,0,0,,0
C104061,27,M,Нижний Новгород,1276834,married,0,master,employed,43755,0,0,5.8,2,26320.72,1,215112.11,605.2,17,0.767,4.6,Xiaomi,13379,29,3,1,0,,0
C104062,22,M,Санкт-Петербург,5167094,single,0,bachelor,employed,64035,1,0,4.0,3,20909.35,1,1579084.47,702.7,42,0.895,6.5,Samsung,100514,13,6,0,0,,1
C104063,29,M,Москва,12418322,single,0,secondary,unemployed,42189,0,0,5.0,1,37636.68,0,,510.5,21,0.94,4.6,Xiaomi,16721,31,2,0,0,,0
C104064,59,M,Казань,1318720,married,5,phd,self_employed,66299,1,1,6.6,5,72621.37,0,,640.2,8,0.185,0.4,Xiaomi,25491,6,2,0,0,,0
C104065,34,M,Санкт-Петербург,5379882,single,0,bachelor,employed,71639,0,1,16.0,3,48775.92,0,,621.5,23,0.853,1.3,Apple,65074,11,2,1,1,1.0,1
C104066,43,F,Екатеринбург,1489136,married,3,secondary,employed,42689,0,0,4.3,2,37095.61,1,225431.21,604.8,9,0.619,6.2,Samsung,35802,42,0,0,1,1.0,0
C104067,43,M,Москва,12188466,married,2,master,self_employed,275945,1,0,1.7,3,1419082.26,1,2984621.25,,43,0.924,14.6,Apple,87016,3,5,1,1,0.0,1
C104068,30,M,Омск,1119546,single,0,bachelor,employed,58316,0,1,2.3,2,33739.64,1,1087553.87,640.8,23,0.8,1.3,Other,10114,32,0,0,0,,0
C104069,26,F,Екатеринбург,1562206,single,0,bachelor,employed,46165,1,0,7.8,3,10331.48,1,220843.36,503.5,20,0.611,3.4,Xiaomi,24046,17,4,0,0,,0
C104070,56,F,Омск,1198644,married,1,secondary,employed,26254,1,0,18.2,3,18938.86,1,529409.18,585.7,2,0.048,0.4,Other,5563,38,3,0,0,,0
C104071,51,M,Самара,1224167,married,5,secondary,employed,34282,1,0,12.6,2,9108.15,1,569739.34,561.1,11,0.487,2.3,Xiaomi,21203,6,2,1,1,1.0,0
C104072,59,F,Казань,1277581,married,1,bachelor,employed,46342,0,0,4.6,1,66355.88,0,,469.1,11,0.363,0.5,Other,13577,5,1,1,0,,0
C104073,53,F,Краснодар,1047325,married,2,bachelor,employed,55264,1,0,4.7,1,89084.12,1,1568087.06,,11,0.4,1.9,Samsung,40212,48,4,0,1,1.0,0
C104074,43,F,Екатеринбург,1483140,married,0,master,self_employed,190689,0,1,7.8,6,261352.15,1,2648626.82,759.5,45,0.9,11.8,Apple,116953,12,7,1,0,,1
C104075,32,F,Нижний Новгород,1244530,married,0,bachelor,employed,60316,1,0,7.0,4,46891.68,0,,556.9,28,0.765,17.3,Xiaomi,19280,7,3,0,1,2.0,0
C104076,27,F,Челябинск,1240276,married,0,bachelor,employed,44426,1,0,6.3,3,86394.68,1,2162716.87,581.4,25,0.903,0.9,Samsung,22673,33,4,0,0,,0
C104077,36,F,Москва,12335722,single,0,secondary,employed,37210,0,0,15.8,4,5478.65,0,,610.8,14,0.722,0.7,Huawei,20636,48,3,1,0,,0
C104078,53,M,Омск,1176865,single,0,secondary,employed,46651,1,0,7.4,2,50766.7,0,,583.6,9,0.363,2.5,Huawei,18068,16,2,1,1,0.0,0
C104079,46,M,Санкт-Петербург,5633211,married,1,bachelor,employed,235043,1,1,10.1,3,392647.59,0,,736.1,55,0.906,5.6,Samsung,66750,5,2,0,0,,1
C104080,30,M,Санкт-Петербург,5319255,single,0,secondary,self_employed,30216,0,0,12.0,2,35691.3,0,,593.4,12,0.837,2.4,Xiaomi,8663,48,1,0,0,,0
C104081,43,F,Москва,12632589,single,1,secondary,employed,258825,1,1,12.6,2,234129.57,1,5601318.41,724.9,33,0.829,14.3,Apple,116440,17,2,1,1,1.0,1
C104082,39,M,Москва,12575336,single,0,bachelor,employed,112258,0,1,2.7,3,46337.95,1,268067.92,663.8,38,0.963,3.3,OnePlus,45219,22,6,0,1,3.0,1
C104083,36,F,Омск,1104586,married,4,bachelor,employed,58021,1,0,6.6,2,249499.15,1,1105730.44,520.2,15,0.597,4.7,Other,10977,31,3,0,0,,0
C104084,35,F,Казань,1343010,single,1,secondary,employed,56319,0,0,16.3,3,70055.52,0,,596.1,29,0.885,1.9,Xiaomi,12738,24,2,0,0,,0
C104085,27,M,Краснодар,1112010,single,0,secondary,employed,55656,0,0,9.0,5,35854.74,1,265376.37,751.3,29,0.916,7.7,Huawei,19768,28,4,1,0,,0
C104086,54,M,Москва,13068655,married,3,secondary,unemployed,39842,0,0,5.9,1,36757.66,1,768442.5,511.6,5,0.294,1.6,OnePlus,19950,18,1,0,0,,0
C104087,42,F,Санкт-Петербург,5390716,single,1,bachelor,employed,172210,0,1,7.4,2,557605.07,0,,807.0,47,0.965,14.8,Other,14051,23,6,1,0,,0
C104088,34,F,Москва,12522158,single,0,bachelor,employed,63712,0,0,10.2,1,74912.32,0,,633.6,32,0.819,6.0,Apple,48878,23,3,0,1,1.0,1
C104089,57,F,Нижний Новгород,1204007,married,1,bachelor,employed,31454,0,0,4.1,2,26150.85,0,,525.9,4,0.399,0.4,Other,5011,48,3,0,0,,0
C104090,60,M,Екатеринбург,1533702,married,1,bachelor,employed,72309,1,1,3.7,1,57939.93,1,1825781.78,620.6,31,0.631,0.8,Huawei,37148,22,1,0,1,0.0,0
C104091,51,F,Самара,1159794,married,3,secondary,employed,50126,0,0,1.5,1,36545.25,0,,603.6,24,0.8,3.2,Xiaomi,20818,6,2,0,0,,0
C104092,36,M,Санкт-Петербург,5479443,married,1,master,employed,115950,1,0,2.8,1,259993.68,0,,,36,0.886,3.6,Apple,44036,48,4,0,0,,0
C104093,45,M,Казань,1271671,married,1,bachelor,employed,47898,0,0,9.7,2,96385.01,0,,608.5,21,0.526,5.0,Huawei,26923,8,2,0,0,,0
C104094,52,M,Москва,12370814,married,0,bachelor,employed,207583,1,1,9.3,3,205138.98,1,2663197.23,688.9,43,0.62,14.4,Google,61258,6,8,1,1,0.0,1
C104095,33,M,Москва,12804394,single,1,master,employed,312895,1,1,12.7,3,934912.88,0,,709.0,64,0.991,2.7,OnePlus,67025,9,8,0,1,0.0,1
C104096,34,F,Челябинск,1192939,single,0,bachelor,employed,49947,0,0,1.6,4,31929.76,0,,598.7,18,0.8,4.2,Xiaomi,20859,6,1,0,0,,0
C104097,45,M,Челябинск,1158162,married,2,master,self_employed,179005,1,1,2.4,2,754282.71,1,963202.15,690.7,35,0.816,6.3,Google,68583,7,3,0,1,1.0,1
C104098,59,F,Москва,12141365,married,3,bachelor,employed,73214,0,0,2.5,2,93754.01,0,,,27,0.818,5.1,Samsung,47862,21,1,0,0,,0
C104099,57,F,Москва,12383643,single,0,bachelor,employed,78258,0,0,22.2,3,111905.33,0,,663.8,30,0.587,5.5,Huawei,29303,16,0,0,1,0.0,0
C104100,51,F,Казань,1308043,married,1,secondary,employed,37754,0,1,6.6,2,19792.61,1,289437.46,560.6,15,0.809,4.7,Xiaomi,20204,31,1,0,0,,0
C104101,34,F,Омск,1182585,single,1,bachelor,employed,91645,1,0,5.8,2,70352.7,1,1478901.67,573.6,27,0.853,4.1,Apple,118619,9,4,0,1,1.0,1
C104102,24,F,Ростов-на-Дону,1117432,single,0,secondary,employed,28639,1,0,6.0,2,10943.96,0,,607.9,12,0.848,5.3,Samsung,30876,13,3,0,0,,0
C104103,37,M,Краснодар,1096433,single,0,master,employed,81614,0,0,6.1,2,302278.28,1,1055619.69,732.3,24,0.837,3.7,Samsung,63060,1,2,0,0,,1
C104104,32,M,Нижний Новгород,1260178,single,1,bachelor,unemployed,33247,0,0,5.7,3,9588.43,0,,617.3,16,0.715,4.0,Xiaomi,12164,47,1,1,0,,0
C104105,51,F,Омск,1091893,married,1,bachelor,self_employed,49349,1,1,12.9,3,30186.58,1,194228.41,634.4,15,0.548,1.5,Xiaomi,19772,7,3,1,0,,0
C104106,34,F,Челябинск,1181929,married,2,bachelor,self_employed,59686,0,0,0.9,1,39051.33,1,697340.38,603.5,29,0.701,5.6,Other,9395,13,3,0,0,,0
C104107,62,F,Новосибирск,1672479,married,4,bachelor,employed,61238,1,1,13.0,4,48998.02,1,1766065.45,623.9,12,0.287,2.1,Xiaomi,23701,5,2,0,1,1.0,1
C104108,47,M,Самара,1136421,married,0,bachelor,employed,143159,1,1,6.8,3,113421.01,0,,663.2,31,0.558,4.4,Apple,94078,27,4,1,1,1.0,1
C104109,37,M,Самара,1239522,single,0,secondary,employed,36865,0,0,3.5,1,8846.16,0,,442.5,12,0.64,2.5,Other,5015,38,2,0,0,,0
C104110,25,M,Москва,12425311,single,0,secondary,employed,87416,1,0,2.2,2,121192.63,0,,,28,0.912,9.3,Apple,102038,16,1,0,0,,1
C104111,34,M,Самара,1196249,single,0,bachelor,employed,48582,0,0,0.6,2,29050.91,0,,,23,0.852,5.9,Other,7535,36,3,0,0,,0
C104112,35,F,Ростов-на-Дону,1159488,single,0,secondary,employed,37357,0,0,7.6,1,14789.73,1,396681.86,481.5,24,0.692,1.7,Xiaomi,13329,29,1,0,0,,0
C104113,27,M,Краснодар,1148683,married,0,bachelor,employed,56201,0,0,9.0,2,36556.83,0,,599.9,29,0.682,13.0,Samsung,46650,20,4,0,0,,0
C104114,44,M,Санкт-Петербург,5410526,married,2,bachelor,employed,89195,0,1,1.5,1,44262.99,1,5250291.56,627.7,37,0.868,3.1,Samsung,56323,4,6,1,1,3.0,1
C104115,28,M,Уфа,1161969,single,0,secondary,employed,42427,0,0,10.0,2,30103.1,1,4342854.67,497.4,25,0.839,7.0,Xiaomi,14885,14,0,0,0,,0
C104116,31,F,Ростов-на-Дону,1149411,single,0,bachelor,self_employed,70273,0,0,6.2,1,50077.16,0,,599.4,22,0.632,3.6,Xiaomi,25470,21,3,0,0,,0
C104117,39,M,Екатеринбург,1408279,married,0,bachelor,employed,50857,1,1,6.9,2,29141.73,1,782786.13,576.3,22,0.561,5.8,Xiaomi,23443,8,5,0,1,0.0,0
C104118,24,F,Санкт-Петербург,5505614,single,0,secondary,self_employed,30198,0,0,5.3,3,34535.58,0,,460.6,10,0.832,4.3,Xiaomi,13099,15,1,1,1,0.0,0
C104119,27,F,Омск,1160330,single,0,bachelor,employed,106617,1,0,9.0,2,207452.8,1,1470060.21,655.8,43,0.786,6.8,Samsung,37341,16,3,1,1,0.0,1
C104120,33,M,Нижний Новгород,1179602,single,0,bachelor,employed,140801,0,1,5.3,3,300177.2,1,2532325.27,608.5,51,0.955,5.1,Apple,122283,19,2,1,1,1.0,1
C104121,44,F,Омск,1145507,single,0,bachelor,employed,79373,1,0,4.0,2,48012.35,1,1837294.14,692.2,29,0.538,,Other,14328,14,5,1,1,0.0,0
C104122,40,F,Екатеринбург,1459151,married,1,bachelor,employed,69295,0,1,6.5,2,92743.33,0,,656.9,23,0.771,3.5,Xiaomi,32336,10,2,0,1,0.0,0
C104123,29,M,Ростов-на-Дону,1131670,single,0,bachelor,employed,68543,1,0,9.7,1,29212.54,0,,566.6,31,0.872,1.7,Huawei,35619,26,2,0,0,,0
C104124,34,M,Казань,1296406,married,2,bachelor,employed,94489,1,0,1.7,1,33874.66,1,1398520.7,798.5,33,0.963,8.1,Samsung,52569,21,2,0,1,1.0,1
C104125,52,F,Самара,1208213,married,1,phd,employed,65783,0,1,9.4,3,52877.72,0,,624.2,13,0.413,0.4,Samsung,31269,48,2,0,0,,0
C104126,36,F,Нижний Новгород,1261625,single,1,bachelor,employed,68237,0,0,7.4,3,36954.68,0,,606.8,29,0.858,8.1,Xiaomi,33790,17,4,0,0,,0
C104127,65,F,Москва,12546191,married,2,bachelor,employed,55047,0,0,8.9,4,37596.71,0,,491.9,16,0.482,0.3,Other,7469,30,6,0,0,,0
C104128,33,M,Самара,1130634,single,0,secondary,self_employed,51121,1,0,1.8,2,56463.8,0,,,23,0.711,,Xiaomi,32524,17,3,0,0,,0
C104129,62,F,Челябинск,1146440,married,0,bachelor,employed,103441,1,1,7.2,1,244373.11,1,1016659.27,652.6,11,0.284,2.7,Apple,96393,5,4,0,0,,0
C104130,60,F,Казань,1291716,married,4,master,employed,111881,1,0,1.6,2,132487.25,0,,632.5,23,0.555,2.4,Huawei,23120,26,4,1,1,1.0,0
C104131,24,F,Краснодар,1094450,single,1,master,employed,39139,0,0,6.0,2,24184.89,0,,563.9,29,0.921,7.0,Other,7528,11,4,0,0,,0
C104132,41,M,Краснодар,1074832,married,1,bachelor,employed,84804,0,0,14.7,4,88791.26,1,1531336.53,707.0,23,0.761,3.9,Samsung,35737,27,3,0,0,,0
C104133,22,F,Казань,1312010,single,0,bachelor,employed,50042,0,0,4.0,1,12756.38,0,,572.6,22,0.805,4.9,Samsung,59731,37,0,0,0,,0
C104134,62,M,Омск,1111110,married,3,bachelor,employed,49686,1,0,5.9,1,15523.87,0,,644.8,9,0.334,,Xiaomi,35110,8,3,0,0,,0
C104135,33,F,Омск,1055063,single,0,master,employed,31447,0,0,15.0,2,26818.97,0,,602.4,18,0.866,14.2,Xiaomi,18937,37,3,0,1,0.0,0
C104136,35,F,Нижний Новгород,1200801,married,2,master,self_employed,155527,1,1,17.0,4,150308.53,1,717927.31,642.1,44,0.837,0.2,Samsung,70699,9,7,0,1,0.0,1
C104137,44,F,Санкт-Петербург,5581502,single,0,bachelor,employed,172903,1,1,14.8,3,150266.02,1,1487088.43,683.4,48,0.962,4.1,Xiaomi,23775,34,6,1,1,0.0,1
C104138,23,F,Челябинск,1152523,single,0,secondary,employed,23063,0,0,5.0,2,5618.34,0,,474.8,13,0.711,1.4,Xiaomi,8126,38,2,0,0,,0
C104139,50,F,Екатеринбург,1516536,married,1,secondary,employed,109913,0,1,11.4,2,53046.83,1,7738912.17,662.0,24,0.469,3.5,Apple,67259,19,2,0,1,1.0,0
C104140,38,M,Москва,12996367,single,0,bachelor,employed,42310,0,0,19.7,3,28725.99,1,262187.17,520.6,13,0.823,1.1,Xiaomi,18997,18,1,0,0,,0
C104141,26,M,Нижний Новгород,1265816,single,0,bachelor,self_employed,179002,1,0,6.9,4,142008.99,1,1528812.23,767.6,39,0.66,5.1,Apple,136093,9,7,0,1,0.0,1
C104142,31,M,Казань,1290656,married,0,secondary,employed,36421,0,0,9.6,3,11881.26,1,342480.36,575.8,13,0.73,3.4,Xiaomi,10278,48,2,0,0,,0
C104143,62,M,Санкт-Петербург,5452236,married,1,secondary,employed,105131,1,1,1.7,5,211807.32,0,,697.7,25,0.539,12.4,Samsung,63943,10,0,0,1,1.0,1
C104144,37,M,Екатеринбург,1538941,single,0,bachelor,self_employed,102828,0,1,4.7,2,211166.49,0,,664.0,38,0.917,3.1,Xiaomi,54519,2,0,0,1,0.0,1
C104145,24,F,Челябинск,1165667,single,0,bachelor,employed,58045,0,1,4.1,3,9845.28,1,382099.87,651.0,36,0.903,14.8,Huawei,28800,22,1,0,0,,0
C104146,53,F,Санкт-Петербург,5418137,married,4,secondary,employed,115658,1,1,11.0,1,281215.66,1,862392.51,,31,0.589,1.2,Apple,61994,21,0,0,1,1.0,0
C104147,59,F,Казань,1328857,married,1,secondary,employed,41189,0,0,13.7,4,68206.13,1,926824.78,633.2,2,0.221,0.8,Xiaomi,19974,18,1,0,0,,0
C104148,64,M,Екатеринбург,1500825,married,0,secondary,employed,27383,1,1,3.2,1,15086.38,0,,,2,0.357,1.4,Xiaomi,12572,46,0,0,0,,0
C104149,38,F,Москва,12282769,married,0,bachelor,employed,304361,0,1,2.1,1,539627.95,1,2651147.74,771.3,39,0.783,3.4,Apple,149412,7,1,0,1,0.0,1
C104150,48,F,Новосибирск,1598120,married,1,secondary,employed,55845,0,0,1.3,1,14426.41,0,,662.5,24,0.817,6.8,Xiaomi,15195,45,0,0,0,,0
C104151,40,M,Новосибирск,1645321,single,0,secondary,employed,24057,0,1,10.5,2,6525.04,0,,527.0,5,0.582,4.0,Xiaomi,13107,29,1,0,1,0.0,0
C104152,30,F,Краснодар,1095152,single,0,bachelor,self_employed,81026,0,0,12.0,2,198525.58,1,1294920.46,756.6,19,0.918,5.1,Samsung,25808,45,1,0,0,,0
C104153,32,F,Омск,1151313,single,0,bachelor,employed,131141,1,0,6.4,1,125586.21,1,1692293.22,774.2,32,0.771,9.7,Apple,56079,28,3,1,1,0.0,1
C104154,44,F,Ростов-на-Дону,1140307,married,3,bachelor,employed,162339,1,1,4.1,1,351059.27,1,1982734.64,614.6,37,0.834,1.7,Samsung,92358,10,4,0,0,,1
C104155,38,M,Санкт-Петербург,5579849,single,1,bachelor,employed,85791,0,1,10.3,1,109487.25,1,731315.93,651.2,35,0.874,5.5,Huawei,37172,5,1,1,1,1.0,1
C104156,26,M,Омск,1125881,single,0,master,employed,48120,0,1,8.0,3,32350.58,1,403296.98,652.8,18,0.683,0.5,Xiaomi,12886,18,1,0,0,,0
C104157,48,M,Нижний Новгород,1238746,single,1,bachelor,employed,67369,0,0,7.6,1,55543.77,0,,517.5,24,0.683,2.4,Samsung,74534,7,3,0,0,,0
C104158,21,M,Санкт-Петербург,5417215,single,1,master,employed,79258,1,0,3.0,2,96354.34,1,367638.98,631.3,27,0.905,13.2,Xiaomi,28457,2,3,0,1,0.0,1
C104159,61,M,Санкт-Петербург,5357057,married,0,bachelor,self_employed,206966,1,1,3.0,1,234153.95,1,2091387.29,723.2,51,0.76,3.1,Other,30552,8,3,0,1,0.0,0
C104160,52,M,Новосибирск,1682987,married,2,master,employed,81545,1,1,3.9,3,90638.72,1,368577.26,743.7,21,0.512,4.0,Samsung,64031,1,5,0,1,2.0,1
C104161,24,M,Омск,1091776,single,0,bachelor,employed,29946,0,0,3.4,1,20756.61,0,,542.7,16,0.797,2.8,Other,4358,33,2,0,0,,0
C104162,37,F,Уфа,1096886,married,1,master,self_employed,89749,1,0,10.1,2,54165.4,1,2288115.85,704.6,26,0.807,8.4,Samsung,72798,10,2,0,1,1.0,1
C104163,44,M,Санкт-Петербург,5567355,single,0,bachelor,employed,98982,1,0,6.6,3,142690.03,0,,733.1,39,0.84,3.9,Xiaomi,27442,33,5,0,1,0.0,0
C104164,29,F,Новосибирск,1563924,married,1,bachelor,employed,47801,0,0,11.0,1,34077.66,0,,475.0,33,0.869,14.4,Xiaomi,19441,48,3,0,0,,0
C104165,49,F,Уфа,1124864,single,2,bachelor,employed,104884,1,0,6.9,2,123159.86,0,,627.2,18,0.348,3.8,Xiaomi,14590,29,2,0,0,,0
C104166,38,M,Санкт-Петербург,5303164,married,2,bachelor,employed,125964,1,1,20.0,6,61295.75,1,769940.93,788.9,33,0.573,1.4,Other,16010,5,5,1,1,1.0,1
C104167,59,M,Нижний Новгород,1298944,married,2,master,employed,63014,0,0,7.7,1,42831.2,1,760809.06,640.1,9,0.509,3.5,Samsung,40806,39,0,0,1,0.0,0
C104168,66,F,Омск,1135710,married,3,bachelor,employed,151130,1,1,6.0,2,275942.68,1,2561125.72,675.9,31,0.734,1.8,Samsung,44753,22,4,0,1,0.0,0
C104169,26,M,Москва,11884316,single,0,secondary,employed,96132,0,0,8.0,2,18435.45,1,1236708.38,690.0,36,0.895,7.9,Apple,71383,7,5,1,1,0.0,1
C104170,56,M,Самара,1081390,married,1,secondary,employed,32771,0,0,5.4,1,21323.51,1,451829.72,578.6,3,0.412,,Xiaomi,16723,10,1,0,0,,0
C104171,32,F,Москва,12550090,single,0,bachelor,employed,76554,0,1,13.9,3,24862.12,1,995599.09,577.5,36,0.934,7.4,Huawei,17798,19,4,0,0,,0
C104172,33,M,Нижний Новгород,1228015,single,1,bachelor,employed,41348,0,0,3.9,2,26866.4,0,,559.3,15,0.754,8.4,Other,16207,12,2,0,0,,0
C104173,39,M,Челябинск,1211454,married,3,secondary,employed,47313,0,0,4.8,2,49493.91,0,,543.9,28,0.872,5.7,Huawei,15882,16,1,1,1,1.0,0
C104174,61,F,Санкт-Петербург,5440341,married,0,bachelor,employed,77757,1,1,6.3,2,87161.83,1,123086.44,550.4,34,0.859,3.8,Apple,83379,8,2,0,1,0.0,1
C104175,24,M,Санкт-Петербург,5118447,single,0,bachelor,employed,51160,0,0,6.0,2,32706.79,1,612096.55,569.9,29,0.861,8.2,Xiaomi,40251,5,2,0,0,,0
C104176,38,M,Самара,1149035,married,2,secondary,employed,89142,0,0,5.8,5,117274.28,1,907494.25,770.8,29,0.751,21.1,Samsung,50349,19,3,0,0,,1
C104177,50,F,Москва,12536873,married,1,secondary,employed,95544,0,1,4.1,2,172163.62,1,1511315.9,559.8,36,0.795,4.6,Samsung,64810,7,2,0,0,,0
C104178,51,M,Москва,13342725,married,0,bachelor,employed,151483,1,1,1.1,3,669266.21,1,2739669.0,601.3,43,0.588,10.1,Apple,86159,32,4,1,1,3.0,1
C104179,48,F,Москва,12398114,single,0,secondary,self_employed,187769,1,0,1.8,1,516975.58,0,,,28,0.581,1.6,Samsung,113284,5,2,1,1,0.0,1
C104180,44,M,Челябинск,1203193,married,1,secondary,employed,47461,1,0,0.7,1,22961.44,0,,,13,0.463,3.4,Other,10766,48,2,0,0,,0
C104181,65,F,Челябинск,1220839,married,2,master,employed,119811,1,1,5.5,4,157031.91,0,,712.6,18,0.501,2.4,Huawei,39323,2,3,0,1,0.0,0
C104182,40,F,Уфа,1120444,single,1,bachelor,employed,148115,1,1,4.7,3,172296.33,1,1881435.1,654.7,42,0.949,6.2,Other,14573,12,4,1,1,0.0,1
C104183,33,F,Омск,1098217,single,0,secondary,employed,35988,0,0,10.3,3,19864.68,1,249386.18,549.7,14,0.756,3.4,Xiaomi,14078,32,3,0,0,,0
C104184,41,F,Омск,1140309,married,1,bachelor,employed,110362,1,0,7.7,2,437823.39,1,620931.53,605.1,35,0.957,2.5,Xiaomi,32771,18,7,1,1,2.0,1
C104185,30,M,Самара,1094454,single,1,secondary,employed,31049,0,0,6.5,1,38736.72,0,,,12,0.786,4.8,Samsung,30556,10,2,0,0,,0
C104186,62,F,Казань,1331266,married,5,bachelor,employed,84158,0,1,8.0,3,154316.49,1,252841.84,715.5,17,0.449,1.8,Xiaomi,14747,43,2,1,0,,0
C104187,33,F,Казань,1369034,married,2,master,employed,84165,0,0,7.3,2,160946.61,1,1512636.48,555.9,36,0.869,5.6,Xiaomi,31442,7,5,1,1,0.0,1
C104188,43,M,Челябинск,1106414,married,2,bachelor,employed,132835,1,1,5.3,2,242531.69,1,451407.99,666.2,27,0.642,4.2,Samsung,86070,2,2,0,1,0.0,1
C104189,32,M,Ростов-на-Дону,1164730,single,0,bachelor,employed,89051,0,1,1.5,3,57583.0,0,,603.0,32,0.643,2.6,Huawei,23453,33,3,0,1,0.0,0
C104190,45,F,Уфа,1177558,married,4,secondary,self_employed,37537,0,0,14.2,1,7477.59,0,,591.5,20,0.857,6.6,Xiaomi,21566,5,2,0,0,,0
C104191,46,F,Екатеринбург,1513274,married,4,bachelor,employed,85159,0,1,4.3,7,157911.84,1,1065492.1,731.7,18,0.582,1.6,Google,69268,11,1,1,1,0.0,1
C104192,59,F,Челябинск,1218168,single,0,secondary,self_employed,37835,0,0,11.3,3,14592.02,1,454622.61,616.5,7,0.4,2.8,Samsung,27152,42,1,0,0,,0
C104193,26,M,Новосибирск,1680940,single,0,secondary,self_employed,96979,0,0,4.6,6,72038.68,1,582958.81,,37,0.946,6.5,Apple,82765,12,6,1,1,0.0,1
C104194,61,M,Уфа,1176462,married,4,bachelor,employed,147017,0,1,8.2,2,202855.44,1,2800559.25,635.0,32,0.806,2.1,Other,13381,17,2,0,0,,0
C104195,47,M,Екатеринбург,1442398,married,2,secondary,employed,103822,1,1,3.4,3,216941.33,1,5752019.42,612.3,28,0.468,2.2,Samsung,47871,29,5,1,0,,0
C104196,33,M,Краснодар,1106507,single,0,bachelor,employed,79461,1,1,4.6,4,153885.1,1,1536181.79,647.8,31,0.81,6.7,Xiaomi,19024,38,2,0,1,2.0,0
C104197,34,M,Уфа,1144569,single,0,master,employed,68758,1,0,9.1,4,51292.92,1,244634.85,670.1,24,0.728,6.4,Samsung,43291,19,6,1,1,0.0,1
C104198,38,F,Челябинск,1112960,single,1,master,employed,84782,0,1,2.9,1,76367.63,1,1774746.36,572.5,34,0.815,0.7,Samsung,23109,36,0,0,0,,0
C104199,58,M,Екатеринбург,1596133,married,0,secondary,self_employed,54936,1,1,6.6,1,24239.85,0,,581.0,9,0.351,1.1,Other,8047,29,1,0,1,0.0,0
C104200,38,M,Новосибирск,1600166,single,0,master,self_employed,80281,1,0,12.6,3,31212.26,0,,612.3,37,0.827,6.2,Samsung,74691,22,6,1,1,3.0,1
C104201,29,F,Москва,12686361,single,0,bachelor,employed,78431,0,0,5.3,1,17950.54,0,,628.7,28,0.975,3.9,Xiaomi,18554,30,2,0,1,0.0,0
C104202,68,M,Уфа,1107450,married,2,secondary,employed,42924,1,1,0.5,1,37117.2,0,,,2,0.134,1.5,Samsung,17401,34,0,0,0,,0
C104203,40,F,Новосибирск,1660307,single,0,bachelor,employed,79591,0,0,4.1,1,66076.8,0,,631.6,33,0.883,4.0,Samsung,60694,5,2,0,0,,0
C104204,42,M,Москва,12599767,single,0,master,employed,77356,0,0,2.7,3,60874.37,1,681312.48,661.6,33,0.872,4.7,Samsung,49788,15,2,0,0,,0
C104205,35,F,Уфа,1135554,married,1,bachelor,self_employed,227811,1,1,8.0,1,874517.62,1,1731371.24,731.8,60,0.931,6.8,Xiaomi,44575,9,3,1,1,0.0,1
C104206,34,F,Москва,12998850,single,0,secondary,unemployed,42066,0,0,2.7,2,44588.07,1,148679.39,624.3,26,0.852,,Xiaomi,25511,26,2,1,1,0.0,0
C104207,58,F,Новосибирск,1645200,married,2,master,employed,38596,0,0,2.4,1,48135.15,1,418040.06,488.3,7,0.525,0.5,Xiaomi,16922,5,0,0,0,,0
C104208,26,M,Ростов-на-Дону,1122585,single,0,bachelor,employed,44593,0,0,3.4,2,55282.85,1,612088.25,597.7,23,0.813,8.3,Apple,45673,22,3,1,0,,0
C104209,22,F,Ростов-на-Дону,1160398,single,1,secondary,employed,48170,0,0,1.1,2,15884.12,1,161776.31,524.2,34,0.979,13.3,Samsung,29159,16,2,0,0,,0
C104210,18,F,Москва,12809272,single,0,bachelor,employed,194686,1,0,0.0,2,230923.46,1,617370.34,718.1,44,0.985,3.2,Apple,111476,14,4,1,1,0.0,1
C104211,44,F,Ростов-на-Дону,1144622,married,4,master,employed,74811,1,0,16.0,4,46962.4,1,237505.32,694.5,35,0.934,1.2,Other,12567,9,3,0,1,1.0,0
C104212,26,F,Москва,12366887,single,1,bachelor,employed,56067,0,1,7.7,2,14219.33,1,265191.56,496.5,13,0.804,1.2,Huawei,32923,18,1,0,0,,0
C104213,27,M,Санкт-Петербург,5245044,single,0,master,employed,52251,0,0,9.0,2,20527.33,0,,596.9,24,0.565,3.9,Huawei,27688,25,0,0,0,,0
C104214,61,M,Москва,13295634,married,1,secondary,employed,80535,0,1,7.5,2,53847.5,0,,620.3,33,0.638,,Xiaomi,22835,21,4,1,0,,0
C104215,25,M,Краснодар,1098923,single,0,phd,employed,129215,1,1,2.8,3,260162.59,1,1666787.88,766.1,51,0.886,8.9,Apple,79995,18,2,0,1,0.0,1
C104216,66,F,Казань,1252938,married,2,secondary,employed,27273,0,0,7.6,1,26363.33,0,,416.3,2,0.08,0.3,Xiaomi,7852,48,0,0,0,,0
C104217,62,M,Самара,1208802,married,1,bachelor,employed,107844,1,0,3.2,3,304345.5,0,,759.5,34,0.45,3.3,Apple,110902,8,3,0,0,,1
C104218,36,F,Самара,1202477,married,2,secondary,self_employed,58269,1,0,2.8,2,53429.15,0,,,29,0.803,4.3,Apple,56632,25,2,0,1,1.0,1
C104219,43,F,Екатеринбург,1486876,single,0,bachelor,employed,153694,1,1,4.5,4,441826.9,1,1292441.81,724.1,46,0.949,7.4,Xiaomi,11054,28,2,1,1,4.0,1
C104220,30,M,Москва,13000604,single,0,bachelor,employed,191415,0,1,4.2,4,351435.24,1,4448602.79,755.2,43,0.979,9.0,Apple,139695,25,3,1,1,2.0,1
C104221,28,M,Краснодар,1095321,single,0,bachelor,employed,48598,0,0,3.7,3,55870.03,1,675206.94,637.5,16,0.64,3.6,Xiaomi,18398,18,2,0,0,,0
C104222,26,M,Новосибирск,1636190,single,1,bachelor,employed,46105,0,0,5.0,2,9872.99,1,780482.45,529.8,24,0.792,1.3,OnePlus,36939,24,4,0,0,,0
C104223,64,M,Санкт-Петербург,5354822,married,4,secondary,employed,56157,0,1,5.1,2,68581.72,1,296975.29,627.8,20,0.401,1.2,Xiaomi,19616,14,3,1,1,0.0,0
C104224,23,M,Новосибирск,1713456,single,0,bachelor,employed,50561,0,0,2.3,1,17253.08,1,731524.39,659.9,34,0.942,1.3,Xiaomi,19308,27,1,1,0,,0
C104225,69,M,Екатеринбург,1514777,married,0,bachelor,employed,39377,0,0,1.7,1,71452.69,1,570583.76,541.3,3,0.035,0.2,Huawei,20646,29,0,0,0,,0
C104226,45,F,Самара,1140609,single,2,bachelor,employed,89485,1,0,1.6,1,55519.5,0,,554.5,29,0.658,2.0,Samsung,50892,8,0,0,0,,0
C104227,59,M,Ростов-на-Дону,1144233,married,5,secondary,employed,29490,0,0,2.6,1,23916.18,0,,523.9,14,0.518,1.2,Apple,23137,48,2,0,0,,0
C104228,42,F,Санкт-Петербург,5470665,single,1,bachelor,self_employed,80439,0,1,7.9,2,71073.13,1,1890787.27,633.2,37,0.744,17.1,Samsung,58927,16,3,1,1,1.0,1
C104229,28,F,Ростов-на-Дону,1098850,single,0,bachelor,employed,109385,0,0,8.8,2,111673.2,1,2363804.83,799.7,36,0.81,3.7,Apple,73397,32,2,1,0,,1
C104230,49,F,Екатеринбург,1503052,single,0,secondary,employed,47573,0,0,7.1,1,23879.5,0,,530.7,15,0.566,2.9,Samsung,46614,23,1,0,1,1.0,0
C104231,23,M,Новосибирск,1682015,single,0,bachelor,employed,48765,0,0,4.7,3,70903.2,1,664564.29,588.0,23,0.923,2.8,Apple,43484,43,4,1,1,0.0,1
C104232,34,F,Краснодар,1103386,single,0,bachelor,employed,42722,0,0,10.1,2,70595.62,1,335881.65,,24,0.858,20.4,Other,7264,14,2,1,0,,0
C104233,40,M,Москва,12754889,single,0,secondary,employed,73878,0,0,3.9,3,86151.37,1,2970812.67,621.1,20,0.552,1.3,Xiaomi,16056,29,2,1,1,1.0,0
C104234,48,M,Новосибирск,1662268,single,0,secondary,employed,161714,1,0,10.7,5,65228.27,1,3445325.96,683.5,37,0.781,17.4,Samsung,78291,10,1,0,1,1.0,1
C104235,50,M,Нижний Новгород,1226284,married,2,bachelor,self_employed,81920,1,1,2.3,3,281335.9,1,357530.69,688.0,28,0.74,7.6,Xiaomi,30087,24,1,0,0,,0
C104236,41,F,Нижний Новгород,1234063,married,2,secondary,employed,29053,0,0,3.4,1,7039.85,0,,,6,0.502,2.3,Other,5023,25,0,0,0,,0
C104237,36,F,Екатеринбург,1479232,married,0,bachelor,employed,102019,0,0,2.2,1,120598.81,1,1347663.75,683.7,38,0.832,3.8,Other,14564,10,2,1,1,0.0,0
C104238,30,F,Краснодар,1070525,single,1,bachelor,employed,136112,1,0,7.0,4,285674.68,1,1173202.26,741.4,34,0.85,9.8,Apple,41880,44,5,1,1,0.0,1
C104239,50,F,Москва,13191916,single,1,secondary,employed,176858,1,0,3.4,5,298290.94,0,,710.7,41,0.778,2.2,Apple,131667,3,5,1,1,0.0,1
C104240,29,F,Краснодар,1124218,single,0,secondary,employed,25126,0,0,1.3,1,39948.05,0,,,10,0.76,3.6,Xiaomi,10216,34,0,0,0,,0
C104241,48,M,Санкт-Петербург,5395483,married,5,secondary,employed,96007,0,1,2.9,2,38044.96,1,1364616.22,521.4,37,0.833,11.4,Xiaomi,32500,9,1,0,1,0.0,0
C104242,26,F,Екатеринбург,1500424,single,0,bachelor,employed,113828,1,0,8.0,3,152250.5,0,,672.6,41,0.708,2.8,Xiaomi,29338,9,1,1,1,0.0,1
C104243,41,M,Краснодар,1112840,single,0,bachelor,employed,74954,1,1,1.5,2,61250.23,1,443730.9,539.3,36,0.895,5.3,Xiaomi,34350,14,2,0,0,,0
C104244,60,M,Казань,1296653,married,1,bachelor,employed,65204,0,0,6.1,2,64822.75,0,,725.5,14,0.333,1.4,Samsung,38467,48,1,0,0,,0
C104245,54,M,Челябинск,1166584,married,1,bachelor,employed,64653,1,0,4.9,1,87282.44,1,953713.8,599.6,20,0.428,,Xiaomi,16706,16,1,0,0,,0
C104246,42,F,Челябинск,1195041,single,1,secondary,employed,86023,1,1,3.9,3,95759.61,1,996171.08,703.7,28,0.644,3.2,Other,8753,27,6,0,1,2.0,0
C104247,42,F,Самара,1225360,single,0,bachelor,employed,151063,1,0,14.1,5,203867.25,0,,713.7,31,0.793,1.4,Samsung,99185,23,5,1,0,,1
C104248,43,M,Уфа,1118534,married,1,bachelor,self_employed,136907,1,1,2.8,1,90508.46,0,,639.9,44,0.776,2.4,Google,72299,22,1,0,1,0.0,1
C104249,44,F,Краснодар,1135212,married,0,bachelor,employed,63919,0,1,1.8,2,94094.55,1,537793.64,552.4,28,0.91,4.2,Xiaomi,19733,19,1,0,1,1.0,0
C104250,49,F,Краснодар,1110604,single,0,bachelor,employed,76704,0,0,3.1,3,108697.39,1,210784.61,594.8,25,0.618,2.6,Other,13772,48,4,0,1,0.0,0
C104251,48,M,Краснодар,1106287,married,0,secondary,employed,27187,0,0,4.5,1,15440.25,0,,593.8,6,0.574,1.4,Huawei,25767,14,1,0,0,,0
C104252,55,F,Нижний Новгород,1232783,married,2,secondary,employed,72753,1,0,6.9,6,98218.68,1,1095052.32,678.1,12,0.327,3.6,Samsung,73372,11,7,0,1,0.0,1
C104253,52,M,Самара,1209704,married,3,bachelor,employed,134371,0,1,17.1,4,246155.0,1,1859718.67,659.0,31,0.504,2.5,Samsung,50884,14,5,0,0,,0
C104254,41,F,Москва,12615192,single,1,secondary,employed,71000,0,0,19.9,3,69030.4,1,524905.49,,22,0.731,3.6,Apple,94976,11,6,0,1,0.0,1
C104255,45,M,Москва,13499219,married,2,bachelor,employed,97707,0,0,3.5,1,94792.82,1,333323.18,667.1,21,0.698,3.9,Other,12862,10,2,1,1,0.0,0
C104256,62,F,Санкт-Петербург,5400642,single,1,secondary,employed,58106,1,1,2.8,1,7401.65,0,,,19,0.639,4.3,Other,12736,6,2,1,1,1.0,0
C104257,49,F,Омск,1045283,married,2,master,self_employed,115690,1,0,9.7,6,113052.62,1,2735210.69,757.9,37,0.543,1.6,Samsung,53215,31,7,0,1,1.0,1
C104258,32,M,Самара,1175170,single,0,bachelor,employed,48909,0,0,4.4,2,19559.14,1,336556.53,542.1,24,0.535,8.1,Other,11375,6,0,0,0,,0
C104259,40,F,Самара,1131197,married,3,secondary,employed,40037,0,0,1.0,2,98884.21,1,1440251.84,544.4,25,0.792,0.8,Xiaomi,20333,8,3,0,0,,0
C104260,33,M,Москва,12526958,married,1,master,employed,272560,1,1,4.4,5,557991.51,1,2011345.19,720.9,50,0.824,8.0,Apple,98359,4,6,1,1,1.0,1
C104261,34,F,Екатеринбург,1463238,married,1,bachelor,employed,36653,0,0,2.8,1,25459.5,0,,,12,0.59,1.3,Xiaomi,10652,14,0,0,1,0.0,0
C104262,60,F,Нижний Новгород,1282577,divorced,0,bachelor,employed,35522,0,0,2.8,2,14802.84,1,119783.04,597.3,3,0.172,0.7,Samsung,12824,41,1,0,0,,0
C104263,28,M,Нижний Новгород,1201508,single,2,bachelor,employed,24209,0,0,9.7,1,10577.95,0,,535.5,10,0.805,1.6,Other,8599,8,0,1,0,,0
C104264,58,M,Новосибирск,1636917,married,2,bachelor,employed,64854,1,0,8.9,1,22053.11,0,,592.9,10,0.24,3.5,Samsung,47818,26,2,0,1,0.0,0
C104265,34,F,Самара,1119493,single,1,bachelor,employed,156307,0,1,9.6,4,163494.95,1,1415837.71,645.6,41,0.682,5.8,Google,75903,8,4,0,0,,1
C104266,35,M,Нижний Новгород,1257810,single,0,bachelor,employed,115195,0,1,5.1,4,101025.21,0,,694.7,23,0.581,9.3,Apple,97196,27,5,0,1,0.0,1
C104267,19,M,Москва,13079741,single,0,phd,employed,52534,0,0,1.0,2,18193.59,1,495107.61,663.4,17,0.76,7.6,Xiaomi,23907,10,3,0,0,,0
C104268,25,M,Москва,12396467,single,0,master,unemployed,17969,0,0,3.4,1,1510.97,0,,,2,0.542,0.4,Other,7196,11,0,0,0,,0
C104269,26,M,Казань,1309569,single,0,bachelor,employed,83706,1,0,8.0,5,182289.54,0,,584.6,29,0.708,1.1,Samsung,39189,36,5,0,1,0.0,0
C104270,37,F,Уфа,1195170,single,0,master,employed,72513,1,0,7.0,2,20386.68,1,199745.22,659.3,21,0.759,1.1,Xiaomi,13715,48,4,0,1,0.0,0
C104271,22,F,Нижний Новгород,1169613,married,0,bachelor,employed,42007,0,0,4.0,3,15547.26,1,1007912.42,600.8,15,0.801,0.6,Samsung,28296,9,1,0,0,,0
C104272,52,F,Челябинск,1144464,married,3,bachelor,employed,94801,0,1,2.7,4,203715.28,1,1025851.73,716.5,25,0.538,2.7,Xiaomi,23788,33,4,0,0,,0
C104273,71,F,Екатеринбург,1480883,married,1,secondary,employed,50851,1,0,2.6,1,74667.93,1,190129.43,567.5,13,0.392,3.0,Other,13477,14,4,0,1,1.0,0
C104274,32,F,Екатеринбург,1456543,single,0,bachelor,employed,69870,0,0,3.0,1,36267.47,1,1210603.54,614.4,23,0.711,7.9,Huawei,13091,48,3,0,0,,0
C104275,55,F,Омск,1162083,married,2,secondary,employed,78019,1,1,3.5,1,68357.25,0,,644.2,34,0.808,8.6,Samsung,61610,30,2,0,1,0.0,1
C104276,45,M,Москва,12069789,married,2,master,employed,168047,1,1,8.4,3,184138.19,1,1664670.05,734.7,47,0.778,8.1,Samsung,73215,11,8,1,1,0.0,1
C104277,41,F,Москва,12488948,married,1,master,employed,64180,0,1,7.5,1,37866.09,1,573689.3,657.4,19,0.342,6.9,Xiaomi,26930,17,0,0,0,,0
C104278,53,M,Москва,11915419,single,1,master,employed,72242,0,0,7.1,1,129540.95,1,481592.07,707.8,25,0.624,1.5,Huawei,36709,11,1,1,1,0.0,0
C104279,40,M,Москва,12950612,single,0,bachelor,employed,72822,0,1,2.2,2,47617.6,1,507674.25,732.7,23,0.888,2.0,Xiaomi,21189,20,0,0,1,2.0,0
C104280,31,F,Уфа,1147602,single,1,bachelor,employed,30968,0,0,2.5,2,17765.35,0,,542.3,10,0.626,3.9,Xiaomi,21295,19,0,1,0,,0
C104281,47,F,Уфа,1131727,married,0,secondary,employed,117014,1,1,3.3,5,277624.7,1,695456.79,744.4,36,0.78,3.2,Apple,107582,7,3,1,1,0.0,1
C104282,32,F,Краснодар,1111425,single,0,bachelor,employed,86487,0,0,10.6,2,50806.9,1,988751.81,781.8,26,0.835,6.6,Xiaomi,36797,2,4,0,0,,1
C104283,27,M,Санкт-Петербург,5039568,single,0,bachelor,self_employed,124129,0,1,0.7,2,181680.11,1,532888.23,588.0,27,0.678,3.4,Samsung,73136,20,4,1,0,,0
C104284,65,F,Екатеринбург,1510455,divorced,0,master,employed,77350,1,0,4.8,4,166534.32,0,,635.8,27,0.667,8.4,Xiaomi,13841,13,1,0,0,,0
C104285,60,M,Москва,12520329,married,2,bachelor,employed,136093,1,1,7.4,2,118657.53,1,7451349.91,644.4,38,0.726,2.5,Samsung,54199,12,3,0,1,2.0,1
C104286,39,F,Казань,1312714,single,0,bachelor,employed,72131,0,0,21.0,2,94112.75,1,394277.17,617.6,21,0.455,3.1,Other,10189,38,3,0,0,,0
C104287,33,F,Москва,12587963,single,1,bachelor,self_employed,263703,1,0,1.2,3,444712.79,0,,,43,0.949,2.3,Apple,88424,20,5,0,1,0.0,1
C104288,26,F,Краснодар,1082865,single,0,master,employed,263313,0,1,8.0,4,279369.46,0,,717.0,46,0.915,0.9,Apple,115521,34,5,0,1,0.0,1
C104289,22,F,Челябинск,1154552,single,0,master,employed,42128,1,0,4.0,2,17379.97,1,369677.86,614.4,9,0.674,3.4,Xiaomi,19412,44,1,1,0,,0
C104290,51,F,Екатеринбург,1562806,single,1,secondary,employed,66720,0,0,5.6,2,38103.68,1,682813.44,559.0,19,0.708,8.8,Xiaomi,37013,1,5,0,1,0.0,0
C104291,39,M,Казань,1313346,married,1,phd,employed,128537,1,1,6.2,3,99774.37,1,3326341.14,666.7,26,0.552,1.0,Apple,88441,30,1,0,1,0.0,1
C104292,18,F,Москва,12547739,single,0,master,employed,83533,0,0,0.0,2,49584.17,1,2150547.16,620.9,41,0.955,4.9,Apple,65127,48,3,0,0,,0
C104293,68,M,Казань,1317506,married,2,bachelor,employed,36968,1,0,9.4,1,35141.6,1,1483475.72,571.7,5,0.297,0.3,Samsung,27139,15,1,0,1,0.0,0
C104294,27,F,Москва,12358311,single,0,bachelor,self_employed,164900,0,1,6.6,5,168605.76,0,,830.6,49,0.992,8.4,Apple,116152,9,3,1,1,0.0,1
C104295,32,F,Москва,12545817,single,0,bachelor,self_employed,132888,1,0,9.7,4,56334.91,1,2067571.71,638.1,35,0.852,1.8,Samsung,71863,13,6,0,1,0.0,1
C104296,64,F,Самара,1144688,married,1,master,employed,72734,1,1,9.2,2,122938.02,1,1209723.3,573.4,13,0.261,1.4,Other,17663,20,1,0,1,0.0,0
C104297,42,F,Санкт-Петербург,5350672,married,2,bachelor,employed,266175,1,0,13.4,2,880579.54,1,1175855.9,773.5,53,0.823,12.6,Apple,149412,3,5,0,1,1.0,1
C104298,27,F,Омск,1067372,single,0,master,employed,101018,0,0,5.4,2,88385.07,1,511650.83,681.1,27,0.806,6.9,Xiaomi,30186,14,2,0,0,,0
C104299,34,F,Нижний Новгород,1211131,single,0,master,self_employed,74274,0,1,7.1,4,89688.58,1,699927.76,670.1,23,0.81,0.8,Xiaomi,19978,12,2,1,0,,0
C104300,32,F,Казань,1312414,single,1,bachelor,employed,118920,0,1,14.0,3,210015.47,1,4104213.47,623.7,36,0.767,10.8,Xiaomi,34775,3,2,1,1,1.0,1
C104301,27,F,Москва,12739183,single,0,bachelor,employed,109476,0,0,1.9,2,263952.54,1,810522.57,666.4,42,0.999,2.5,Samsung,45604,30,2,1,1,1.0,1
C104302,48,F,Уфа,1177949,single,0,bachelor,employed,27345,0,0,13.2,2,24689.47,0,,591.2,3,0.486,0.7,Xiaomi,16976,20,1,0,0,,0
C104303,31,M,Екатеринбург,1513223,single,0,bachelor,employed,77679,1,0,13.0,4,84335.77,0,,571.3,34,0.827,8.4,Xiaomi,39868,15,4,1,1,0.0,1
C104304,25,M,Нижний Новгород,1260136,single,0,master,employed,75151,1,0,5.2,3,88676.46,1,534606.82,550.4,29,0.753,8.3,Other,11130,13,3,0,0,,0
C104305,63,M,Санкт-Петербург,5655392,married,0,bachelor,self_employed,208681,1,0,1.1,3,686556.24,1,5750435.07,,40,0.496,1.9,Xiaomi,37899,10,2,1,0,,0
C104306,28,F,Москва,12356077,single,0,master,self_employed,145497,1,0,5.0,3,333649.51,1,1832059.36,701.5,33,0.938,6.5,Samsung,51913,10,4,0,0,,1
C104307,33,F,Санкт-Петербург,5278168,single,0,master,employed,133816,1,1,7.4,4,126420.74,1,361946.63,672.4,35,0.832,4.7,Apple,73061,21,2,0,0,,1
C104308,50,F,Краснодар,1113476,married,2,secondary,employed,46390,0,0,4.9,2,36238.67,1,449125.22,589.0,8,0.428,2.5,OnePlus,36566,25,5,0,0,,0
C104309,68,M,Москва,12821088,married,4,secondary,employed,56647,1,1,12.1,2,45677.74,1,180398.85,590.3,10,0.563,2.6,Huawei,33520,18,1,1,1,0.0,0
C104310,45,M,Казань,1300191,single,2,bachelor,employed,75480,0,0,2.2,4,137114.19,1,353905.81,661.7,15,0.562,1.3,Samsung,57028,9,2,0,1,0.0,0
C104311,25,M,Ростов-на-Дону,1159219,single,0,bachelor,unemployed,10000,0,0,3.9,1,4895.92,0,,484.6,4,0.402,1.4,Xiaomi,4760,35,0,0,0,,0
C104312,35,F,Екатеринбург,1493658,single,1,bachelor,employed,118502,1,1,6.2,1,81758.9,1,1756483.06,660.3,35,0.829,13.8,Samsung,81218,8,1,0,0,,1
C104313,62,F,Уфа,1088778,single,0,bachelor,employed,94443,1,1,3.0,1,189956.44,1,2459453.44,624.0,23,0.428,2.6,Samsung,63589,15,1,0,1,0.0,0
C104314,54,M,Самара,1136841,married,2,bachelor,self_employed,174560,1,1,2.8,4,268748.54,1,1373982.68,740.2,37,0.507,1.4,Huawei,47483,14,2,1,1,0.0,1
C104315,56,M,Москва,12688816,married,3,secondary,self_employed,37019,0,0,4.8,1,14512.13,0,,418.1,13,0.502,5.7,Samsung,39751,20,0,0,1,4.0,0
C104316,40,M,Казань,1355369,married,2,secondary,employed,19335,0,0,1.4,1,10526.88,0,,,2,0.485,1.3,Xiaomi,12131,16,0,0,0,,0
C104317,46,F,Москва,12747813,married,5,master,employed,126505,1,1,1.2,3,314884.24,1,3757809.22,741.0,47,0.864,13.0,Apple,70105,11,7,1,1,1.0,1
C104318,27,M,Москва,13096911,single,0,bachelor,employed,110366,0,0,5.1,3,95664.83,1,1652014.53,652.1,32,0.967,14.9,Huawei,22878,4,4,1,1,1.0,1
C104319,28,M,Санкт-Петербург,5046503,single,0,bachelor,employed,57156,1,1,5.1,2,39923.76,1,83142.79,575.8,28,0.933,7.9,Apple,136388,9,2,1,0,,1
C104320,23,M,Москва,12524089,single,1,master,employed,110633,1,0,5.0,3,191756.01,1,1694459.9,645.6,35,0.956,3.1,Samsung,67557,7,1,0,1,0.0,1
C104321,36,F,Санкт-Петербург,5417332,married,2,bachelor,employed,153419,0,0,18.0,3,260689.81,1,3112571.47,770.6,29,0.813,6.3,Xiaomi,40462,2,3,0,1,0.0,1
C104322,50,M,Москва,12661802,married,1,bachelor,employed,261449,1,1,1.8,2,821253.64,0,,553.8,54,0.937,9.3,Huawei,60586,28,1,0,1,0.0,0
C104323,55,M,Самара,1173982,married,0,bachelor,employed,115382,0,1,11.0,2,186742.02,0,,639.9,35,0.633,7.7,Google,65080,26,2,0,0,,0
C104324,57,M,Нижний Новгород,1194544,married,1,bachelor,employed,51963,1,0,2.4,3,63312.6,1,175310.08,,13,0.439,0.7,Xiaomi,19734,30,3,0,1,1.0,0
C104325,31,M,Челябинск,1213647,single,0,bachelor,employed,35506,0,0,0.2,1,11896.97,0,,,20,0.808,4.6,Xiaomi,17866,34,0,1,0,,0
C104326,31,M,Нижний Новгород,1215016,single,0,secondary,employed,27561,0,0,4.7,2,9043.23,1,1028838.03,503.5,17,0.913,2.9,Xiaomi,10113,31,3,0,0,,0
C104327,39,F,Самара,1148668,single,0,secondary,self_employed,50382,0,1,7.0,3,36288.56,1,643311.17,520.6,19,0.636,6.2,Other,10602,7,3,0,0,,0
C104328,42,F,Санкт-Петербург,5453618,married,2,secondary,employed,108562,0,1,5.0,1,181724.7,1,1680083.79,616.1,49,0.935,6.0,Xiaomi,22159,8,3,1,0,,0
C104329,39,F,Нижний Новгород,1224321,single,0,secondary,self_employed,145606,0,0,5.2,3,143887.97,1,2300902.74,615.9,28,0.51,0.5,Samsung,77901,12,6,0,1,2.0,1
C104330,25,F,Казань,1318177,single,0,bachelor,employed,39495,0,0,2.2,2,26768.62,0,,529.5,20,0.732,7.7,Xiaomi,12440,31,1,0,0,,0
C104331,35,M,Екатеринбург,1498552,married,1,bachelor,employed,49584,0,1,12.6,1,60501.31,1,576239.25,740.1,25,0.895,2.2,Samsung,34855,23,3,0,1,1.0,1
C104332,67,F,Москва,12552653,divorced,0,master,employed,170216,0,1,15.5,3,243490.42,1,5988933.9,682.1,32,0.636,6.7,Apple,113062,9,3,1,1,0.0,1
C104333,39,F,Санкт-Петербург,5332607,single,0,master,employed,238594,1,1,8.8,3,736482.58,1,2088937.28,731.5,48,0.978,2.6,Apple,56799,13,7,1,1,1.0,1
C104334,42,F,Новосибирск,1605105,married,1,bachelor,employed,208194,1,1,14.4,8,193887.95,0,,811.2,52,0.996,13.9,Huawei,69371,19,1,0,0,,1
C104335,34,F,Нижний Новгород,1198709,single,0,bachelor,employed,143210,1,0,9.5,3,115995.09,1,394565.67,641.2,36,0.812,3.5,Apple,68989,12,3,0,0,,0
C104336,50,F,Москва,12913480,married,2,phd,employed,118766,0,1,3.9,2,175903.69,0,,721.0,27,0.703,1.9,Samsung,98134,9,7,0,0,,1
C104337,27,M,Новосибирск,1562884,single,0,bachelor,employed,31663,0,0,7.2,1,14581.63,0,,560.1,11,0.861,8.0,Xiaomi,14526,10,1,1,0,,0
C104338,41,M,Екатеринбург,1497134,single,1,master,employed,90659,0,0,5.4,2,39934.53,0,,524.0,30,0.694,6.2,Apple,41740,10,3,0,0,,0
C104339,53,F,Новосибирск,1602184,married,2,secondary,self_employed,37759,0,1,13.3,2,15688.42,0,,563.5,12,0.575,3.6,Google,39843,6,2,0,0,,0
C104340,56,M,Ростов-на-Дону,1196666,married,3,secondary,self_employed,42865,0,1,7.0,2,20666.67,1,308926.47,629.2,15,0.651,1.3,Xiaomi,22743,13,1,0,0,,0
C104341,39,M,Москва,13341543,single,0,secondary,employed,125873,1,1,6.4,3,49883.87,1,3567237.01,653.0,34,0.972,5.5,Samsung,78334,21,1,1,1,0.0,1
C104342,31,F,Омск,1207855,single,0,secondary,employed,31617,0,0,9.9,2,11600.03,0,,630.0,9,0.691,3.8,Other,4171,48,1,0,0,,0
C104343,42,F,Самара,1189104,married,4,secondary,employed,57861,1,0,9.1,4,59084.19,1,586122.77,634.2,23,0.803,1.7,Samsung,34153,14,5,0,0,,0
C104344,36,M,Челябинск,1200703,single,0,secondary,employed,46321,0,0,0.8,1,12127.57,0,,,22,0.872,5.3,Huawei,23633,10,0,0,1,0.0,0
C104345,28,M,Уфа,1140393,single,0,secondary,employed,20406,0,0,0.4,1,7914.61,0,,,3,0.865,3.3,Xiaomi,11764,7,1,1,0,,0
C104346,55,F,Санкт-Петербург,5507898,married,0,master,unemployed,50971,0,0,6.8,3,59206.73,1,626256.25,580.1,15,0.728,4.4,Samsung,28856,21,3,1,0,,0
C104347,35,M,Новосибирск,1645612,married,1,master,employed,66899,1,1,16.5,3,113813.99,0,,,32,0.881,3.3,Huawei,28617,26,5,0,1,0.0,0
C104348,25,M,Екатеринбург,1475552,single,0,bachelor,employed,32938,0,0,4.4,1,23097.89,1,269849.17,578.9,15,0.756,6.5,Huawei,18419,5,0,0,0,,0
C104349,35,F,Казань,1314556,single,0,master,self_employed,244731,1,1,10.4,4,582542.68,1,912755.41,759.7,51,0.79,2.6,Apple,149412,3,7,1,0,,1
C104350,67,M,Уфа,1078478,married,2,secondary,employed,75817,0,0,2.2,3,113980.54,0,,,13,0.367,0.5,Huawei,18745,17,5,1,1,0.0,0
C104351,30,F,Санкт-Петербург,5300689,married,1,bachelor,employed,176037,1,1,6.5,4,496167.35,1,2605390.93,684.9,42,0.916,6.4,Google,149412,4,5,0,1,1.0,1
C104352,25,M,Челябинск,1169091,single,0,bachelor,self_employed,51937,0,0,6.9,2,55643.07,1,754775.4,617.2,21,0.773,11.3,Samsung,48436,3,1,1,0,,1
C104353,60,F,Москва,12886471,single,1,secondary,employed,88563,1,1,10.9,2,218703.35,0,,694.5,30,0.444,,Xiaomi,22788,21,3,0,1,1.0,0
C104354,44,F,Омск,1094997,married,1,bachelor,employed,20628,0,0,0.5,1,8043.9,0,,630.8,2,0.263,0.1,Other,8444,12,1,0,0,,0
C104355,38,M,Челябинск,1222303,married,1,bachelor,employed,72416,0,0,3.1,4,90163.59,1,203451.76,670.3,26,0.7,4.0,Samsung,43080,14,5,1,0,,0
C104356,42,M,Самара,1185906,married,2,bachelor,employed,85208,0,0,6.1,4,23689.44,1,1706929.75,670.4,28,0.585,2.8,Apple,149412,2,4,0,1,2.0,1
C104357,35,M,Краснодар,1114948,married,0,secondary,employed,42484,0,0,2.9,2,59166.55,1,608366.91,486.6,25,0.79,0.7,Samsung,34284,15,1,0,0,,0
C104358,22,F,Казань,1325698,single,0,bachelor,employed,112040,1,0,4.0,2,173381.49,0,,664.5,25,0.901,1.5,Xiaomi,14748,48,2,0,1,0.0,0
C104359,33,F,Уфа,1162094,married,0,secondary,employed,32478,1,0,9.4,1,22935.13,1,366925.58,586.7,6,0.588,3.8,Huawei,19831,30,1,0,0,,0
C104360,29,M,Нижний Новгород,1245309,single,0,bachelor,employed,46600,1,1,7.7,2,33770.53,0,,679.8,21,0.86,2.7,Other,10204,14,3,1,0,,0
C104361,36,F,Омск,1069794,single,0,bachelor,employed,83533,0,0,5.8,2,176017.1,1,884061.06,619.4,20,0.742,2.1,Xiaomi,45636,7,1,1,1,1.0,1
C104362,38,F,Ростов-на-Дону,1165561,married,3,bachelor,employed,139671,1,1,10.4,5,178099.78,1,709535.11,657.2,35,0.86,2.6,Samsung,47128,19,4,1,1,0.0,1
C104363,40,F,Омск,1145862,married,1,bachelor,self_employed,115187,0,1,3.1,3,72604.83,1,1446132.58,604.1,20,0.428,4.7,Xiaomi,46894,4,5,0,0,,0
C104364,30,M,Москва,12787842,married,1,bachelor,employed,257461,1,1,12.0,6,1745379.65,1,2595973.06,733.7,44,0.91,20.4,Huawei,62238,5,6,1,0,,1
C104365,27,M,Москва,12489633,single,0,master,employed,81328,0,0,9.0,4,91068.4,1,1998730.89,644.3,39,0.985,3.6,Samsung,43577,24,3,1,1,2.0,1
C104366,51,F,Санкт-Петербург,5339940,married,2,master,self_employed,98625,0,0,7.8,3,237425.13,1,672495.69,,21,0.547,,Huawei,25932,29,1,0,1,0.0,0
C104367,43,M,Челябинск,1198591,single,0,bachelor,employed,59506,0,0,14.2,3,12332.17,0,,668.3,20,0.663,2.4,Other,8666,44,3,0,1,2.0,0
C104368,28,M,Омск,1125369,single,0,secondary,employed,27206,0,0,10.0,3,13327.56,0,,616.1,9,0.554,12.4,Xiaomi,17183,13,3,0,0,,0
C104369,32,F,Нижний Новгород,1195926,single,0,bachelor,employed,65350,0,0,6.2,2,60150.84,1,396020.02,634.6,31,0.948,5.4,Huawei,25820,18,4,0,0,,0
C104370,35,M,Москва,12796019,married,0,secondary,employed,125398,0,1,9.1,3,188786.4,0,,629.3,48,0.957,7.2,Xiaomi,30203,2,3,1,1,0.0,1
C104371,56,M,Нижний Новгород,1219050,married,0,bachelor,employed,172772,1,1,1.6,1,907659.25,0,,,52,0.727,0.8,Apple,132813,15,0,0,1,1.0,1
C104372,37,M,Москва,12652900,married,1,master,self_employed,97437,0,1,2.4,3,106688.17,0,,,31,0.967,2.7,Huawei,18531,23,2,0,1,0.0,0
C104373,28,M,Ростов-на-Дону,1126115,single,0,master,self_employed,178917,0,0,3.7,2,141274.04,1,620841.06,676.3,43,0.901,11.0,Google,56058,45,2,1,1,0.0,1
C104374,46,M,Челябинск,1219984,married,2,bachelor,employed,76669,1,0,5.8,4,85251.87,1,441732.77,668.9,22,0.519,1.1,Google,77641,11,2,0,1,0.0,1
C104375,21,M,Москва,12971899,single,0,master,employed,76629,0,0,3.0,3,21595.86,0,,,22,0.907,2.3,Huawei,23428,13,3,0,0,,0
C104376,37,F,Москва,12798975,married,1,phd,employed,79816,0,0,1.0,1,71321.16,0,,674.9,31,0.935,0.6,Xiaomi,18646,36,2,0,1,1.0,0
C104377,39,F,Омск,1126679,married,0,secondary,employed,34859,0,0,5.0,2,20086.67,0,,502.0,8,0.595,5.2,Other,7500,24,2,0,0,,0
C104378,34,F,Краснодар,1079491,single,0,master,employed,104436,0,0,5.3,1,130110.62,1,420833.89,628.1,24,0.803,15.4,Samsung,105116,15,4,1,1,1.0,1
C104379,29,M,Новосибирск,1670776,married,0,bachelor,self_employed,49873,0,0,11.0,2,41372.2,0,,597.0,20,0.794,5.4,Xiaomi,22398,2,2,0,1,0.0,0
C104380,62,F,Москва,12364533,married,4,secondary,employed,87383,1,0,3.0,2,418387.01,0,,,17,0.529,3.6,Xiaomi,23595,24,1,0,1,0.0,0
C104381,22,M,Уфа,1152285,single,0,master,employed,70440,0,0,4.0,3,30877.01,0,,661.7,25,0.94,5.8,Apple,53041,24,3,1,0,,1
C104382,18,F,Новосибирск,1550902,single,0,secondary,employed,17064,0,0,0.0,1,7431.7,0,,467.8,4,0.832,1.3,Xiaomi,10292,18,1,0,0,,0
C104383,27,F,Новосибирск,1595049,single,0,master,employed,48397,0,0,9.0,2,39476.18,0,,600.4,17,0.824,3.4,Samsung,23468,42,2,0,0,,0
C104384,28,M,Екатеринбург,1489413,single,0,bachelor,employed,45355,0,0,10.0,2,16766.68,0,,545.3,31,0.93,11.1,Other,12765,15,0,0,0,,0
C104385,60,F,Самара,1140038,married,0,secondary,employed,14592,0,0,3.6,1,8243.01,0,,546.3,2,0.379,0.5,Other,5853,48,1,0,1,0.0,0
C104386,52,M,Екатеринбург,1593623,married,1,secondary,self_employed,145009,1,1,7.3,3,261857.31,0,,693.0,36,0.617,4.3,Samsung,46297,34,2,0,0,,0
C104387,24,F,Краснодар,1104656,married,1,bachelor,employed,66554,0,0,4.1,4,17512.67,0,,560.0,34,0.882,27.0,Samsung,50363,28,7,1,1,1.0,1
C104388,25,F,Новосибирск,1573931,single,0,bachelor,employed,56009,0,0,1.9,3,55502.78,0,,,26,0.791,3.6,Huawei,16035,48,5,0,1,1.0,0
C104389,65,F,Уфа,1107297,married,1,master,employed,56457,0,0,8.4,3,54662.85,0,,567.7,21,0.653,1.3,Huawei,13865,10,6,0,1,1.0,0
C104390,56,F,Ростов-на-Дону,1131685,married,4,secondary,employed,21480,0,0,4.1,1,33282.04,1,485494.95,551.1,2,0.342,0.6,Huawei,15903,3,0,0,0,,0
C104391,60,M,Омск,1142584,married,2,secondary,employed,82143,0,1,13.9,5,34982.09,0,,623.2,19,0.519,0.7,Apple,87716,16,3,0,1,2.0,1
C104392,64,M,Москва,12570268,married,5,master,employed,148769,1,1,6.0,3,376339.09,1,3993341.76,696.7,22,0.278,3.5,Apple,69827,9,2,0,1,0.0,1
C104393,36,F,Казань,1270947,married,1,secondary,employed,33447,0,0,6.4,1,49605.58,1,494969.12,552.0,11,0.567,4.9,Xiaomi,17471,18,0,0,0,,0
C104394,30,M,Краснодар,1113435,single,0,bachelor,employed,93853,1,0,10.7,1,177393.09,1,587108.02,654.5,39,0.814,10.6,Apple,108872,15,0,0,0,,1
C104395,53,F,Санкт-Петербург,5463074,married,5,master,employed,125775,1,0,3.6,4,102044.21,1,1639950.54,703.0,31,0.647,5.0,Xiaomi,35100,13,2,1,1,0.0,1
C104396,28,F,Уфа,1211403,single,0,secondary,employed,51025,0,1,5.5,1,19861.14,0,,569.1,26,0.859,4.0,Samsung,35346,8,0,1,0,,0
C104397,63,F,Санкт-Петербург,5358815,married,2,bachelor,employed,52179,0,0,5.0,5,23248.12,0,,751.8,18,0.688,1.5,Other,8711,29,3,0,0,,0
C104398,32,F,Москва,12343035,married,3,bachelor,employed,100387,0,0,5.6,1,79303.2,1,421194.87,620.7,37,0.93,0.6,Xiaomi,16245,18,2,1,0,,0
C104399,70,M,Челябинск,1138693,divorced,2,bachelor,employed,74495,1,1,6.1,2,219370.05,0,,629.3,15,0.225,,Samsung,37273,48,2,0,1,1.0,0
C104400,52,F,Нижний Новгород,1142277,married,1,secondary,employed,57501,1,1,5.0,2,36553.9,1,154574.93,683.6,26,0.581,3.9,Xiaomi,28413,2,2,0,1,0.0,0
C104401,71,M,Санкт-Петербург,5427806,married,4,bachelor,employed,78454,0,1,5.7,3,125833.4,0,,641.5,15,0.324,1.3,Xiaomi,35540,7,1,0,0,,0
C104402,30,F,Москва,12273322,single,1,bachelor,employed,88965,0,1,3.0,1,52483.37,1,1359014.36,571.6,31,0.875,4.5,OnePlus,46597,18,2,1,0,,1
C104403,25,F,Екатеринбург,1474315,single,0,master,employed,57102,1,0,7.0,3,45389.05,0,,704.8,19,0.908,3.3,Samsung,38347,8,3,0,1,1.0,1
C104404,46,F,Москва,12688869,married,3,bachelor,employed,192735,0,1,5.0,3,407749.03,1,3824766.88,793.3,43,0.857,9.4,Apple,129652,30,1,0,1,2.0,1
C104405,64,M,Екатеринбург,1461685,married,1,secondary,employed,42171,0,1,8.6,2,59032.5,0,,598.3,2,0.195,2.6,Other,11604,8,2,0,0,,0
C104406,45,M,Самара,1199955,single,0,bachelor,employed,168195,0,0,3.8,3,265459.53,1,2405083.08,762.1,37,0.606,11.7,Samsung,51570,19,4,0,1,2.0,1
C104407,44,F,Москва,12247661,married,1,master,employed,365149,1,1,4.5,3,491548.38,1,3281649.13,779.4,60,0.593,0.9,Google,149412,3,6,1,1,1.0,1
C104408,59,F,Москва,12024696,married,4,secondary,employed,93165,0,1,11.7,1,52309.28,1,852417.2,695.8,26,0.467,3.6,Apple,70037,20,1,1,1,0.0,1
C104409,63,M,Москва,12093185,married,1,secondary,employed,101863,1,1,7.7,1,131489.63,0,,740.7,38,0.627,1.8,Apple,111851,11,1,0,1,0.0,1
C104410,39,F,Ростов-на-Дону,1189601,married,0,bachelor,employed,15762,0,0,4.9,1,7198.64,0,,352.0,3,0.269,0.8,Xiaomi,11857,31,0,0,0,,0
C104411,69,F,Екатеринбург,1408492,married,2,bachelor,self_employed,91059,1,1,1.9,4,160845.9,1,1094553.56,593.8,22,0.517,7.1,Samsung,15996,48,6,0,1,1.0,0
C104412,63,M,Новосибирск,1567881,married,1,secondary,employed,41556,0,1,12.1,3,12361.68,1,754966.75,653.4,17,0.544,1.1,Xiaomi,11231,45,4,0,0,,0
C104413,39,F,Москва,13340424,single,0,bachelor,self_employed,139779,1,1,3.6,1,325217.83,0,,787.5,33,0.765,1.0,Apple,90271,2,4,0,0,,1
C104414,37,F,Новосибирск,1630484,married,2,bachelor,employed,84913,0,0,1.5,1,135900.44,1,1217281.07,664.3,18,0.499,0.6,Apple,63485,9,1,0,0,,0
C104415,38,F,Самара,1148794,single,0,master,employed,104604,0,1,9.7,3,109044.07,1,5812359.91,639.8,27,0.666,8.9,Apple,85220,10,4,1,0,,1
C104416,55,M,Ростов-на-Дону,1190744,married,1,master,employed,93662,1,0,2.2,3,163901.55,1,4823475.27,609.7,30,0.721,5.3,Google,38237,7,1,0,1,1.0,0
C104417,29,M,Санкт-Петербург,5093135,single,0,master,employed,122381,1,1,5.1,3,91271.04,1,2208195.9,692.1,36,0.913,4.5,Apple,97741,7,1,0,0,,1
C104418,34,M,Казань,1324259,married,2,secondary,employed,51357,0,0,4.6,1,28768.65,1,612235.78,688.6,13,0.864,7.6,Xiaomi,16646,27,1,0,0,,0
C104419,38,M,Екатеринбург,1422339,single,0,master,employed,173467,1,1,8.5,4,87880.35,1,2243300.84,593.9,49,0.73,2.7,Samsung,105969,20,7,0,1,0.0,1
C104420,44,F,Челябинск,1130527,single,1,secondary,employed,35870,0,0,12.8,1,13151.11,1,599538.44,608.9,12,0.641,0.4,Huawei,11639,45,0,0,1,3.0,0
C104421,52,M,Новосибирск,1632881,married,2,secondary,employed,160026,0,1,10.5,5,206093.38,1,3069376.39,677.6,46,0.651,2.4,Samsung,65060,12,5,0,1,2.0,1
C104422,61,M,Нижний Новгород,1298364,single,0,bachelor,employed,43317,0,1,2.6,2,10184.57,0,,510.0,9,0.518,4.0,Other,13136,28,1,0,0,,0
C104423,34,M,Казань,1294402,single,0,phd,self_employed,288847,1,1,5.9,1,908950.22,1,1361870.19,787.3,54,0.94,9.9,Apple,149149,3,2,0,1,0.0,1
C104424,32,M,Челябинск,1157324,married,1,secondary,employed,40860,0,0,14.0,1,36572.88,1,248859.28,619.2,22,0.769,0.2,Xiaomi,22497,27,2,0,0,,0
C104425,62,F,Екатеринбург,1554634,married,1,secondary,employed,17330,0,0,13.0,1,16556.71,0,,474.5,2,0.473,0.5,Xiaomi,8116,38,1,0,0,,0
C104426,45,F,Москва,11870684,married,1,secondary,employed,72041,1,0,9.4,3,34944.53,1,2022236.6,508.7,23,0.716,2.9,Samsung,22047,29,2,0,1,0.0,0
C104427,66,M,Казань,1291891,married,3,bachelor,employed,43997,0,1,13.0,2,65435.56,1,110962.84,587.2,2,0.151,,Huawei,26103,15,3,0,0,,0
C104428,28,F,Москва,12371534,married,0,bachelor,employed,110810,0,0,4.4,3,319686.34,1,996003.72,693.3,44,0.933,1.1,Huawei,16912,33,1,0,1,2.0,0
C104429,48,F,Нижний Новгород,1231254,married,3,bachelor,employed,52448,0,0,7.6,1,28491.46,1,867346.51,528.8,20,0.694,6.4,Huawei,15078,35,1,0,0,,0
C104430,61,F,Казань,1317440,married,1,secondary,employed,30697,0,1,0.2,1,10270.99,0,,546.3,6,0.521,0.6,Xiaomi,21031,8,2,0,0,,0
C104431,27,F,Уфа,1135363,single,0,master,employed,82992,0,1,8.6,2,24351.88,1,481804.64,662.4,32,0.825,2.9,Other,14819,22,2,0,0,,0
C104432,25,F,Краснодар,1087506,single,1,bachelor,employed,58360,0,0,4.1,1,18615.06,1,334945.64,579.9,29,0.696,2.0,Apple,45598,25,1,0,0,,0
C104433,26,F,Самара,1117359,single,0,bachelor,employed,41212,0,0,3.1,1,21865.69,1,855031.55,556.6,7,0.474,1.1,Other,7546,38,0,0,0,,0
C104434,60,F,Екатеринбург,1479376,married,2,bachelor,self_employed,96730,1,1,3.7,1,162233.34,1,1433657.42,557.6,16,0.686,1.0,Huawei,24235,20,3,1,1,0.0,0
C104435,42,F,Санкт-Петербург,5161154,single,1,master,employed,190338,1,1,5.9,3,440428.04,0,,747.7,41,0.939,7.6,Apple,80924,48,2,1,1,0.0,1
C104436,53,M,Ростов-на-Дону,1082076,married,1,secondary,self_employed,70705,0,0,2.1,2,15335.25,0,,,22,0.822,2.5,Huawei,30100,8,2,1,0,,0
C104437,58,F,Санкт-Петербург,5420804,married,1,bachelor,employed,153480,1,1,6.4,3,190197.25,1,1005730.16,694.7,30,0.82,0.6,Samsung,71636,11,7,0,1,1.0,1
C104438,53,M,Новосибирск,1625167,married,1,secondary,unemployed,10143,0,0,7.7,1,7738.9,0,,400.2,2,0.303,0.4,Samsung,9555,48,0,0,0,,0
C104439,31,M,Москва,12490688,single,0,master,employed,215364,1,0,4.7,3,553612.78,0,,721.9,39,0.889,0.6,Samsung,96331,16,4,1,0,,1
C104440,50,M,Ростов-на-Дону,1141930,married,2,secondary,employed,79461,1,0,9.6,2,22459.12,0,,721.3,28,0.678,9.2,Samsung,65203,8,3,1,1,0.0,1
C104441,64,F,Москва,12661647,single,0,bachelor,employed,106702,0,1,9.7,4,425809.74,1,3210133.27,665.3,15,0.422,1.6,Huawei,26742,39,4,0,1,0.0,0
C104442,66,M,Москва,12590213,married,0,secondary,employed,57479,1,1,6.0,1,230341.81,0,,539.8,15,0.404,2.4,Xiaomi,10490,48,0,1,1,0.0,0
C104443,44,F,Челябинск,1183093,married,1,secondary,employed,35167,0,0,3.4,1,28039.28,1,97281.56,593.6,14,0.67,4.8,Xiaomi,16239,23,0,0,0,,0
C104444,27,M,Челябинск,1249015,single,0,master,employed,48967,0,0,5.5,4,19935.38,1,225677.49,622.3,12,0.556,13.4,Samsung,18737,31,4,0,1,0.0,0
C104445,33,M,Казань,1325483,single,0,master,employed,48172,0,0,4.4,3,24227.59,0,,,22,0.893,7.7,Xiaomi,16871,4,5,0,1,0.0,0
C104446,27,F,Омск,1100022,single,0,phd,employed,53208,1,0,2.7,2,23343.88,1,297221.38,601.5,16,0.675,1.4,Xiaomi,14004,31,1,0,0,,0
C104447,37,F,Новосибирск,1546459,single,1,master,employed,92670,0,0,3.6,2,64972.65,0,,700.2,29,0.774,0.4,Huawei,15926,32,1,1,0,,0
C104448,47,M,Челябинск,1166073,married,1,master,employed,79842,0,0,8.9,4,186694.71,0,,549.2,25,0.66,1.9,Xiaomi,14070,7,3,0,0,,0
C104449,29,F,Омск,1110394,single,1,bachelor,employed,73423,0,0,11.0,3,109723.25,1,1542797.41,691.9,35,0.895,5.1,Xiaomi,30738,10,3,1,0,,1
C104450,22,F,Санкт-Петербург,5266151,single,0,secondary,employed,41368,0,0,4.0,1,30551.73,0,,520.0,23,0.871,7.9,Xiaomi,36600,11,2,0,0,,0
C104451,25,F,Краснодар,1003574,single,0,secondary,employed,63959,0,0,3.0,3,15533.24,0,,652.4,42,0.813,7.3,Other,6200,48,3,0,0,,0
C104452,41,M,Ростов-на-Дону,1151809,single,0,master,employed,198862,0,0,8.9,5,320608.71,1,4078061.55,751.2,39,0.767,4.7,Xiaomi,37554,38,5,1,1,0.0,1
C104453,36,F,Краснодар,1127321,single,0,secondary,self_employed,41360,1,0,10.6,1,21079.79,1,387255.94,611.9,16,0.669,8.6,Samsung,32695,2,1,0,1,2.0,0
C104454,47,F,Омск,1148796,single,2,secondary,employed,22631,0,1,11.1,2,6637.32,1,105538.2,597.6,3,0.637,1.1,Samsung,22432,11,0,0,0,,1
C104455,31,M,Самара,1141087,single,1,master,self_employed,102206,1,1,1.1,3,192218.86,1,1525401.81,590.8,46,0.973,10.3,Xiaomi,32566,16,2,0,1,1.0,1
C104456,35,M,Ростов-на-Дону,1179724,single,1,secondary,employed,49846,0,0,4.8,4,33890.54,0,,649.9,15,0.783,5.2,Apple,68955,9,4,0,1,0.0,1
C104457,51,M,Краснодар,1135981,married,4,secondary,employed,97043,0,1,2.8,3,88236.17,1,1611833.66,663.6,30,0.796,4.1,Huawei,43358,5,1,0,1,1.0,1
C104458,26,F,Самара,1128049,single,0,bachelor,employed,97933,0,1,8.0,2,115883.02,0,,689.1,34,0.842,3.9,Xiaomi,24469,5,2,0,1,0.0,0
C104459,31,M,Казань,1349022,single,0,bachelor,employed,41485,0,0,3.8,2,55003.88,0,,489.3,19,0.776,7.0,Xiaomi,7626,48,3,0,0,,0
C104460,32,M,Ростов-на-Дону,1132639,married,3,bachelor,employed,44901,0,0,2.9,1,58126.03,0,,,16,0.623,2.5,Other,7184,20,1,0,0,,0
C104461,49,F,Москва,12705338,single,1,bachelor,self_employed,284171,1,1,14.6,2,623260.25,1,1269820.64,692.6,48,0.91,9.0,Samsung,86226,10,4,0,0,,1
C104462,39,M,Москва,12536224,single,0,secondary,self_employed,246264,1,0,19.2,5,850419.82,0,,785.7,35,0.733,4.7,Apple,149412,7,4,0,1,2.0,1
C104463,48,M,Екатеринбург,1501310,married,1,secondary,employed,44502,1,0,8.9,2,65492.37,0,,511.3,7,0.384,0.6,Samsung,37200,3,4,1,1,0.0,0
C104464,52,F,Москва,12411149,married,1,bachelor,employed,138014,1,1,10.3,2,198139.92,1,2825224.1,604.0,29,0.745,4.3,Xiaomi,24951,0,2,0,0,,0
C104465,31,F,Челябинск,1201146,single,0,bachelor,employed,181309,0,1,3.9,3,246509.96,1,2546872.86,807.7,41,0.744,6.2,Apple,149412,1,3,1,1,2.0,1
C104466,51,M,Ростов-на-Дону,1131913,single,0,master,employed,177536,0,1,18.7,4,160432.55,0,,737.3,41,0.702,4.0,Apple,126357,4,7,1,0,,1
C104467,18,M,Екатеринбург,1490909,single,0,bachelor,employed,53583,0,0,0.0,2,26998.42,0,,503.2,21,0.959,2.1,Huawei,20496,10,1,0,1,0.0,0
C104468,31,M,Челябинск,1182712,single,0,secondary,employed,89187,0,0,12.1,3,107349.34,1,799860.76,629.6,18,0.784,3.6,Apple,44910,19,2,0,0,,0
C104469,50,F,Новосибирск,1687068,single,0,bachelor,employed,46756,0,0,1.6,2,51072.78,0,,,8,0.473,5.3,Xiaomi,18319,16,2,0,0,,0
C104470,33,F,Санкт-Петербург,5464551,single,1,master,employed,209891,1,0,9.5,3,1284792.73,1,1861312.48,763.5,68,0.975,5.5,Apple,129098,15,2,1,1,1.0,1
C104471,30,F,Новосибирск,1604287,single,0,bachelor,employed,81549,0,1,2.3,4,101339.73,1,1088023.69,594.5,21,0.79,13.1,Samsung,45291,13,5,0,0,,0
C104472,65,M,Самара,1115508,married,0,secondary,employed,34633,0,1,21.8,2,22567.09,0,,571.0,9,0.442,1.1,Huawei,16253,23,3,0,1,0.0,0
C104473,61,M,Омск,1202754,married,1,master,employed,128264,1,1,4.9,4,194934.68,0,,603.0,34,0.713,6.8,Xiaomi,37163,2,5,1,1,2.0,1
C104474,46,M,Краснодар,1094882,married,2,secondary,self_employed,71498,1,0,7.2,1,60594.42,1,974460.54,660.4,18,0.605,3.4,Huawei,18398,18,1,0,0,,0
C104475,33,M,Самара,1174034,single,0,bachelor,employed,76211,0,0,9.8,3,75402.46,1,2630357.33,578.2,25,0.712,2.9,Xiaomi,27959,8,3,1,1,0.0,0
C104476,34,F,Москва,12523953,single,0,secondary,employed,86931,1,1,5.9,5,304159.88,1,2163329.59,705.7,28,0.857,13.5,Xiaomi,17843,26,2,1,1,1.0,1
C104477,42,M,Екатеринбург,1512691,single,0,secondary,employed,40858,1,1,5.0,3,105073.23,0,,509.1,32,0.898,8.4,Huawei,34115,11,3,0,0,,0
C104478,20,F,Екатеринбург,1500149,single,0,bachelor,employed,65265,0,0,2.0,3,24265.65,0,,,27,0.802,7.1,Huawei,15306,38,3,0,0,,0
C104479,33,F,Нижний Новгород,1224814,single,0,bachelor,employed,75350,0,0,5.7,3,116180.76,0,,577.7,24,0.772,4.9,Xiaomi,36526,5,2,0,0,,0
C104480,28,F,Новосибирск,1572446,married,0,master,employed,53741,0,0,10.0,3,30438.59,0,,682.2,24,0.838,2.6,Xiaomi,23409,12,3,0,0,,0
C104481,44,F,Казань,1328485,single,0,bachelor,employed,297962,1,1,2.5,4,698906.63,0,,,50,0.852,1.0,Apple,130186,3,7,0,1,0.0,1
C104482,24,M,Екатеринбург,1598106,single,0,master,employed,84241,1,0,2.3,1,74360.22,1,1670810.55,650.3,27,0.912,7.0,Samsung,32290,27,3,0,0,,0
C104483,55,F,Новосибирск,1537519,married,3,bachelor,self_employed,193879,1,0,5.8,4,533022.55,1,3920569.22,720.4,44,0.719,3.3,Google,82534,6,3,1,1,1.0,1
C104484,46,M,Москва,12947671,married,3,bachelor,employed,194211,1,1,3.9,5,414638.17,1,4947780.4,683.9,49,0.876,15.1,Xiaomi,45674,16,7,1,1,1.0,1
C104485,26,F,Уфа,1123525,single,0,bachelor,employed,49393,1,0,8.0,2,35161.03,1,876705.69,672.1,24,0.922,4.2,Xiaomi,11879,48,2,0,1,1.0,0
C104486,64,F,Казань,1317109,married,2,secondary,employed,35760,0,1,14.0,4,45028.15,1,656665.54,507.4,2,0.333,1.4,Huawei,16033,23,1,0,0,,0
C104487,40,M,Краснодар,1128624,single,1,bachelor,employed,79495,1,1,20.7,1,40071.1,1,793100.21,777.8,16,0.71,5.7,Samsung,73737,29,0,0,0,,0
C104488,34,M,Краснодар,1110484,single,0,bachelor,employed,43992,0,0,1.5,1,22860.1,0,,,12,0.702,1.4,Samsung,20088,29,2,0,0,,0
C104489,47,M,Самара,1241062,single,1,secondary,employed,55908,0,0,3.3,2,133216.45,0,,643.6,14,0.668,4.9,Samsung,36957,4,4,1,0,,0
C104490,30,F,Самара,1168405,single,0,bachelor,employed,45206,0,0,1.1,1,17846.17,0,,580.6,27,0.939,2.6,Other,10388,7,0,0,0,,0
C104491,40,F,Казань,1357323,married,4,bachelor,employed,71744,0,1,20.9,5,42704.58,1,289095.65,663.0,23,0.795,3.2,Samsung,61289,26,5,0,0,,0
C104492,30,F,Челябинск,1221265,married,1,bachelor,employed,57748,1,0,2.7,3,107609.99,1,188195.25,558.1,18,0.825,2.0,Xiaomi,16549,19,2,0,0,,0
C104493,39,M,Казань,1465117,married,1,secondary,employed,102062,1,0,14.2,3,79080.89,1,620904.13,691.4,41,0.866,4.3,Apple,91933,18,2,1,1,0.0,0
C104494,34,F,Ростов-на-Дону,1131430,married,3,bachelor,self_employed,81010,0,0,3.7,2,106700.89,1,278546.66,586.8,29,0.804,3.6,Xiaomi,49248,9,3,0,1,0.0,1
C104495,39,F,Казань,1303512,married,3,bachelor,employed,57105,1,1,7.9,1,28298.12,1,1567058.73,,11,0.747,2.2,Apple,94298,9,4,0,1,1.0,1
C104496,32,F,Казань,1275671,single,0,bachelor,unemployed,55811,0,0,11.4,2,41602.96,1,903864.47,610.7,13,0.723,3.5,Xiaomi,18977,18,1,0,1,1.0,0
C104497,48,F,Челябинск,1177655,married,1,secondary,employed,101029,1,0,2.1,1,471756.76,1,1410326.76,604.6,28,0.535,0.5,Samsung,33104,46,0,0,1,2.0,0
C104498,72,M,Москва,12862189,married,2,secondary,employed,57738,0,1,9.1,2,23129.07,1,427883.31,646.6,14,0.282,0.6,Other,10663,37,2,0,1,0.0,0
C104499,29,F,Нижний Новгород,1241696,single,0,bachelor,employed,35754,0,0,11.0,1,10290.31,1,73841.63,549.0,16,0.703,8.5,Xiaomi,20267,10,1,0,0,,0
C104500,62,M,Москва,12562946,married,2,secondary,employed,81994,0,0,6.7,4,87938.5,0,,538.0,33,0.6,1.5,Other,11876,4,2,1,1,2.0,0
C104501,59,M,Нижний Новгород,1239258,married,4,bachelor,employed,62948,1,0,2.7,2,63238.84,1,828762.25,568.8,14,0.421,4.9,Samsung,54350,9,3,1,1,0.0,0
C104502,62,M,Уфа,1195841,married,5,secondary,employed,28903,1,1,3.5,1,7679.4,1,990241.52,490.7,5,0.426,0.8,Xiaomi,18007,36,0,1,1,2.0,0
C104503,27,M,Казань,1345765,single,0,bachelor,unemployed,29230,0,1,7.0,2,31835.43,0,,561.4,21,0.807,8.1,Xiaomi,10171,41,4,0,1,2.0,0
C104504,26,F,Москва,12857430,single,1,master,employed,81057,0,0,6.2,3,86984.64,1,604003.6,623.0,31,0.987,3.6,Samsung,56583,13,1,0,0,,0
C104505,24,F,Санкт-Петербург,5537464,married,1,bachelor,self_employed,57914,0,0,0.4,4,24634.56,0,,605.3,38,0.927,4.8,Xiaomi,23792,34,5,0,0,,0
C104506,38,F,Екатеринбург,1437306,single,0,master,employed,176380,1,1,7.4,2,360032.71,0,,607.5,38,0.874,5.9,Samsung,85406,6,2,1,1,1.0,1
C104507,51,M,Нижний Новгород,1225318,married,3,master,employed,94537,1,0,4.2,4,52815.25,1,566674.94,754.4,23,0.483,4.5,Huawei,31284,24,4,0,1,0.0,0
C104508,20,M,Краснодар,1081906,single,0,bachelor,employed,71338,0,0,2.0,1,42296.34,0,,,40,0.971,7.5,Xiaomi,26199,9,2,0,0,,0
C104509,22,M,Санкт-Петербург,5383811,single,0,secondary,employed,30873,0,0,2.5,3,4778.52,0,,,17,0.921,12.4,Huawei,14413,9,1,0,0,,0
C104510,38,F,Уфа,1121863,married,0,secondary,employed,44998,0,1,6.5,1,13956.73,0,,654.0,13,0.603,3.1,Xiaomi,13827,13,2,0,0,,0
C104511,26,F,Екатеринбург,1439270,single,0,bachelor,employed,41571,0,0,8.0,2,8462.96,0,,565.7,25,0.794,2.1,Other,9345,9,2,0,0,,0
C104512,25,M,Нижний Новгород,1272541,single,0,bachelor,self_employed,49666,0,0,2.9,3,39522.07,1,232328.95,530.9,23,0.696,5.1,Xiaomi,18545,38,2,0,0,,0
C104513,33,F,Нижний Новгород,1256396,single,0,secondary,employed,69900,1,0,11.4,4,37543.35,1,205999.22,525.3,22,0.738,5.4,Samsung,42917,12,5,0,0,,0
C104514,47,F,Москва,12776490,married,1,master,self_employed,229583,1,0,8.1,1,1221230.85,0,,654.6,50,0.907,1.6,Samsung,149412,4,2,0,1,0.0,1
C104515,36,F,Омск,1148893,single,2,bachelor,self_employed,105101,0,1,4.6,2,144011.43,1,417596.35,679.0,18,0.462,4.5,Samsung,70136,2,3,0,0,,1
C104516,36,F,Москва,13235137,single,0,secondary,self_employed,66274,0,1,13.6,5,45216.98,1,1892948.21,732.5,34,0.931,13.5,Other,8997,39,5,1,1,1.0,1
C104517,50,M,Новосибирск,1605365,single,0,secondary,employed,84136,1,0,6.9,2,230619.11,1,1704081.24,719.2,23,0.49,1.1,OnePlus,44153,10,1,0,0,,0
C104518,31,F,Нижний Новгород,1140598,married,1,bachelor,employed,76126,1,1,4.1,1,81275.25,0,,493.0,42,0.861,4.4,Other,17138,4,1,0,1,1.0,0
C104519,24,F,Самара,1151451,single,0,bachelor,employed,53538,0,1,6.0,2,90878.39,1,540392.9,606.0,23,0.777,4.9,Xiaomi,20474,13,4,0,0,,0
C104520,27,F,Санкт-Петербург,5158985,single,0,secondary,employed,67011,0,0,4.3,2,15686.57,0,,599.9,28,0.961,3.9,Samsung,46240,31,3,0,0,,0
C104521,34,F,Екатеринбург,1503522,married,0,bachelor,employed,62754,1,1,10.9,1,83207.15,0,,674.9,25,0.775,8.1,Xiaomi,41159,5,1,0,0,,0
C104522,23,F,Самара,1212797,single,0,bachelor,self_employed,49175,1,0,5.0,2,122241.95,0,,603.0,38,0.889,22.5,Apple,54621,34,2,0,0,,0
C104523,39,F,Ростов-на-Дону,1130956,single,2,bachelor,self_employed,39332,0,0,5.7,1,93879.75,0,,629.4,17,0.555,7.1,Other,10784,26,2,0,0,,0
C104524,54,F,Москва,12544146,married,3,bachelor,employed,153109,1,0,4.9,6,516147.58,1,2102548.95,641.2,45,0.851,1.3,Apple,149412,14,3,1,0,,1
C104525,61,F,Новосибирск,1658268,single,0,secondary,employed,45112,0,0,11.9,3,13502.32,0,,580.6,12,0.558,2.2,Xiaomi,8623,48,1,0,0,,0
C104526,22,F,Екатеринбург,1560766,single,0,bachelor,employed,70912,0,0,4.0,3,59256.04,0,,504.5,31,0.868,10.5,Samsung,30080,37,3,0,0,,0
C104527,27,M,Москва,12550910,single,1,bachelor,employed,98457,0,0,2.4,2,127770.04,0,,630.9,43,0.985,5.4,Xiaomi,33607,6,2,0,0,,0
C104528,38,M,Москва,12891009,divorced,0,secondary,employed,114896,1,0,10.8,4,211353.06,0,,715.3,46,0.84,6.8,Apple,108667,13,4,0,1,0.0,1
C104529,30,F,Москва,12836454,single,0,bachelor,employed,251163,1,0,2.2,3,492996.3,0,,,54,0.796,5.2,Apple,117132,25,11,1,1,1.0,1
C104530,39,M,Ростов-на-Дону,1178756,married,2,bachelor,employed,151708,0,0,2.8,4,123002.06,1,1120873.04,732.2,45,0.769,10.0,Apple,121494,7,2,0,1,0.0,1
C104531,33,M,Уфа,1247991,single,0,master,unemployed,22423,0,1,4.2,1,9587.78,1,79865.89,502.1,2,0.371,3.6,Xiaomi,10685,13,2,0,0,,0
C104532,39,F,Санкт-Петербург,5421357,single,0,secondary,employed,68510,1,0,1.4,1,62379.95,1,162080.45,603.9,21,0.82,3.3,Xiaomi,19048,7,3,1,1,0.0,0
C104533,30,M,Екатеринбург,1516955,single,0,bachelor,employed,23330,0,0,12.0,1,21556.96,0,,526.8,6,0.583,2.1,Xiaomi,10082,29,0,0,0,,0
C104534,35,M,Екатеринбург,1491473,single,0,bachelor,self_employed,44937,0,0,17.0,2,20328.87,0,,554.6,23,0.755,2.5,Samsung,45659,13,2,0,0,,0
C104535,65,F,Ростов-на-Дону,1136314,married,3,secondary,self_employed,29045,0,0,13.1,1,5975.73,0,,,7,0.468,3.2,Other,9199,48,2,0,0,,0
C104536,38,F,Краснодар,1139439,single,0,master,employed,164441,1,1,2.9,2,195934.25,1,556445.49,647.9,30,0.863,4.9,Huawei,37740,40,3,1,1,0.0,1
C104537,53,F,Челябинск,1227076,married,0,bachelor,self_employed,149552,1,1,6.5,2,309253.67,0,,684.8,33,0.82,5.6,Samsung,119596,9,2,0,1,0.0,1
C104538,48,F,Краснодар,1112156,married,1,bachelor,employed,131060,1,1,3.4,2,92875.09,1,1061321.1,740.3,26,0.478,5.1,Xiaomi,68820,7,2,0,1,1.0,1
C104539,64,F,Казань,1326167,married,2,master,employed,34480,0,0,10.7,1,29495.94,0,,594.0,7,0.384,1.7,Xiaomi,14829,30,2,1,0,,0
C104540,53,F,Санкт-Петербург,5359900,married,2,secondary,employed,56228,0,0,7.4,2,136218.72,0,,524.2,27,0.949,0.9,Xiaomi,16184,20,3,0,1,0.0,0
C104541,23,M,Уфа,1086390,single,0,bachelor,employed,48987,0,0,3.3,1,17254.89,1,301343.56,568.6,27,0.832,5.0,Other,12268,14,0,0,0,,0
C104542,45,F,Екатеринбург,1520691,married,3,master,self_employed,113919,1,0,2.0,3,94756.53,0,,,23,0.781,5.4,Xiaomi,23849,18,2,0,1,0.0,0
C104543,63,M,Екатеринбург,1458644,married,1,bachelor,employed,51781,0,0,9.2,3,29052.57,1,513954.04,672.6,11,0.291,1.8,Xiaomi,25066,8,2,1,0,,0
C104544,30,F,Нижний Новгород,1253320,single,0,bachelor,employed,43158,0,0,7.6,3,31654.79,1,467418.37,595.6,4,0.576,1.4,Other,9997,22,2,1,1,1.0,0
C104545,60,F,Нижний Новгород,1163015,single,0,secondary,employed,101790,1,0,7.2,4,150930.31,1,480822.59,653.2,38,0.721,7.8,Apple,79433,19,2,0,0,,0
C104546,26,M,Омск,1121404,single,0,bachelor,employed,59836,1,0,2.5,1,52718.7,0,,,27,0.999,9.8,Other,6886,18,1,0,0,,0
C104547,27,M,Москва,12579411,single,0,secondary,employed,121567,1,0,5.9,4,123399.45,0,,720.1,32,0.611,2.3,Apple,69743,13,1,0,0,,0
C104548,60,M,Уфа,1163613,single,1,secondary,employed,60632,0,0,3.4,3,99632.51,0,,600.9,20,0.562,2.8,OnePlus,35392,11,1,1,0,,0
C104549,30,F,Санкт-Петербург,5079880,single,0,master,employed,111789,0,0,6.6,1,241501.83,0,,604.5,36,0.807,6.9,Apple,119440,15,3,0,0,,1
C104550,69,M,Новосибирск,1657548,married,0,secondary,employed,66692,1,1,4.0,4,148776.47,0,,642.0,16,0.487,1.0,Samsung,46698,39,5,0,1,0.0,0
C104551,29,M,Новосибирск,1596124,married,0,secondary,employed,48527,1,1,3.0,1,44923.55,1,390464.05,707.1,25,0.687,2.0,Xiaomi,10162,48,1,0,1,1.0,0
C104552,26,F,Омск,1162668,single,0,secondary,employed,87781,0,0,4.1,3,72029.81,0,,601.8,25,0.743,3.9,Xiaomi,22730,30,1,0,1,0.0,0
C104553,64,M,Уфа,1133663,married,4,bachelor,employed,58603,0,1,3.5,2,187750.21,1,479908.41,531.5,15,0.533,1.4,Samsung,27890,48,3,0,0,,0
C104554,69,F,Санкт-Петербург,5257144,married,4,secondary,self_employed,24772,0,1,12.1,2,29993.39,0,,498.2,2,0.108,0.5,Xiaomi,16873,13,1,0,1,0.0,0
C104555,22,M,Омск,1129414,married,1,secondary,employed,35646,0,0,4.0,2,10972.41,1,919181.31,527.6,18,0.744,1.5,Xiaomi,15671,22,1,0,0,,0
C104556,54,F,Москва,12347809,married,0,secondary,employed,88681,0,1,7.0,1,168127.36,0,,782.3,21,0.718,1.7,Samsung,65166,18,1,1,0,,0
C104557,22,F,Казань,1420606,single,1,master,employed,47849,1,1,4.0,1,22726.57,1,321262.63,553.6,21,0.912,5.5,Other,10658,27,3,0,0,,0
C104558,30,F,Екатеринбург,1577394,single,0,bachelor,employed,138511,0,0,1.7,3,159955.42,0,,,31,0.822,4.5,Huawei,42377,16,3,0,1,1.0,1
C104559,54,F,Казань,1337920,married,1,master,self_employed,66296,0,1,7.1,5,78043.99,1,935776.22,675.1,13,0.323,1.0,Apple,56480,31,4,0,0,,0
C104560,50,F,Казань,1333903,married,1,bachelor,employed,117699,1,1,4.7,4,761182.58,1,2925640.09,601.4,34,0.684,3.9,Apple,105340,5,2,0,0,,0
C104561,47,F,Омск,1141564,married,0,secondary,employed,40963,0,1,8.9,2,67855.64,0,,694.8,13,0.708,2.0,Other,7457,31,4,0,0,,0
C104562,33,F,Омск,1126007,single,1,secondary,employed,40428,0,0,1.7,2,17258.31,0,,,14,0.636,2.9,Xiaomi,10672,20,1,0,0,,0
C104563,49,F,Новосибирск,1600179,married,2,secondary,employed,31990,0,0,12.4,3,20976.68,0,,506.8,9,0.571,3.4,Other,6292,45,0,0,0,,0
C104564,43,M,Москва,12157952,married,4,master,employed,149754,1,1,2.2,3,145287.66,1,989235.57,,42,0.799,10.6,Samsung,50735,18,4,1,1,0.0,1
C104565,41,F,Казань,1361599,married,3,bachelor,employed,85306,1,0,9.0,1,171524.01,1,1319821.25,581.3,16,0.61,1.7,Xiaomi,40077,3,3,0,0,,0
C104566,23,F,Нижний Новгород,1239639,single,0,bachelor,employed,46857,1,0,5.0,2,16100.38,1,887317.59,614.9,24,0.908,18.1,Xiaomi,13616,6,1,1,0,,0
C104567,52,F,Омск,1177587,married,0,bachelor,employed,58291,1,1,2.0,2,48080.47,1,740875.38,,11,0.308,2.9,Xiaomi,31103,6,3,1,1,0.0,0
C104568,29,F,Новосибирск,1649201,single,1,bachelor,employed,82698,0,1,10.3,2,21397.36,1,437694.71,529.3,29,0.833,5.2,Samsung,42647,24,3,0,1,3.0,1
C104569,25,M,Москва,12665191,single,0,bachelor,employed,140693,0,0,4.2,5,55357.58,1,700384.07,706.4,45,0.995,19.5,Xiaomi,36437,5,5,1,1,0.0,1
C104570,36,M,Челябинск,1197568,divorced,1,secondary,self_employed,66000,0,0,4.1,2,57656.55,0,,598.5,20,0.768,1.6,Huawei,31121,13,4,0,0,,0
C104571,33,M,Нижний Новгород,1210433,single,0,secondary,employed,45907,0,0,2.9,2,47129.71,1,224784.27,676.9,20,0.861,8.2,Huawei,13924,39,2,0,1,0.0,0
C104572,49,F,Москва,12886019,married,1,bachelor,employed,189664,0,1,16.9,2,340854.85,1,5352510.84,572.5,41,0.66,6.9,Apple,144460,7,3,0,1,0.0,1
C104573,37,M,Москва,12737499,married,4,bachelor,employed,218994,1,1,6.7,4,333562.84,1,1638298.43,705.6,53,0.984,1.9,Samsung,93453,4,6,1,1,1.0,1
C104574,55,M,Омск,1089523,single,0,secondary,employed,76846,0,0,1.0,1,154532.41,0,,,25,0.534,2.0,Samsung,41210,48,1,1,1,2.0,0
C104575,51,F,Новосибирск,1652571,married,2,bachelor,self_employed,120315,1,1,9.1,3,409623.92,1,1566356.55,722.9,30,0.748,1.5,Xiaomi,20513,6,4,0,1,0.0,0
C104576,43,M,Москва,13454203,married,1,bachelor,employed,185962,1,1,8.3,5,930280.48,0,,801.9,46,0.858,5.5,Huawei,60048,2,2,1,1,0.0,1
C104577,42,M,Москва,13115516,married,4,secondary,self_employed,60720,0,1,8.8,3,110169.54,1,677029.98,535.4,26,0.935,11.5,Samsung,82606,7,1,0,1,1.0,1
C104578,50,F,Уфа,1142020,married,0,master,employed,118397,1,1,0.6,1,130030.19,0,,,31,0.763,14.3,Samsung,59218,6,0,0,1,0.0,1
C104579,29,F,Челябинск,1220420,single,0,bachelor,employed,116582,0,0,11.0,5,153848.31,0,,748.3,28,0.607,5.9,Xiaomi,25387,34,9,1,1,1.0,1
C104580,44,M,Ростов-на-Дону,1180774,married,3,bachelor,employed,83635,1,1,1.9,1,71086.6,1,1620268.37,599.1,29,0.602,3.0,Huawei,27072,23,2,0,1,0.0,0
C104581,37,F,Омск,1098122,married,0,master,employed,118971,0,1,2.1,1,52843.41,1,1251985.81,618.5,40,0.76,0.7,Xiaomi,28841,18,1,0,1,0.0,0
C104582,65,M,Уфа,1122680,married,3,secondary,employed,31766,1,0,4.2,2,16120.98,0,,510.8,9,0.425,1.5,Other,7932,25,4,0,1,0.0,0
C104583,50,F,Ростов-на-Дону,1130696,married,4,master,employed,50892,0,1,9.8,3,32182.35,1,103041.53,657.0,14,0.573,3.4,Samsung,37088,15,3,0,0,,0
C104584,44,F,Новосибирск,1633108,single,0,master,self_employed,87472,1,0,1.8,4,201073.63,0,,667.4,34,0.645,6.3,Apple,91198,9,2,0,1,1.0,1
C104585,27,M,Казань,1387761,married,2,secondary,employed,13226,0,0,7.4,1,3193.81,0,,547.3,2,0.752,2.4,Xiaomi,9981,15,0,0,0,,0
C104586,57,M,Новосибирск,1650506,married,4,bachelor,employed,68636,1,1,10.7,3,87234.98,1,605711.65,698.7,10,0.208,0.9,Xiaomi,35499,33,2,0,1,1.0,0
C104587,49,M,Новосибирск,1617355,married,1,bachelor,employed,53435,1,0,5.6,4,166258.16,0,,578.2,8,0.309,0.5,Xiaomi,23215,34,4,0,1,0.0,0
C104588,31,F,Нижний Новгород,1208243,single,0,bachelor,employed,23047,0,0,4.5,1,40087.18,0,,433.2,19,0.789,3.8,Huawei,12030,38,1,0,0,,0
C104589,37,M,Санкт-Петербург,5345411,single,0,bachelor,employed,124173,1,0,8.8,3,96515.65,0,,650.7,33,0.693,8.0,Xiaomi,27757,23,4,0,0,,0
C104590,35,F,Уфа,1232422,single,0,secondary,employed,31393,0,0,11.1,1,25824.3,1,435878.38,495.9,15,0.773,5.1,Xiaomi,19316,15,2,0,1,0.0,0
C104591,34,F,Казань,1285694,single,0,bachelor,self_employed,111449,1,0,3.8,4,90011.38,1,4177273.98,685.5,40,0.689,3.0,Apple,121895,14,6,0,0,,1
C104592,62,F,Казань,1348188,married,0,bachelor,employed,45443,0,1,16.0,3,150209.0,1,838538.21,667.3,2,0.128,1.0,Samsung,19695,28,0,0,0,,0
C104593,49,M,Санкт-Петербург,5474422,single,0,secondary,employed,82596,0,0,6.6,1,48756.91,1,625540.76,740.4,39,0.727,6.8,Other,17474,5,2,0,0,,0
C104594,50,M,Самара,1119287,married,3,bachelor,employed,109992,1,0,7.7,5,161086.27,0,,696.6,22,0.663,0.6,Samsung,70638,4,4,0,1,0.0,1
C104595,22,F,Москва,12410454,single,0,master,employed,81204,0,0,4.0,4,98383.68,1,975221.27,679.7,36,0.942,9.9,Samsung,79243,22,6,1,0,,1
C104596,58,M,Краснодар,1066283,married,2,secondary,employed,59581,1,1,2.2,4,62424.28,1,510776.12,596.0,16,0.558,2.3,Xiaomi,13456,37,3,0,0,,0
C104597,36,F,Казань,1257254,married,1,bachelor,employed,60026,0,1,10.6,1,21187.97,1,535474.03,610.7,33,0.815,4.2,Samsung,15561,47,2,0,0,,0
C104598,28,F,Челябинск,1199111,single,0,master,self_employed,70117,1,0,10.0,2,31688.68,1,660310.38,595.3,23,0.681,8.1,Samsung,40988,23,2,0,1,1.0,1
C104599,23,F,Ростов-на-Дону,1138068,married,1,bachelor,employed,40670,0,0,5.0,1,38066.44,0,,495.9,15,0.884,5.9,Other,6071,39,0,0,0,,0
C104600,31,M,Ростов-на-Дону,1156425,single,0,master,employed,52998,1,0,1.8,1,110770.28,1,556591.51,479.5,22,0.798,4.7,Xiaomi,17069,13,2,0,1,0.0,0
C104601,69,M,Новосибирск,1651852,married,3,secondary,self_employed,43779,1,1,11.7,2,52996.38,1,58575.59,650.2,3,0.063,0.4,Xiaomi,14962,19,3,0,1,0.0,0
C104602,29,M,Челябинск,1186588,single,0,bachelor,employed,71154,0,0,1.2,2,71678.25,0,,,29,0.671,4.1,Samsung,44500,7,3,0,1,2.0,1
C104603,29,F,Екатеринбург,1459744,single,0,bachelor,employed,40623,0,0,10.9,2,27623.93,1,479465.83,610.2,13,0.856,1.4,Xiaomi,11637,38,3,1,0,,0
C104604,35,M,Москва,12546901,married,1,bachelor,employed,104506,1,1,4.4,1,43684.74,1,264322.18,618.7,38,0.887,5.6,Samsung,70449,25,3,0,1,0.0,1
C104605,53,M,Санкт-Петербург,5403034,married,5,master,employed,64505,1,0,4.3,3,104627.59,0,,570.2,24,0.698,2.1,Xiaomi,22127,17,1,0,0,,0
C104606,67,M,Санкт-Петербург,5728636,married,2,bachelor,employed,84104,1,0,20.8,4,101498.17,0,,765.4,33,0.547,3.3,Xiaomi,26984,11,4,1,1,1.0,1
C104607,34,F,Екатеринбург,1472771,single,0,bachelor,self_employed,180755,0,1,3.6,2,95910.65,0,,683.3,36,0.737,1.1,Xiaomi,36337,8,2,0,1,0.0,0
C104608,57,M,Омск,1206895,married,0,secondary,self_employed,49738,1,1,9.8,1,25135.06,1,285686.08,603.7,21,0.394,2.3,Xiaomi,18815,18,5,1,1,0.0,0
C104609,32,F,Москва,12936025,single,0,bachelor,employed,156806,0,1,6.5,5,316043.27,0,,707.4,38,0.997,2.7,Apple,130368,17,3,0,1,1.0,1
C104610,66,M,Челябинск,1145229,married,3,secondary,employed,30446,0,1,9.5,2,20656.32,0,,608.3,8,0.514,1.4,Huawei,12887,12,0,0,1,0.0,0
C104611,24,F,Москва,12498033,single,0,bachelor,employed,152306,1,0,3.0,4,106444.12,1,1735443.52,761.5,48,0.967,8.7,Apple,98500,14,3,0,1,0.0,1
C104612,59,F,Москва,12495675,married,4,master,employed,86302,0,1,5.9,1,180414.88,1,1701442.03,659.9,17,0.432,1.2,Huawei,36078,12,0,0,0,,0
C104613,38,F,Омск,1161219,married,1,master,unemployed,57639,0,1,2.9,4,62894.47,0,,619.5,19,0.582,3.1,Xiaomi,17994,29,4,1,1,3.0,0
C104614,62,M,Краснодар,1075388,married,1,bachelor,employed,31073,0,0,6.5,2,6879.48,0,,592.3,2,0.2,0.1,Xiaomi,13922,29,2,0,0,,0
C104615,23,F,Ростов-на-Дону,1153034,single,0,secondary,employed,168593,1,1,5.0,3,136979.65,0,,736.0,35,0.956,5.5,Samsung,69310,26,3,0,1,0.0,1
C104616,36,F,Новосибирск,1655960,single,0,bachelor,employed,154539,0,1,11.8,5,54875.74,1,870758.97,755.6,37,0.533,2.7,Huawei,34142,8,1,0,1,1.0,1
C104617,33,F,Санкт-Петербург,5295912,single,1,bachelor,employed,89256,0,0,8.7,2,108444.26,0,,532.8,31,0.939,1.1,Xiaomi,24739,29,0,0,0,,0
C104618,29,M,Новосибирск,1723500,single,0,bachelor,self_employed,59850,0,0,2.1,4,19849.45,1,1435233.67,557.1,26,0.871,11.9,Xiaomi,15361,48,4,0,0,,0
C104619,35,M,Челябинск,1186735,single,0,master,employed,91965,1,0,10.9,3,21041.85,0,,670.5,30,0.591,4.2,Huawei,52335,12,3,0,1,0.0,1
C104620,37,F,Омск,1090480,single,1,master,employed,52527,0,0,19.0,3,30810.79,1,189428.63,661.6,15,0.564,4.1,Huawei,29119,4,2,0,0,,0
C104621,48,F,Нижний Новгород,1172890,married,2,secondary,employed,31304,0,0,7.7,2,22931.4,0,,541.3,10,0.612,0.1,Xiaomi,17322,34,2,1,0,,0
C104622,39,M,Новосибирск,1630745,married,0,bachelor,employed,117432,1,0,21.0,6,78094.89,1,592813.7,693.9,36,0.789,9.3,Samsung,56703,22,6,1,1,0.0,1
C104623,62,M,Нижний Новгород,1201946,married,2,bachelor,self_employed,118839,1,1,1.6,4,164378.74,0,,657.0,33,0.631,,Apple,72703,19,4,1,1,0.0,1
C104624,38,F,Москва,12610750,married,3,bachelor,employed,80843,0,1,2.2,4,134502.59,1,611282.07,685.5,30,0.925,3.0,Xiaomi,26508,19,4,1,0,,0
C104625,22,M,Екатеринбург,1483471,single,0,bachelor,employed,34071,0,0,4.0,1,14087.2,1,234626.79,592.1,17,0.93,3.2,Xiaomi,21904,3,2,0,0,,0
C104626,24,F,Нижний Новгород,1238562,married,0,bachelor,employed,169128,1,1,6.0,4,146976.69,0,,600.9,56,0.924,30.0,Apple,121676,18,3,1,1,0.0,1
C104627,43,F,Челябинск,1197327,single,0,master,employed,72687,0,0,3.6,2,65875.41,1,239447.36,708.0,32,0.83,4.2,Xiaomi,22569,27,1,0,0,,0
C104628,51,F,Москва,13094766,single,0,bachelor,unemployed,20248,0,0,10.7,1,10657.93,0,,526.4,15,0.893,1.7,Other,11208,1,0,0,0,,0
C104629,44,F,Самара,1175647,single,2,secondary,employed,45787,0,0,3.3,3,36879.28,0,,584.4,30,0.703,7.9,Huawei,22427,12,2,0,0,,0
C104630,36,F,Москва,12805726,single,0,secondary,employed,92805,1,0,10.6,4,93122.88,1,1402091.75,,37,0.804,3.7,Samsung,45745,20,2,0,0,,0
C104631,46,M,Новосибирск,1649171,married,2,secondary,employed,53898,0,1,10.2,2,148653.15,0,,628.5,16,0.639,8.1,Other,10733,28,4,0,0,,0
C104632,32,M,Краснодар,1132326,single,0,master,employed,128918,1,0,8.7,3,331949.74,1,3009197.17,672.4,42,0.857,3.7,Samsung,91058,3,6,1,0,,1
C104633,28,F,Санкт-Петербург,5411626,single,1,master,employed,64454,0,1,10.0,1,19668.91,1,265835.66,566.7,34,0.952,8.8,Samsung,40873,15,3,1,0,,1
C104634,32,F,Уфа,1121902,single,1,bachelor,employed,32459,0,0,2.0,2,11904.45,0,,520.7,5,0.581,3.3,Xiaomi,10402,6,2,0,0,,0
C104635,30,F,Санкт-Петербург,5138153,married,2,bachelor,employed,95053,0,0,0.5,3,224089.07,1,4912019.08,559.8,35,0.848,3.1,Xiaomi,26909,21,1,1,1,0.0,0
C104636,57,M,Санкт-Петербург,5361753,single,1,bachelor,employed,78431,1,1,12.2,1,68613.29,1,1191730.91,550.2,18,0.437,1.2,Huawei,12934,36,3,0,1,0.0,0
C104637,28,M,Москва,12664963,single,0,secondary,employed,90181,1,0,7.3,2,49491.7,0,,658.4,36,0.939,18.4,Samsung,47423,48,2,0,1,0.0,1
C104638,32,M,Омск,1138274,single,0,bachelor,employed,32960,0,0,11.4,2,17440.73,0,,600.0,15,0.769,1.7,Huawei,19085,11,1,0,1,1.0,0
C104639,21,F,Самара,1142793,single,0,bachelor,employed,80791,1,0,1.4,2,60373.44,1,4386144.75,536.3,26,0.631,5.6,Xiaomi,27595,4,2,1,0,,0
C104640,34,F,Челябинск,1164487,married,0,secondary,employed,47599,0,0,7.8,1,54982.68,0,,665.5,13,0.891,4.4,Xiaomi,11591,21,1,0,0,,0
C104641,35,M,Санкт-Петербург,5545338,married,0,secondary,employed,116221,1,0,17.0,5,87174.3,1,534125.14,645.1,35,0.629,10.1,Samsung,94368,13,2,1,0,,1
C104642,26,F,Ростов-на-Дону,1110659,single,0,master,employed,22018,0,0,8.0,2,25851.82,0,,505.7,3,0.652,4.2,Xiaomi,11688,23,0,0,0,,0
C104643,51,M,Екатеринбург,1509115,married,1,bachelor,self_employed,137820,1,0,2.8,1,330970.72,1,1815997.33,713.6,41,0.788,5.0,Apple,119615,12,1,0,1,1.0,1
C104644,26,F,Казань,1300636,single,1,bachelor,employed,140617,0,0,3.5,1,238394.71,1,306555.66,696.4,37,0.794,1.9,Apple,90286,17,0,0,1,0.0,1
C104645,38,M,Ростов-на-Дону,1107301,married,0,secondary,employed,47879,0,0,1.4,1,56472.33,1,981044.06,557.1,20,0.674,4.3,Samsung,22556,48,1,0,0,,0
C104646,34,M,Краснодар,1079916,single,0,bachelor,employed,109146,0,1,4.8,3,48153.11,1,1414863.23,620.8,34,0.899,10.6,Samsung,43098,19,2,0,1,1.0,1
C104647,29,F,Челябинск,1165742,single,1,secondary,employed,97162,0,0,1.7,1,101550.76,1,538464.4,599.2,42,0.899,1.7,Samsung,63652,17,4,0,0,,0
C104648,70,F,Новосибирск,1593044,married,2,secondary,employed,31256,0,1,0.8,1,16341.31,1,321613.83,526.7,4,0.24,0.4,Huawei,15016,3,0,0,0,,0
C104649,38,F,Ростов-на-Дону,1144359,married,2,bachelor,employed,99792,1,0,8.9,3,62801.04,1,1171053.76,651.2,35,0.707,2.2,Samsung,61826,4,6,0,1,0.0,1
C104650,41,F,Краснодар,1090291,single,0,master,employed,149558,1,1,9.8,6,94977.25,1,1719810.67,727.7,49,0.927,6.2,Apple,149412,16,5,0,1,0.0,1
C104651,30,F,Новосибирск,1595775,single,0,bachelor,employed,123726,1,1,4.3,1,104135.41,1,732523.09,622.4,36,0.834,7.3,Apple,86244,19,3,0,0,,1
C104652,32,M,Санкт-Петербург,5295381,single,0,secondary,employed,55906,0,1,3.6,2,46399.32,1,1520931.5,605.4,26,0.957,7.9,Apple,86065,19,3,0,1,0.0,1
C104653,42,F,Новосибирск,1621048,married,1,bachelor,employed,88475,0,0,12.9,1,43692.45,0,,758.8,21,0.631,1.8,Huawei,23583,14,4,0,0,,0
C104654,58,M,Челябинск,1211416,married,2,bachelor,employed,36625,0,0,1.4,1,13416.05,0,,,2,0.241,1.4,Samsung,16040,44,2,0,0,,0
C104655,27,F,Санкт-Петербург,5413767,single,0,bachelor,employed,86088,1,0,8.1,4,36991.52,1,1661566.2,642.5,26,0.87,1.0,OnePlus,43380,11,2,0,0,,0
C104656,56,F,Нижний Новгород,1247124,married,1,bachelor,employed,33198,0,0,7.1,1,37273.36,0,,464.8,7,0.509,1.7,Huawei,15713,22,1,0,0,,0
C104657,56,F,Санкт-Петербург,5556101,married,2,secondary,employed,67192,1,0,6.3,3,97640.77,1,2738237.15,,22,0.575,2.7,Xiaomi,16483,14,4,0,1,0.0,0
C104658,24,M,Нижний Новгород,1247853,single,0,bachelor,self_employed,71650,0,1,3.1,3,89177.51,0,,,22,0.659,3.2,Xiaomi,14403,48,6,1,1,0.0,0
C104659,33,M,Краснодар,1063848,single,0,bachelor,employed,26343,0,0,1.4,2,31578.11,1,204020.51,513.5,12,0.805,2.6,Other,4979,48,0,0,0,,0
C104660,31,M,Екатеринбург,1532429,single,0,bachelor,self_employed,124125,0,0,0.5,1,245941.75,1,261883.86,698.2,37,0.91,6.9,OnePlus,73623,12,2,1,1,1.0,1
C104661,53,M,Нижний Новгород,1249046,single,0,secondary,employed,64011,1,1,8.4,1,57193.57,1,955714.77,583.6,21,0.555,2.2,Huawei,25461,15,1,0,1,0.0,0
C104662,26,M,Казань,1303299,single,0,bachelor,employed,58517,0,0,8.0,1,38884.06,0,,559.9,20,0.772,4.6,Samsung,40009,26,0,0,0,,0
C104663,35,F,Самара,1155623,married,2,master,unemployed,64590,1,0,4.4,1,42903.51,1,307871.89,628.7,20,0.771,4.8,Xiaomi,18182,24,2,0,1,2.0,0
C104664,30,F,Москва,13084231,single,0,bachelor,employed,148839,1,0,10.7,1,322884.0,0,,609.0,28,0.859,11.0,Samsung,81394,13,3,1,1,0.0,1
C104665,35,F,Уфа,1158351,single,0,bachelor,employed,78255,1,0,0.4,1,45793.99,1,499544.95,580.9,24,0.784,3.6,Samsung,48749,35,1,0,1,0.0,0
C104666,24,M,Новосибирск,1605577,single,0,bachelor,self_employed,116184,0,0,5.5,2,62651.37,1,809450.76,725.0,35,0.908,8.0,Apple,111016,12,1,0,1,3.0,1
C104667,36,F,Омск,1127252,single,1,secondary,employed,103071,1,0,5.3,1,59837.17,1,1732088.27,625.6,30,0.791,2.0,Xiaomi,36401,10,4,0,0,,0
C104668,54,M,Нижний Новгород,1199670,married,3,bachelor,employed,25406,0,0,5.8,1,24287.16,1,119448.74,452.2,2,0.13,0.6,Huawei,18299,6,0,0,0,,0
C104669,40,F,Нижний Новгород,1174226,single,1,bachelor,employed,26338,0,0,7.8,1,18618.75,1,393234.13,475.1,11,0.649,4.1,Xiaomi,10129,45,0,0,0,,0
C104670,61,F,Новосибирск,1598076,married,5,bachelor,employed,203646,1,1,4.6,4,158779.47,1,1437042.98,777.2,34,0.292,3.9,Apple,149412,9,3,0,1,0.0,1
C104671,68,F,Омск,1158545,widowed,4,bachelor,employed,29071,0,0,2.5,2,11900.09,0,,545.3,2,0.226,0.7,Huawei,8470,36,1,0,0,,0
C104672,57,M,Казань,1311505,married,2,bachelor,employed,55914,0,1,0.4,1,38904.1,0,,508.4,13,0.338,2.2,Huawei,29015,5,2,0,0,,0
C104673,43,M,Новосибирск,1625253,single,0,master,self_employed,83341,0,0,3.4,1,68726.79,1,987305.15,624.4,29,0.796,8.3,Other,12289,34,0,0,0,,0
C104674,31,F,Краснодар,1112166,single,0,master,employed,37606,0,0,6.9,1,8110.32,1,442823.38,580.8,16,0.819,1.4,Xiaomi,15870,6,2,0,0,,0
C104675,29,M,Уфа,1165207,married,0,bachelor,employed,53982,0,0,7.2,2,26277.71,1,542103.64,558.3,27,0.949,4.2,Xiaomi,21379,1,4,0,0,,0
C104676,31,M,Новосибирск,1575743,single,0,secondary,employed,52663,0,0,2.0,2,54435.78,0,,491.0,18,0.717,4.2,Apple,43614,22,1,0,0,,0
C104677,31,F,Москва,12132178,married,1,bachelor,employed,188303,1,1,5.9,3,137987.92,1,2272266.59,765.2,44,0.862,28.0,Apple,76923,29,5,0,1,0.0,1
C104678,36,M,Ростов-на-Дону,1187306,single,1,master,employed,107455,0,0,9.4,2,44804.74,1,6328888.61,676.5,42,0.919,10.5,Huawei,14781,31,3,0,0,,0
C104679,29,F,Челябинск,1162561,married,0,secondary,employed,90692,1,0,2.7,1,80261.34,1,1730177.14,636.1,28,0.945,9.5,Samsung,76427,2,3,0,1,1.0,1
C104680,25,F,Челябинск,1191299,married,0,bachelor,employed,68846,0,0,3.5,3,105516.7,1,140470.64,651.9,20,0.815,9.9,Other,10992,33,2,0,1,0.0,0
C104681,70,F,Нижний Новгород,1219758,divorced,5,bachelor,employed,76237,1,1,2.6,2,55692.75,0,,,15,0.656,3.2,Other,20085,1,6,1,0,,0
C104682,46,F,Уфа,1118124,divorced,1,bachelor,employed,125150,1,1,4.3,2,85141.26,0,,732.3,31,0.776,2.0,Samsung,63155,11,4,1,1,0.0,1
C104683,32,M,Омск,1135900,single,0,phd,employed,66866,0,1,8.2,2,23979.09,1,110292.32,620.3,26,0.697,0.3,Samsung,71999,17,1,1,1,2.0,1
C104684,20,M,Ростов-на-Дону,1137802,single,0,bachelor,employed,75880,0,0,2.0,4,74822.89,1,731563.27,700.3,33,0.858,13.6,Apple,74249,12,4,1,1,0.0,1
C104685,32,M,Санкт-Петербург,5548110,married,0,secondary,self_employed,122733,0,1,10.8,2,58097.96,0,,641.0,37,0.933,1.7,Google,86678,6,1,1,0,,1
C104686,36,M,Москва,12964590,married,2,master,employed,174823,1,1,4.1,2,74737.8,1,3675804.01,805.6,43,0.949,2.0,Apple,133228,13,0,1,1,0.0,1
C104687,59,F,Нижний Новгород,1236470,married,1,bachelor,unemployed,17998,0,0,8.9,1,88333.03,1,258013.93,542.6,4,0.319,0.2,Samsung,19736,40,1,0,0,,0
C104688,54,F,Екатеринбург,1538349,married,5,secondary,employed,26185,0,0,1.8,1,19103.98,1,886749.37,563.6,2,0.48,0.3,Xiaomi,18305,25,0,0,0,,0
C104689,53,M,Москва,12542043,single,0,bachelor,employed,105273,1,1,7.4,5,255665.25,1,858404.25,661.0,25,0.422,3.1,Samsung,40417,10,0,0,1,0.0,0
C104690,33,M,Нижний Новгород,1290646,single,0,bachelor,employed,74546,0,1,2.1,2,164893.25,0,,718.0,26,0.865,4.4,Apple,95500,5,1,1,0,,1
C104691,41,F,Омск,1201107,married,3,master,employed,84164,0,1,6.1,2,60752.5,1,1357400.64,646.5,26,0.665,0.7,Huawei,20486,20,3,0,0,,0
C104692,20,F,Санкт-Петербург,5249495,single,0,master,employed,137075,1,0,2.0,3,218368.85,1,1131691.2,704.2,41,0.897,9.5,Xiaomi,24294,39,3,0,1,1.0,0
C104693,31,F,Уфа,1130286,single,0,bachelor,self_employed,127989,0,1,2.5,2,90748.93,0,,,28,0.918,7.9,Xiaomi,41420,13,2,1,1,0.0,1
C104694,31,M,Новосибирск,1643312,married,0,bachelor,unemployed,20006,0,0,1.3,1,20840.23,0,,504.8,2,0.463,4.4,Xiaomi,14386,33,1,0,0,,0
C104695,38,M,Москва,12793313,married,1,master,employed,141430,1,1,15.4,3,145391.82,1,1175133.22,830.3,39,0.755,9.3,Samsung,91591,5,7,1,1,2.0,1
C104696,60,M,Нижний Новгород,1266663,single,1,bachelor,employed,28369,0,0,2.5,1,20771.3,1,235621.97,599.0,2,0.24,0.6,Xiaomi,14023,7,2,1,0,,0
C104697,39,M,Санкт-Петербург,5411225,married,3,master,employed,98284,1,0,3.2,2,90718.38,1,542226.67,708.5,43,0.956,3.9,Samsung,57194,12,1,0,1,1.0,1
C104698,29,F,Москва,12608023,single,0,master,employed,275649,1,0,11.0,7,847739.6,1,7518144.09,777.4,46,0.729,5.4,Apple,149412,2,8,1,1,0.0,1
C104699,57,M,Омск,1081553,married,0,bachelor,employed,123470,1,1,5.8,3,409794.32,1,659186.73,726.9,15,0.29,5.4,Xiaomi,23433,4,4,0,1,0.0,0
C104700,51,M,Уфа,1119957,married,1,bachelor,employed,128246,1,1,10.3,4,32143.84,1,673565.26,726.5,22,0.325,3.4,Huawei,41211,7,5,0,1,0.0,1
C104701,25,F,Уфа,1160726,single,0,bachelor,employed,113672,0,1,6.0,2,223434.7,1,715545.09,,24,0.957,1.6,Xiaomi,42402,2,1,0,1,1.0,1
C104702,44,M,Уфа,1122081,married,2,master,employed,138467,0,0,9.6,4,417025.57,0,,618.0,33,0.793,2.4,Xiaomi,28739,5,2,1,0,,0
C104703,29,M,Уфа,1124872,single,0,bachelor,employed,91474,0,0,11.0,3,148808.9,1,654695.09,606.5,21,0.732,5.1,Samsung,32486,26,1,1,1,0.0,1
C104704,19,M,Санкт-Петербург,5417839,single,0,master,self_employed,128117,1,0,1.0,1,64091.41,0,,,41,0.996,11.2,OnePlus,39392,2,2,0,0,,0
C104705,50,F,Нижний Новгород,1231343,married,4,secondary,employed,74251,0,0,11.9,2,129901.39,0,,599.7,30,0.797,2.6,Xiaomi,30698,6,1,1,1,1.0,1
C104706,25,M,Санкт-Петербург,5705492,single,0,secondary,employed,136171,1,1,7.0,6,108370.3,1,1195946.63,730.3,46,0.866,14.3,Apple,101573,16,4,1,1,1.0,1
C104707,44,F,Ростов-на-Дону,1178195,married,2,secondary,self_employed,88647,1,0,7.8,2,113779.45,1,808413.96,728.8,33,0.839,5.4,Xiaomi,29204,7,4,1,0,,1
C104708,20,F,Екатеринбург,1502586,single,0,master,employed,30398,0,0,2.0,4,10666.48,0,,594.2,14,0.847,6.7,Xiaomi,10232,48,0,0,0,,0
C104709,61,M,Казань,1289457,married,2,secondary,unemployed,10000,0,0,2.2,1,2358.04,0,,,5,0.235,0.2,Xiaomi,11889,38,0,0,0,,0
C104710,63,F,Санкт-Петербург,5292937,single,1,bachelor,employed,133567,1,0,2.5,4,202579.66,0,,,35,0.657,7.2,Apple,76248,33,3,0,1,1.0,1
C104711,19,F,Санкт-Петербург,5112581,single,0,bachelor,employed,44494,0,1,1.0,1,111302.77,1,283140.5,631.1,25,0.999,5.0,Other,5348,28,2,1,0,,0
C104712,35,F,Омск,1132238,single,0,bachelor,employed,129683,0,0,17.0,6,201906.34,0,,710.5,44,0.962,9.2,Samsung,87815,2,2,1,1,0.0,1
C104713,33,F,Новосибирск,1666071,single,0,bachelor,employed,57528,0,0,7.5,3,94834.77,0,,613.8,28,0.807,3.9,Samsung,53522,5,3,0,0,,0
C104714,49,F,Казань,1346366,married,2,bachelor,employed,98526,1,1,7.1,1,107568.05,1,2085600.53,543.9,25,0.509,4.6,Apple,75204,11,1,1,1,1.0,1
C104715,29,F,Омск,1099989,single,0,master,employed,94796,0,0,11.0,3,74542.14,1,347052.31,721.4,35,0.837,2.5,Apple,111057,4,2,0,1,1.0,1
C104716,62,M,Самара,1180520,single,0,secondary,employed,80651,1,1,5.8,3,39649.14,1,791186.63,580.2,38,0.746,7.7,Xiaomi,12416,17,4,1,1,0.0,0
C104717,45,F,Казань,1389979,married,1,bachelor,employed,79721,0,0,11.3,2,129850.59,1,810722.05,597.1,31,0.754,9.6,Xiaomi,34421,7,1,0,0,,0
C104718,30,M,Краснодар,1081556,single,0,bachelor,employed,34950,0,0,1.1,1,29148.78,1,139305.32,670.2,10,0.499,1.5,Xiaomi,17850,13,1,0,0,,0
C104719,53,F,Самара,1197512,single,0,secondary,employed,128316,1,1,5.4,3,337301.64,0,,615.6,36,0.647,15.1,Xiaomi,45327,1,4,1,1,0.0,1
C104720,26,M,Краснодар,1098675,single,0,bachelor,employed,50049,0,0,3.4,3,60626.66,1,1680430.66,512.4,19,0.664,1.5,Xiaomi,22367,13,3,0,0,,0
C104721,41,F,Уфа,1134607,single,0,bachelor,employed,45180,0,0,5.4,2,35211.83,0,,644.4,19,0.677,1.3,Xiaomi,14355,38,0,0,0,,0
C104722,68,M,Санкт-Петербург,5343453,married,1,secondary,employed,56114,1,1,3.1,4,36470.93,0,,,10,0.223,0.6,Other,15159,9,2,0,1,0.0,0
C104723,29,M,Краснодар,1071174,single,0,secondary,employed,48489,0,1,8.9,2,51798.16,1,745967.65,644.1,31,0.9,8.0,OnePlus,29145,29,0,0,0,,0
C104724,24,F,Санкт-Петербург,5372405,single,0,bachelor,employed,44550,0,0,6.0,1,43698.2,0,,574.7,27,0.958,8.2,Xiaomi,22175,19,4,1,0,,0
C104725,44,F,Нижний Новгород,1224166,single,0,bachelor,employed,86641,1,1,2.9,1,167858.15,1,576158.67,610.2,37,0.798,3.6,Google,71714,10,1,1,1,0.0,1
C104726,28,M,Москва,12973248,single,0,bachelor,employed,84274,0,0,7.3,3,196690.06,0,,640.8,36,0.881,2.9,Xiaomi,42894,7,1,0,1,1.0,1
C104727,39,M,Казань,1355322,single,0,secondary,employed,47538,0,0,11.2,1,85230.12,1,1501211.48,661.3,20,0.803,6.4,Xiaomi,14864,44,2,0,0,,0
C104728,60,M,Новосибирск,1568728,married,1,master,employed,96917,0,0,14.1,4,66709.5,0,,569.4,27,0.647,1.8,Apple,123364,12,7,0,0,,0
C104729,26,F,Краснодар,1083330,single,0,bachelor,employed,65465,0,0,6.2,2,27618.56,1,926330.68,594.3,25,0.78,6.9,Xiaomi,23858,9,1,1,1,0.0,0
C104730,56,F,Москва,12685333,married,2,secondary,employed,97054,0,1,4.8,2,255148.73,1,1314311.59,600.3,17,0.39,2.6,Xiaomi,23542,12,0,0,0,,0
C104731,36,M,Омск,1174372,single,0,secondary,unemployed,30619,0,0,6.0,3,11091.07,1,825559.81,555.4,17,0.828,6.1,Apple,46950,25,4,0,0,,0
C104732,35,F,Москва,12030449,single,0,bachelor,employed,113307,0,0,5.1,3,117958.77,0,,672.5,32,0.971,10.4,Apple,99865,16,3,0,0,,1
C104733,36,M,Казань,1265200,married,2,bachelor,employed,79504,1,0,7.7,3,68217.37,1,1036270.61,635.8,28,0.76,7.0,Samsung,76978,1,5,0,1,0.0,1
C104734,26,F,Москва,12959712,single,0,bachelor,self_employed,106948,1,1,5.4,3,124395.11,1,3576319.25,753.8,39,0.89,4.6,Apple,57237,28,0,0,1,0.0,1
C104735,39,M,Уфа,1147390,single,1,secondary,employed,107170,0,0,7.6,2,82187.34,1,1039093.12,626.9,32,0.783,3.9,Samsung,61081,6,1,1,0,,1
C104736,58,F,Краснодар,1087884,married,0,bachelor,employed,152162,0,1,16.1,3,241528.54,1,5585655.42,593.1,19,0.329,3.7,Samsung,49854,7,0,0,1,2.0,0
C104737,28,F,Нижний Новгород,1262922,single,0,bachelor,employed,82670,0,0,7.4,2,31116.85,1,375341.73,716.7,33,0.991,8.4,Samsung,37629,18,6,1,1,0.0,1
C104738,39,F,Нижний Новгород,1208303,married,1,bachelor,employed,106152,1,0,4.4,1,84748.71,1,3053181.66,671.6,26,0.464,0.5,Xiaomi,30466,22,1,1,0,,0
C104739,33,F,Нижний Новгород,1309304,divorced,0,secondary,employed,43768,0,0,15.0,1,26184.0,0,,590.1,26,0.794,3.3,Xiaomi,18348,6,2,0,0,,0
C104740,37,M,Санкт-Петербург,5496690,single,0,bachelor,employed,250435,1,0,3.6,4,476352.34,0,,762.4,44,0.898,8.4,Apple,149412,2,7,1,1,0.0,1
C104741,38,M,Ростов-на-Дону,1117001,married,1,secondary,employed,54713,1,0,1.4,2,127389.63,1,292190.76,598.7,19,0.601,2.6,Samsung,70385,6,2,0,0,,0
C104742,70,M,Екатеринбург,1485526,married,2,secondary,employed,22569,0,0,16.3,1,26179.74,1,139341.08,463.5,4,0.398,1.5,Other,3525,48,1,0,0,,0
C104743,30,M,Екатеринбург,1355021,married,1,bachelor,employed,39266,0,0,2.6,2,24728.15,1,397845.52,509.4,13,0.707,1.5,Huawei,19005,13,0,0,0,,0
C104744,46,M,Нижний Новгород,1171783,single,0,bachelor,self_employed,141661,1,1,15.1,1,265778.49,1,207771.95,670.5,42,0.863,0.9,Apple,91301,5,3,0,1,0.0,1
C104745,61,F,Москва,12800551,married,3,bachelor,employed,115352,1,0,3.4,4,118517.91,1,2046902.42,726.5,26,0.888,3.8,Huawei,29538,5,5,1,0,,1
C104746,39,F,Казань,1280578,single,0,secondary,employed,120615,1,1,2.2,3,92590.06,1,3687622.15,680.9,28,0.752,11.3,Apple,127223,12,5,0,1,2.0,1
C104747,29,F,Москва,13047570,single,0,master,employed,99990,0,0,6.7,2,70300.0,0,,665.5,40,0.863,12.4,OnePlus,39857,25,1,1,0,,1
C104748,33,F,Ростов-на-Дону,1140425,married,0,bachelor,employed,153601,1,0,12.2,3,622005.23,1,1528433.89,747.6,42,0.76,3.5,Apple,122939,3,3,0,0,,1
C104749,63,M,Ростов-на-Дону,1161885,married,4,bachelor,employed,45803,1,1,13.9,1,38097.68,1,1071287.8,543.2,4,0.258,1.4,Google,35357,42,2,1,0,,0
C104750,32,M,Омск,1146454,single,0,master,employed,57281,0,0,0.8,2,101505.47,1,466292.68,572.6,22,0.902,4.1,Samsung,37430,12,0,0,0,,0
C104751,47,M,Омск,1113079,married,2,secondary,self_employed,65990,0,1,6.4,1,24473.95,1,2187848.49,,29,0.702,9.3,Other,13506,21,0,1,1,1.0,0
C104752,23,M,Самара,1204010,single,1,bachelor,employed,65333,0,0,5.0,3,26360.31,0,,649.1,36,0.955,12.9,Xiaomi,20358,37,3,1,1,0.0,1
C104753,65,M,Краснодар,1081305,married,2,secondary,self_employed,112209,1,1,15.1,5,371653.88,0,,714.9,28,0.635,3.6,Samsung,48412,9,2,1,1,0.0,1
C104754,32,F,Екатеринбург,1510777,single,0,bachelor,employed,47135,0,1,7.6,1,21315.64,1,485884.99,575.7,24,0.85,7.5,Other,19844,5,0,0,0,,0
C104755,58,F,Новосибирск,1641404,married,2,bachelor,employed,51725,0,0,13.4,3,31387.05,1,292464.97,566.6,16,0.589,0.6,Xiaomi,21912,45,2,0,1,0.0,0
C104756,63,M,Самара,1202163,married,4,bachelor,unemployed,37437,0,0,0.6,1,18887.97,0,,,4,0.096,0.2,Xiaomi,27640,5,3,0,0,,0
C104757,43,M,Уфа,1167380,single,0,bachelor,employed,113069,1,1,5.6,2,195653.92,1,1613612.94,655.7,33,0.67,3.6,Xiaomi,26416,24,3,0,0,,0
C104758,31,M,Нижний Новгород,1146604,single,1,bachelor,employed,76154,1,0,5.5,2,44989.54,1,176152.17,513.6,32,0.81,5.5,Google,23290,40,3,0,1,0.0,0
C104759,59,F,Москва,12402820,divorced,2,secondary,employed,44729,0,0,3.9,2,140070.22,1,159590.0,575.9,12,0.548,1.9,Xiaomi,17814,38,2,0,0,,0
C104760,25,F,Казань,1351248,single,0,secondary,employed,45955,1,0,5.9,2,46818.02,1,120416.17,614.5,19,0.757,1.7,Xiaomi,14926,27,2,0,0,,0
C104761,67,M,Екатеринбург,1492159,divorced,2,bachelor,self_employed,79724,1,1,15.8,3,22115.62,1,737863.26,659.5,16,0.39,2.0,Apple,73948,18,3,0,1,0.0,0
C104762,67,M,Казань,1280624,married,5,secondary,employed,53211,1,0,8.3,3,23522.05,1,212403.5,564.2,13,0.276,3.7,Xiaomi,11350,11,3,0,1,1.0,0
C104763,33,F,Самара,1154617,married,1,bachelor,employed,63287,0,1,9.2,2,7930.31,1,320892.4,642.2,31,0.835,9.0,Xiaomi,19323,5,2,0,0,,0
C104764,39,M,Уфа,1111054,married,3,master,employed,64794,1,0,4.1,4,77533.58,1,844598.02,497.7,26,0.923,6.9,Xiaomi,11800,32,1,0,0,,0
C104765,30,F,Уфа,1117366,single,1,secondary,employed,45832,0,0,1.6,1,14358.11,1,221392.29,600.4,31,0.934,7.2,Xiaomi,12282,48,3,1,0,,0
C104766,67,F,Нижний Новгород,1245349,married,5,secondary,employed,58136,1,1,6.2,2,28784.06,1,1162394.21,596.5,11,0.427,1.4,Samsung,29302,48,1,0,1,1.0,0
C104767,34,F,Санкт-Петербург,5396114,single,0,bachelor,self_employed,115725,1,1,3.2,1,141118.55,1,1733816.4,708.6,26,0.81,8.5,Huawei,62561,7,2,0,0,,1
C104768,62,F,Казань,1312304,married,3,master,employed,55933,0,1,17.8,3,22506.62,1,661806.69,531.3,11,0.181,,Xiaomi,26027,39,2,0,0,,0
C104769,38,F,Челябинск,1174716,single,0,secondary,employed,55168,0,1,0.7,1,40049.58,1,418613.29,599.3,25,0.786,2.7,Huawei,29024,1,1,0,0,,0
C104770,53,M,Санкт-Петербург,5550681,divorced,5,secondary,employed,67055,1,0,11.1,2,104962.36,1,401988.27,627.1,22,0.633,4.3,Huawei,28956,9,3,1,1,1.0,0
C104771,59,F,Екатеринбург,1535188,married,3,secondary,employed,40707,1,0,19.3,3,17144.72,1,859050.25,604.0,9,0.605,0.4,Xiaomi,12825,22,3,1,0,,0
C104772,67,M,Казань,1287605,married,4,secondary,employed,27000,0,0,15.2,1,17641.25,0,,525.1,2,0.22,,Other,5663,16,0,0,0,,0
C104773,42,M,Уфа,1191466,single,0,master,employed,192874,1,1,10.6,2,223166.16,1,262273.53,654.6,50,0.891,8.9,Apple,149412,6,3,0,1,0.0,1
C104774,18,M,Самара,1156155,single,0,bachelor,employed,46353,0,0,0.0,1,24618.58,0,,,16,0.996,11.1,Xiaomi,15458,12,1,1,0,,0
C104775,55,F,Санкт-Петербург,5724071,married,2,bachelor,employed,160827,1,1,9.3,2,362531.02,1,639621.98,714.5,32,0.835,9.6,Huawei,31247,15,4,0,1,0.0,0
C104776,33,F,Краснодар,1120806,single,0,bachelor,employed,79629,1,0,1.9,2,138190.22,0,,463.8,24,0.762,2.6,Samsung,70006,27,2,1,1,0.0,1
C104777,67,F,Новосибирск,1701597,married,3,secondary,employed,24272,0,1,5.6,1,26441.76,1,191781.81,661.3,2,0.359,0.5,Other,5091,48,1,0,0,,0
C104778,20,F,Москва,12209352,single,0,secondary,employed,118480,1,0,2.0,3,58814.94,0,,623.8,39,0.817,5.5,Xiaomi,37490,13,3,1,1,0.0,1
C104779,59,F,Омск,1037710,married,2,secondary,employed,176234,1,1,5.2,4,1002876.01,1,3145142.25,674.0,46,0.467,4.5,Xiaomi,29434,22,2,0,1,0.0,0
C104780,19,M,Челябинск,1237750,single,0,master,employed,53166,0,0,1.0,2,23957.61,0,,500.5,25,0.823,8.4,Xiaomi,26339,0,0,0,0,,0
C104781,35,M,Омск,1144873,married,1,bachelor,employed,141637,1,0,11.1,2,119183.27,1,1786326.25,657.5,45,0.71,6.3,Samsung,76271,8,1,0,1,1.0,1
C104782,27,F,Омск,1079140,single,0,secondary,employed,41077,0,0,2.8,2,10910.56,1,307392.4,475.1,22,0.888,4.8,Other,5159,48,3,0,0,,0
C104783,40,M,Екатеринбург,1495893,married,3,master,employed,79269,1,0,10.8,3,68495.07,1,265475.98,617.8,31,0.862,9.1,OnePlus,32516,23,3,0,0,,0
C104784,72,F,Новосибирск,1672034,single,0,bachelor,employed,50591,1,1,10.5,4,61494.06,1,601679.62,590.1,8,0.319,,Xiaomi,16726,23,4,0,1,0.0,0
C104785,66,F,Санкт-Петербург,5496548,married,0,secondary,employed,28487,0,1,5.4,1,22773.51,0,,678.0,2,0.274,0.1,Xiaomi,12650,41,4,0,1,0.0,0
C104786,34,F,Самара,1207620,single,0,bachelor,employed,48679,0,0,5.3,2,54629.34,1,690352.44,566.6,12,0.625,0.3,Xiaomi,13593,7,2,0,1,0.0,0
C104787,26,F,Нижний Новгород,1297361,single,0,secondary,employed,43648,0,0,8.0,2,22134.17,1,1613644.04,602.6,22,0.797,5.5,Xiaomi,13467,25,3,1,0,,0
C104788,26,F,Екатеринбург,1518673,single,0,secondary,employed,54892,0,0,5.6,1,64039.66,0,,625.7,22,0.836,18.9,Xiaomi,16337,5,3,0,0,,0
C104789,31,F,Уфа,1149605,single,0,bachelor,employed,132158,1,1,1.5,3,77027.46,1,1715834.43,659.9,37,0.563,9.3,Samsung,48222,24,3,1,1,0.0,1
C104790,63,F,Челябинск,1218254,married,3,secondary,employed,46807,0,0,10.3,1,44087.79,1,459173.83,647.5,12,0.396,1.1,Other,10157,27,1,0,0,,0
C104791,61,M,Ростов-на-Дону,1116976,single,1,secondary,employed,42033,0,0,13.2,2,14082.27,0,,461.2,5,0.364,2.2,Huawei,36564,8,4,0,0,,0
C104792,54,M,Ростов-на-Дону,1147436,married,3,bachelor,employed,77541,1,1,10.4,3,124768.77,1,1532390.85,656.7,18,0.591,0.6,Huawei,37507,5,2,0,1,1.0,0
C104793,46,M,Екатеринбург,1490639,married,2,bachelor,employed,131230,1,1,2.2,1,511073.68,1,13061768.27,620.3,31,0.701,5.2,Samsung,77666,5,1,0,1,1.0,1
C104794,46,F,Самара,1149386,married,0,secondary,employed,57910,0,0,9.3,4,35425.73,0,,564.3,15,0.634,1.5,Huawei,15425,28,3,1,0,,0
C104795,62,F,Омск,1042086,married,1,secondary,employed,17615,0,0,1.2,1,13143.45,0,,,3,0.183,0.3,Xiaomi,21132,20,0,0,1,0.0,0
C104796,35,F,Санкт-Петербург,5093207,single,1,secondary,employed,98425,1,1,1.0,7,86535.22,1,840813.6,630.6,44,0.94,5.1,Samsung,50058,19,6,1,0,,1
C104797,39,F,Самара,1172637,single,1,bachelor,employed,61354,1,1,10.9,2,149096.17,1,424861.24,680.7,29,0.663,3.9,Huawei,24864,34,5,0,0,,0
C104798,33,F,Екатеринбург,1557292,single,0,master,employed,35762,0,0,7.8,2,19845.95,0,,503.2,8,0.628,4.1,Xiaomi,9108,41,2,0,1,0.0,0
C104799,18,F,Краснодар,1128332,single,0,bachelor,employed,59320,0,0,0.0,1,32076.9,1,743126.95,663.5,23,0.81,3.1,Huawei,25961,24,2,1,0,,0
C104800,23,M,Москва,12736953,single,0,secondary,employed,43483,0,0,4.7,2,18281.87,1,556798.06,609.9,24,0.98,7.8,Xiaomi,9967,48,4,0,0,,0
C104801,58,F,Омск,1111410,married,1,secondary,employed,25885,0,0,3.9,1,9165.55,0,,512.6,2,0.477,2.4,Huawei,9899,43,1,0,0,,0
C104802,21,M,Казань,1308317,single,0,bachelor,employed,87361,1,0,3.0,4,123671.8,0,,,35,0.964,5.8,Xiaomi,17482,47,0,0,0,,0
C104803,43,M,Москва,12577688,single,1,bachelor,self_employed,230766,1,1,5.3,2,386839.11,1,1106801.34,690.9,50,0.702,8.8,Apple,140113,8,4,1,0,,1
C104804,30,M,Челябинск,1145872,married,1,secondary,employed,64222,1,0,12.0,3,25528.68,0,,615.1,22,0.907,5.5,Xiaomi,15795,10,6,0,0,,0
C104805,55,F,Краснодар,1084938,married,3,master,employed,119730,1,0,1.7,3,151390.21,1,1072550.25,602.3,28,0.565,1.4,Xiaomi,30528,3,3,0,1,0.0,0
C104806,30,M,Москва,12405264,single,1,bachelor,employed,71274,0,0,2.1,4,37098.48,1,367619.07,666.9,28,0.857,5.0,Xiaomi,34301,11,3,1,1,0.0,1
C104807,37,F,Нижний Новгород,1228935,single,0,bachelor,employed,106586,1,1,5.6,6,90989.16,0,,766.5,37,0.952,3.5,Xiaomi,20736,25,4,0,1,1.0,1
C104808,30,M,Нижний Новгород,1242880,married,0,bachelor,self_employed,38082,0,0,0.6,2,12680.73,1,551564.99,568.6,13,0.692,3.5,Huawei,18760,22,0,0,0,,0
C104809,35,F,Москва,12123050,single,0,secondary,self_employed,98624,0,1,4.2,3,186472.62,1,1062780.19,693.3,39,0.707,13.4,Apple,122329,17,2,1,1,0.0,1
C104810,35,M,Челябинск,1147479,single,0,bachelor,self_employed,88149,1,0,9.2,2,54597.94,1,1673112.93,643.2,25,0.675,4.1,Apple,57665,30,4,0,0,,0
C104811,21,F,Новосибирск,1627513,married,0,bachelor,employed,82320,0,1,3.0,2,84900.65,0,,663.2,27,0.932,4.2,Apple,48986,33,2,1,1,1.0,1
C104812,48,M,Санкт-Петербург,5390277,married,1,bachelor,self_employed,62661,1,0,4.5,2,118138.41,1,426936.93,653.5,32,0.761,6.4,Apple,38237,38,1,0,1,0.0,0
C104813,26,F,Казань,1285253,single,0,secondary,self_employed,67668,0,0,8.0,2,52373.13,0,,579.5,30,0.887,4.6,Samsung,28850,16,3,0,0,,0
C104814,36,M,Омск,1142560,married,0,secondary,employed,65358,1,0,3.2,4,90318.43,1,2363834.76,644.4,21,0.649,4.3,Xiaomi,22239,6,5,1,1,0.0,1
C104815,45,M,Санкт-Петербург,5355065,married,1,bachelor,employed,95015,0,1,0.7,2,45605.06,0,,585.5,35,0.864,4.2,OnePlus,42689,8,5,0,1,0.0,0
C104816,60,M,Казань,1273444,married,3,secondary,employed,46170,1,0,7.6,1,77059.05,1,2157225.59,599.6,6,0.301,,Xiaomi,17091,10,2,0,0,,0
C104817,54,F,Краснодар,1081976,married,2,secondary,employed,46561,0,0,25.1,2,32488.64,1,513934.55,776.8,4,0.135,0.6,Other,12303,8,2,0,1,1.0,0
C104818,46,F,Казань,1321260,married,3,secondary,employed,64848,0,1,7.7,3,52231.66,1,488026.97,557.2,11,0.462,3.0,Samsung,46553,39,2,1,1,0.0,0
C104819,48,F,Новосибирск,1635403,married,0,secondary,employed,43336,0,0,4.2,2,11814.26,0,,600.7,15,0.526,2.9,Huawei,20488,12,2,0,0,,0
C104820,42,F,Москва,12671220,married,4,master,employed,48757,0,0,16.6,1,24777.05,0,,499.3,18,0.59,4.3,Samsung,25140,48,0,0,0,,0
C104821,58,F,Краснодар,1105783,single,1,phd,employed,25790,0,0,4.7,2,28213.39,0,,567.2,3,0.034,0.3,Huawei,20534,18,1,0,1,1.0,0
C104822,49,F,Москва,12420100,married,3,bachelor,employed,214272,1,1,10.6,6,2973564.3,1,6736745.36,720.3,44,0.759,10.7,Samsung,80869,4,5,0,1,0.0,1
C104823,46,M,Новосибирск,1587894,single,0,bachelor,employed,87121,1,1,5.2,3,204513.82,0,,655.2,26,0.705,2.6,Xiaomi,16588,32,4,1,1,0.0,0
C104824,40,M,Новосибирск,1643352,married,3,bachelor,employed,52722,0,0,10.7,3,26951.33,1,315350.83,561.4,20,0.717,2.1,Samsung,44266,26,1,0,0,,0
C104825,25,M,Казань,1190738,single,0,bachelor,employed,40441,0,0,7.0,2,32767.43,0,,586.9,25,0.906,6.1,Samsung,33757,15,2,0,0,,0
C104826,72,M,Санкт-Петербург,5224467,married,4,bachelor,employed,103423,1,1,4.1,3,180308.17,1,418310.64,678.6,19,0.274,5.2,Apple,123568,3,4,0,1,0.0,1
C104827,65,F,Омск,1133708,married,2,secondary,employed,59807,1,1,3.1,1,76224.63,1,373507.76,568.2,11,0.29,0.4,OnePlus,44890,8,1,1,0,,0
C104828,25,F,Санкт-Петербург,5422117,single,0,bachelor,employed,62220,0,0,7.0,2,98153.88,0,,609.0,27,0.891,3.1,Xiaomi,19267,11,2,0,0,,0
C104829,35,F,Нижний Новгород,1211445,divorced,0,bachelor,employed,90774,1,0,6.3,3,148678.23,1,2936173.69,668.3,28,0.683,4.2,Xiaomi,24799,24,3,0,1,0.0,0
C104830,30,F,Москва,12512291,married,2,bachelor,employed,87675,1,0,2.8,2,73896.49,0,,,35,0.969,11.9,Apple,71388,2,6,1,0,,1
C104831,45,F,Новосибирск,1702390,married,2,secondary,employed,74332,1,0,2.9,1,30472.09,0,,,21,0.689,1.4,Samsung,45100,22,1,0,0,,0
C104832,26,F,Москва,12907822,married,0,bachelor,employed,133141,1,0,6.9,1,62299.01,1,2428794.97,658.3,31,0.916,4.4,Apple,61531,11,3,0,1,3.0,1
C104833,65,M,Новосибирск,1689039,married,5,master,self_employed,94856,1,1,8.2,4,159988.49,1,1682986.61,732.4,19,0.401,1.5,Xiaomi,19515,39,1,0,0,,0
C104834,32,M,Уфа,1145639,married,0,master,employed,151700,1,1,1.0,2,482508.49,1,1613730.74,670.8,44,0.758,3.6,Samsung,81047,16,4,0,0,,0
C104835,68,M,Нижний Новгород,1168063,married,4,bachelor,employed,117016,1,0,3.8,2,591732.46,1,1009382.09,681.5,29,0.597,2.1,Samsung,49247,7,0,1,1,0.0,1
C104836,46,M,Уфа,1101041,married,2,bachelor,employed,27310,0,0,3.4,1,47905.29,0,,,9,0.681,0.5,Samsung,23783,6,1,0,0,,0
C104837,45,M,Москва,12509444,single,0,secondary,self_employed,39179,0,1,1.3,2,35325.01,1,165135.79,589.8,24,0.923,4.4,Other,8664,18,5,0,0,,0
C104838,55,F,Москва,12464359,married,2,secondary,employed,97971,0,1,1.3,2,97636.26,0,,529.0,28,0.771,1.9,Xiaomi,15235,46,7,1,0,,0
C104839,64,M,Москва,12817729,married,1,secondary,employed,95141,0,1,4.4,1,144626.05,1,812118.46,724.0,28,0.743,1.6,Xiaomi,18805,8,0,0,0,,0
C104840,42,F,Нижний Новгород,1244611,married,4,bachelor,employed,53079,0,1,0.4,4,30508.78,1,1233757.64,680.7,14,0.706,5.2,Other,11283,24,3,0,0,,0
C104841,46,M,Москва,12455193,single,0,secondary,self_employed,183544,1,1,4.6,4,80927.4,1,2269819.37,700.8,37,0.704,10.2,Apple,115883,14,4,0,1,0.0,1
C104842,35,F,Новосибирск,1663559,single,0,secondary,employed,101524,1,0,4.4,4,136632.47,1,817278.63,638.3,46,0.947,5.6,Samsung,44597,14,2,0,0,,0
C104843,41,F,Омск,1081804,married,2,secondary,employed,58555,1,1,3.9,1,78786.2,1,3113960.34,502.5,17,0.851,7.5,Xiaomi,17443,19,3,0,0,,0
C104844,41,M,Краснодар,1082840,single,2,bachelor,unemployed,51785,0,1,3.3,3,19550.47,0,,600.3,19,0.719,2.8,Other,9150,9,2,0,0,,0
C104845,38,M,Москва,13380009,married,2,master,employed,113839,0,1,8.1,5,143669.6,1,829797.87,705.5,38,0.798,11.9,Xiaomi,20585,21,6,0,0,,0
C104846,54,F,Самара,1144221,married,0,secondary,employed,27994,0,0,1.5,1,10822.36,0,,527.2,2,0.423,2.1,Huawei,16100,11,2,0,0,,0
C104847,55,M,Екатеринбург,1429330,married,1,secondary,employed,57809,0,0,11.0,3,57714.3,1,713083.01,560.8,16,0.321,1.3,Other,11037,21,3,0,1,1.0,0
C104848,45,F,Казань,1309134,married,1,secondary,self_employed,47872,0,0,6.7,2,25572.49,1,150307.79,529.2,16,0.635,7.7,Other,11278,18,1,0,0,,0
C104849,28,F,Казань,1355816,single,0,bachelor,employed,105508,0,0,6.2,4,71710.11,1,1322718.42,682.9,35,0.952,1.6,Apple,47054,45,3,0,1,0.0,1
C104850,34,M,Омск,1131030,married,1,secondary,employed,27065,0,0,9.0,3,4215.75,1,1016490.83,507.9,13,0.79,1.6,OnePlus,31524,6,0,0,0,,0
C104851,52,M,Санкт-Петербург,5303731,married,5,bachelor,employed,71714,1,1,9.9,2,46898.2,1,639069.71,582.3,21,0.517,2.7,Xiaomi,26041,10,2,0,0,,0
C104852,45,F,Москва,12062296,single,1,master,self_employed,192310,1,1,9.5,4,1007878.87,1,1047536.58,689.8,43,0.614,4.2,Apple,100876,19,3,1,1,0.0,1
C104853,39,F,Ростов-на-Дону,1191487,single,1,bachelor,employed,92646,1,1,5.6,3,81769.37,0,,701.2,34,0.726,8.1,OnePlus,41277,4,5,0,0,,0
C104854,61,F,Казань,1273473,married,2,bachelor,employed,61560,1,0,3.4,2,75266.17,1,427510.67,512.4,16,0.429,1.6,Samsung,64034,26,4,0,1,0.0,0
C104855,28,M,Санкт-Петербург,5323060,single,0,secondary,employed,68110,0,1,6.4,2,37301.08,0,,702.4,34,0.88,5.3,Google,53816,14,2,0,0,,0
C104856,64,F,Омск,1122939,married,1,bachelor,employed,89860,1,1,2.7,3,84865.56,1,1492351.54,558.3,23,0.629,3.6,Google,59417,10,3,0,1,0.0,0
C104857,67,F,Новосибирск,1636560,married,4,bachelor,employed,78025,1,1,4.8,3,166550.78,1,2310087.3,508.5,15,0.318,3.7,Xiaomi,13471,45,4,1,0,,0
C104858,25,F,Нижний Новгород,1244828,single,1,bachelor,employed,51189,1,0,2.8,2,24648.57,1,252610.7,552.5,16,0.853,4.1,Apple,86399,15,1,0,0,,0
C104859,36,F,Омск,1091298,married,2,bachelor,employed,62290,0,0,9.0,1,27477.15,0,,628.8,31,0.836,2.9,Xiaomi,20706,15,3,0,1,1.0,0
C104860,53,F,Казань,1280591,married,1,secondary,self_employed,113235,0,1,3.9,3,134427.73,1,2723339.48,690.3,25,0.558,4.2,Xiaomi,20076,48,3,0,0,,0
C104861,30,M,Санкт-Петербург,5092988,married,0,secondary,employed,53234,1,0,1.6,1,38400.62,0,,,20,0.658,2.1,Samsung,27607,25,3,0,0,,0
C104862,31,M,Самара,1191347,married,1,bachelor,employed,82716,1,1,2.3,2,107543.76,0,,611.6,23,0.875,5.4,Xiaomi,25435,6,1,0,0,,0
C104863,47,M,Омск,1090789,divorced,0,bachelor,employed,70856,0,1,12.0,3,51733.31,1,998076.45,539.6,33,0.832,5.1,Other,11371,18,4,0,0,,1
C104864,66,M,Уфа,1117053,married,4,secondary,employed,49120,1,1,5.9,1,79886.06,1,366526.1,520.8,4,0.28,0.4,Huawei,19075,17,0,0,0,,0
C104865,32,F,Новосибирск,1691208,single,0,master,employed,161411,0,1,9.1,5,464398.59,1,9564279.54,617.2,44,0.948,10.2,Other,17562,11,4,0,1,0.0,0
C104866,35,F,Краснодар,1105617,single,0,bachelor,employed,154693,0,1,5.8,4,89340.08,0,,763.3,36,0.819,1.6,Apple,123367,14,3,0,1,3.0,1
C104867,25,M,Новосибирск,1673556,single,0,master,employed,60999,1,0,7.0,4,23931.05,0,,767.1,26,0.987,3.0,Xiaomi,39700,6,3,0,0,,0
C104868,28,M,Омск,1109309,single,0,bachelor,employed,79179,1,0,10.0,2,29662.76,1,1148365.02,655.7,34,0.857,24.0,Other,21851,21,1,0,1,1.0,0
C104869,65,F,Новосибирск,1688956,married,2,secondary,employed,43797,0,1,0.3,1,109246.3,0,,,10,0.493,,Xiaomi,19270,22,1,0,1,1.0,0
C104870,47,F,Москва,12192127,single,0,bachelor,employed,147289,1,1,7.5,5,87996.73,1,1255089.29,749.1,25,0.487,4.4,Samsung,54822,3,5,1,1,1.0,1
C104871,37,M,Санкт-Петербург,5340657,single,1,secondary,self_employed,92258,1,1,3.6,7,54811.99,1,974117.65,640.0,29,0.826,4.3,Samsung,38643,5,10,1,1,2.0,1
C104872,53,F,Челябинск,1199925,married,4,bachelor,employed,73605,1,0,5.3,4,60545.2,0,,712.6,16,0.546,0.5,Xiaomi,20155,13,2,0,0,,0
C104873,50,M,Москва,12971560,married,1,secondary,employed,254402,1,1,8.1,5,1107760.83,1,1860057.53,728.4,58,0.953,3.1,Apple,79324,22,6,0,1,0.0,1
C104874,19,M,Уфа,1108450,single,0,bachelor,employed,50766,0,0,1.0,2,24096.48,0,,,20,0.709,5.1,Xiaomi,13086,48,5,1,1,0.0,0
C104875,29,F,Челябинск,1177073,single,0,bachelor,employed,33944,0,0,9.2,1,14312.99,0,,569.4,11,0.662,3.4,Xiaomi,15674,13,3,0,0,,0
C104876,67,M,Новосибирск,1639958,married,2,secondary,employed,25772,0,1,1.1,1,28738.78,0,,,4,0.373,0.9,Huawei,12581,48,1,0,1,0.0,0
C104877,34,F,Нижний Новгород,1272743,single,0,bachelor,employed,66525,0,0,16.0,2,27374.49,1,518800.19,637.3,24,0.723,5.2,Other,9389,3,1,0,0,,0
C104878,35,M,Самара,1173473,single,0,secondary,employed,79497,1,0,3.0,3,57717.77,0,,681.4,37,0.67,3.0,Apple,54362,38,1,0,0,,0
C104879,30,F,Уфа,1180186,single,0,bachelor,employed,64104,1,0,11.3,3,106248.69,0,,622.9,20,0.741,2.6,Samsung,31897,34,0,0,1,0.0,0
C104880,53,F,Москва,13072544,married,3,master,employed,417589,1,1,1.4,1,3143582.65,0,,720.4,49,0.636,2.2,Google,122949,24,0,1,1,2.0,1
C104881,52,F,Нижний Новгород,1235772,married,1,bachelor,employed,103205,0,0,5.3,3,126541.27,0,,739.2,34,0.783,4.9,Huawei,59649,3,2,0,1,0.0,1
C104882,53,F,Нижний Новгород,1193939,divorced,2,master,employed,134361,0,1,2.1,2,222275.75,1,901966.71,726.4,43,0.648,7.2,Huawei,27834,34,4,0,0,,0
C104883,45,M,Уфа,1190484,single,0,master,employed,196387,1,1,6.5,5,317865.17,0,,,30,0.545,5.1,Samsung,59040,15,3,0,1,0.0,0
C104884,40,F,Краснодар,1166378,single,0,secondary,employed,31944,0,0,1.2,1,8534.81,0,,523.6,14,0.823,1.4,Other,9071,12,0,0,1,0.0,0
C104885,46,F,Казань,1316536,single,2,bachelor,employed,64575,1,0,3.7,4,32639.37,1,589805.77,505.1,13,0.469,2.8,Other,16505,8,1,0,1,0.0,0
C104886,32,F,Санкт-Петербург,5149088,single,1,bachelor,employed,83875,1,0,4.9,2,65222.85,1,1501537.14,584.0,43,0.915,5.6,Apple,94352,14,1,0,1,0.0,1
C104887,46,M,Ростов-на-Дону,1107416,single,0,master,employed,60695,0,1,14.0,2,93864.22,0,,613.6,21,0.627,5.0,Xiaomi,18688,3,0,0,0,,0
C104888,45,M,Нижний Новгород,1163470,married,2,bachelor,employed,97379,1,1,5.4,3,47513.37,1,1499973.3,622.7,38,0.646,5.3,Xiaomi,31781,9,5,1,1,1.0,1
C104889,24,F,Москва,12588151,single,0,master,employed,265260,1,1,6.0,3,157339.87,1,4557603.48,759.1,65,0.76,16.8,Apple,149412,8,4,0,1,0.0,1
C104890,40,M,Новосибирск,1597377,married,1,bachelor,employed,83852,1,1,5.1,5,24162.91,0,,621.0,45,0.768,10.1,Samsung,52397,8,5,0,1,0.0,1
C104891,71,M,Москва,12303950,married,2,secondary,employed,105154,1,1,15.3,4,225916.8,1,2499535.54,648.3,34,0.733,1.2,Huawei,20277,20,8,0,1,2.0,0
C104892,37,F,Казань,1369188,single,1,bachelor,employed,42356,0,0,12.7,1,42132.25,1,448790.15,501.7,13,0.505,1.8,Samsung,23555,28,3,0,0,,0
C104893,49,F,Москва,12693325,single,0,secondary,self_employed,215674,1,0,9.4,3,775093.91,1,2939667.93,823.1,39,0.732,6.2,Apple,149412,2,9,1,1,1.0,1
C104894,20,M,Санкт-Петербург,4958598,single,0,master,employed,126242,0,0,1.8,3,216356.21,0,,612.4,44,0.954,3.0,Samsung,24029,35,3,0,1,0.0,0
C104895,55,M,Екатеринбург,1531710,divorced,3,bachelor,unemployed,31067,0,0,5.2,2,18186.52,1,458623.87,493.2,2,0.307,1.2,Other,6262,15,2,0,1,0.0,0
C104896,38,M,Москва,12621917,married,2,bachelor,employed,155046,0,0,6.8,3,120399.0,0,,681.4,33,0.875,6.1,Apple,65692,48,9,1,0,,1
C104897,30,F,Санкт-Петербург,5473084,single,0,bachelor,employed,206791,0,1,5.7,1,128170.63,0,,736.0,55,0.951,10.9,Apple,149412,13,0,1,0,,1
C104898,51,F,Челябинск,1173806,married,0,secondary,employed,79442,1,1,4.3,5,95616.8,1,881884.22,692.4,42,0.783,4.9,Other,8630,21,4,0,1,1.0,0
C104899,34,F,Санкт-Петербург,5515771,single,0,secondary,employed,69044,1,0,3.9,4,128571.22,1,1976908.77,728.8,25,0.633,5.9,Huawei,33774,20,2,1,1,1.0,1
C104900,27,M,Екатеринбург,1479177,single,0,bachelor,self_employed,71048,0,0,3.8,2,94800.19,0,,559.0,21,0.811,4.4,Huawei,24418,1,5,0,0,,0
C104901,28,F,Ростов-на-Дону,1150587,single,0,secondary,employed,30232,0,0,3.2,1,20224.07,0,,571.7,11,0.681,2.4,Xiaomi,11212,48,2,0,0,,0
C104902,34,F,Новосибирск,1584009,single,0,secondary,employed,49858,0,0,11.9,3,61642.17,1,573070.97,593.6,14,0.643,3.1,Apple,47836,36,2,0,0,,0
C104903,30,F,Москва,12839274,single,0,secondary,self_employed,82040,0,0,4.6,3,77609.58,0,,605.1,25,0.951,3.9,Samsung,37196,12,0,1,1,1.0,1
C104904,51,F,Челябинск,1176593,married,2,bachelor,employed,122781,1,1,13.0,4,89625.46,1,1134561.48,708.9,32,0.803,2.9,Apple,89236,9,2,0,1,0.0,1
C104905,43,M,Челябинск,1172500,married,2,secondary,employed,246697,1,1,5.1,5,206162.82,1,2084683.76,763.2,45,0.945,1.9,OnePlus,79589,19,5,1,1,2.0,1
C104906,68,M,Екатеринбург,1495253,single,0,bachelor,employed,62481,1,0,10.3,3,29214.14,0,,646.7,12,0.314,0.2,Huawei,31147,7,0,0,0,,0
C104907,43,F,Ростов-на-Дону,1145577,married,3,bachelor,employed,63027,1,0,15.1,2,44201.37,0,,645.1,22,0.711,4.2,Apple,65280,4,2,0,1,1.0,1
C104908,30,F,Москва,11857940,single,0,bachelor,employed,115776,0,0,8.8,2,145586.43,1,1555278.38,596.2,29,0.915,1.1,Apple,133671,9,6,0,0,,1
C104909,26,F,Челябинск,1190618,single,0,master,employed,38349,0,0,8.0,4,39853.51,0,,586.4,12,0.669,2.1,Huawei,20675,19,2,0,1,3.0,0
C104910,49,F,Екатеринбург,1493585,married,0,secondary,employed,76843,0,1,8.3,4,59365.37,1,1376557.08,816.7,16,0.539,1.5,Xiaomi,36289,6,6,0,1,0.0,0
C104911,27,F,Казань,1325862,single,0,bachelor,self_employed,159709,1,1,9.0,2,240494.88,1,1964853.65,725.6,43,0.986,8.8,Samsung,118021,1,3,1,1,1.0,1
C104912,44,M,Москва,13042776,married,0,bachelor,employed,154116,0,1,4.1,4,508251.97,1,3463660.68,650.2,35,0.552,1.5,Apple,140368,7,3,1,1,1.0,1
C104913,68,M,Челябинск,1175493,married,3,secondary,employed,28325,0,1,4.4,1,16250.69,0,,533.1,3,0.317,0.9,Xiaomi,9871,48,0,0,0,,0
C104914,63,M,Уфа,1108754,married,4,master,self_employed,313158,1,1,4.9,3,1957030.99,1,17722359.5,723.8,31,0.531,1.3,Apple,149412,15,3,0,1,0.0,1
C104915,42,F,Уфа,1102632,married,1,bachelor,employed,206017,0,1,12.9,3,317286.8,1,9746868.44,682.3,40,0.718,6.3,Xiaomi,32498,9,5,0,1,0.0,0
C104916,23,F,Казань,1241143,single,0,secondary,employed,28334,0,0,2.9,1,9459.5,0,,,20,0.887,5.4,Xiaomi,17380,18,0,0,0,,0
C104917,42,F,Краснодар,1124571,single,0,bachelor,employed,109862,0,1,15.1,2,240788.51,1,1618746.32,685.7,37,0.655,4.9,Apple,97553,5,2,1,1,2.0,1
C104918,25,M,Санкт-Петербург,5441846,single,0,secondary,self_employed,61806,1,0,7.0,3,18518.0,1,338612.26,604.5,31,0.893,2.2,Samsung,42057,30,2,1,0,,0
C104919,27,M,Москва,12869599,married,0,bachelor,employed,113910,0,1,4.5,3,113139.0,1,1943393.75,692.8,33,0.921,9.0,Xiaomi,41425,6,2,1,1,0.0,1
C104920,46,F,Москва,12526270,single,0,bachelor,employed,216750,1,1,1.3,4,159884.23,1,2744943.19,696.6,37,0.626,7.2,Apple,113695,15,4,1,1,0.0,1
C104921,68,F,Казань,1333649,married,2,secondary,employed,21717,0,1,1.6,1,57216.1,0,,525.6,2,0.123,,Xiaomi,15169,37,1,1,1,1.0,0
C104922,33,F,Москва,12655201,single,0,bachelor,employed,119563,1,1,5.2,3,110137.81,0,,678.1,25,0.753,5.7,Apple,117051,28,4,1,1,0.0,1
C104923,18,F,Новосибирск,1666234,single,0,master,employed,74442,1,0,0.0,2,27307.13,1,3587185.31,559.7,35,0.961,16.5,Xiaomi,47973,7,0,0,0,,0
C104924,32,M,Екатеринбург,1435815,single,0,secondary,employed,100871,1,0,9.4,3,93433.24,1,635089.73,700.3,44,0.828,8.6,Apple,80245,16,2,0,1,0.0,1
C104925,27,M,Краснодар,1047079,single,0,bachelor,employed,66297,0,0,7.3,1,45267.75,0,,,34,0.926,1.7,Apple,70331,4,2,0,0,,0
C104926,32,M,Москва,13101116,married,0,secondary,employed,92488,1,1,10.6,5,343102.93,1,606828.06,768.7,35,0.892,1.5,Other,11213,42,3,0,1,0.0,0
C104927,31,M,Омск,1114116,single,0,bachelor,employed,89083,1,0,1.0,5,51784.48,1,1091649.19,698.7,20,0.642,2.3,Xiaomi,24022,19,1,0,0,,0
C104928,29,M,Санкт-Петербург,5384556,single,1,secondary,employed,25202,0,1,10.8,1,16087.51,0,,541.1,17,0.799,5.1,Samsung,37053,6,0,0,0,,0
C104929,44,M,Санкт-Петербург,5510645,married,1,secondary,employed,38948,0,1,6.4,1,168345.94,0,,585.5,7,0.564,1.9,Huawei,15129,32,0,0,0,,0
C104930,66,M,Самара,1171685,married,1,master,employed,51457,0,1,17.6,4,77339.27,0,,613.3,13,0.444,0.4,Other,12310,15,5,0,1,0.0,0
C104931,30,M,Нижний Новгород,1243385,single,0,bachelor,employed,82405,1,0,1.8,6,59162.23,0,,,39,0.99,11.2,Apple,98759,17,3,0,0,,1
C104932,38,M,Челябинск,1204982,single,0,secondary,employed,34386,0,1,4.9,2,14532.34,0,,540.9,20,0.863,3.5,Xiaomi,16415,24,1,0,0,,0
C104933,55,F,Челябинск,1214640,married,1,master,employed,48546,1,1,2.0,2,49289.45,0,,,17,0.393,3.0,Xiaomi,24717,11,1,0,1,1.0,0
C104934,27,M,Москва,12567104,married,0,master,employed,140823,1,0,1.6,1,131060.04,1,527336.1,666.1,33,0.834,0.9,Apple,123350,19,2,0,1,0.0,1
C104935,36,F,Самара,1214359,single,0,bachelor,employed,36680,0,0,5.4,1,36067.84,0,,604.6,15,0.682,5.0,Huawei,22868,7,0,0,0,,0
C104936,23,F,Омск,1097539,single,0,secondary,employed,18225,0,0,5.0,2,3895.05,0,,476.6,3,0.731,5.4,Xiaomi,5333,48,1,0,0,,0
C104937,29,M,Ростов-на-Дону,1131358,single,0,bachelor,employed,80914,0,1,8.5,4,95771.95,1,2766419.64,685.4,21,0.63,8.0,Samsung,48720,13,6,0,1,0.0,1
C104938,67,M,Екатеринбург,1474950,married,0,bachelor,employed,45638,1,1,10.5,1,66625.49,1,138002.11,574.5,10,0.516,3.7,Xiaomi,12473,48,1,0,0,,0
C104939,51,F,Москва,12638837,married,0,bachelor,self_employed,242982,0,1,4.5,8,479341.39,1,924878.22,815.7,47,0.764,5.1,Xiaomi,51600,12,3,1,1,1.0,1
C104940,63,F,Уфа,1188077,married,3,secondary,employed,78466,1,1,6.0,2,44736.36,1,440939.1,566.0,21,0.516,5.0,Other,9404,7,4,0,0,,0
C104941,45,F,Краснодар,1093079,married,4,bachelor,employed,116395,1,0,8.1,3,257579.24,0,,662.5,36,0.796,8.0,Xiaomi,34425,9,2,0,1,1.0,1
C104942,38,F,Екатеринбург,1501871,single,0,secondary,unemployed,18572,0,0,20.0,1,5117.67,0,,498.0,2,0.598,5.0,Xiaomi,8904,48,3,1,1,0.0,0
C104943,19,M,Новосибирск,1696477,married,0,bachelor,employed,110166,1,0,1.0,1,43109.99,0,,606.5,37,0.963,2.9,Apple,93613,15,3,0,1,1.0,1
C104944,33,M,Казань,1356991,single,0,phd,unemployed,44778,0,0,6.9,4,55007.78,0,,664.6,22,0.824,6.2,Xiaomi,14342,41,3,0,1,1.0,0
C104945,34,F,Челябинск,1158278,single,0,bachelor,employed,87965,1,0,12.1,4,90676.84,1,1737616.21,728.3,23,0.739,7.2,Other,9316,23,7,0,0,,0
C104946,36,F,Казань,1366131,single,1,master,employed,137849,1,0,1.8,2,61191.49,1,431926.66,,47,0.925,3.4,Huawei,37404,5,3,0,0,,0
C104947,47,M,Новосибирск,1583579,married,3,bachelor,employed,46829,0,1,2.3,2,23654.6,1,297236.57,518.6,20,0.819,2.1,Huawei,11070,25,0,0,1,0.0,0
C104948,36,F,Ростов-на-Дону,1088084,married,2,bachelor,employed,108078,1,1,11.7,6,154097.76,1,1661086.23,775.1,33,0.826,2.6,Samsung,72627,8,5,1,1,1.0,1
C104949,35,F,Челябинск,1178078,divorced,1,bachelor,employed,16340,0,0,9.8,1,4012.24,1,129405.02,536.8,3,0.386,1.2,Xiaomi,9976,7,1,1,0,,0
C104950,34,M,Краснодар,1121168,single,0,bachelor,employed,44425,0,0,2.3,1,10167.85,0,,561.2,18,0.657,3.7,Xiaomi,7895,48,0,0,0,,0
C104951,27,F,Омск,1150491,single,0,bachelor,employed,29250,0,0,9.0,3,28614.98,1,193983.1,616.1,10,0.799,7.5,Xiaomi,9506,16,3,0,0,,0
C104952,33,M,Нижний Новгород,1171747,single,0,bachelor,employed,61028,1,1,2.6,1,56896.72,0,,,27,0.836,8.2,Xiaomi,21580,9,1,0,0,,0
C104953,34,F,Самара,1149350,married,1,secondary,employed,23668,0,0,7.4,1,5024.51,1,984631.35,516.2,4,0.582,8.8,Other,5403,5,1,0,0,,0
C104954,39,F,Казань,1278576,single,2,secondary,employed,25288,0,0,5.6,2,11183.96,0,,576.6,8,0.739,1.1,Xiaomi,19148,20,0,0,0,,0
C104955,35,F,Москва,12783274,single,2,master,employed,134368,1,1,3.2,1,134819.69,1,1379453.41,566.5,38,0.929,5.4,Xiaomi,21960,18,1,0,1,1.0,0
C104956,67,M,Санкт-Петербург,5611598,single,0,bachelor,self_employed,98375,1,1,2.0,1,147122.43,1,979853.05,684.4,31,0.758,2.4,Huawei,25704,31,3,1,0,,0
C104957,40,M,Москва,12984907,single,2,bachelor,employed,180193,1,0,3.9,1,942203.33,1,3410224.4,645.6,45,0.968,6.9,Apple,92364,17,3,0,0,,1
C104958,49,F,Санкт-Петербург,5498469,married,3,bachelor,employed,101532,1,1,6.2,6,178262.58,0,,680.9,33,0.891,2.2,Xiaomi,28449,7,6,1,1,1.0,1
C104959,30,M,Москва,12312555,single,1,secondary,employed,84512,1,0,12.0,2,44215.59,1,2634597.84,635.1,34,0.947,19.8,Samsung,59970,17,1,1,1,0.0,1
C104960,39,M,Санкт-Петербург,5416569,single,0,bachelor,self_employed,129252,0,1,5.0,4,435637.27,1,602301.29,573.2,46,0.967,7.8,Apple,115224,4,4,0,1,0.0,1
C104961,27,F,Новосибирск,1603423,single,0,bachelor,employed,79215,0,1,2.3,4,46014.92,1,687901.77,761.1,23,0.769,9.8,Huawei,32142,4,2,1,1,0.0,1
C104962,24,F,Ростов-на-Дону,1121340,married,0,bachelor,employed,98705,0,1,6.0,2,134956.64,0,,722.3,42,0.978,5.3,Samsung,49078,23,3,1,0,,1
C104963,28,M,Уфа,1105748,married,0,secondary,unemployed,11476,0,0,10.0,2,3229.15,0,,517.2,2,0.611,4.3,Huawei,12476,16,0,0,0,,0
C104964,54,F,Санкт-Петербург,5577626,married,0,master,employed,84529,0,0,6.6,2,120989.14,1,236035.29,621.7,28,0.565,2.4,Google,41672,18,2,0,1,0.0,0
C104965,30,F,Челябинск,1199295,married,0,bachelor,employed,54401,0,1,5.9,3,12887.59,1,356159.92,516.2,24,0.757,6.4,Samsung,44446,25,3,1,0,,0
C104966,23,M,Москва,12339255,single,0,master,self_employed,144615,1,0,2.4,3,505885.66,0,,,30,0.859,6.7,Huawei,27748,27,1,0,1,1.0,0
C104967,34,F,Новосибирск,1540892,single,0,secondary,employed,61516,0,0,6.5,2,96558.56,1,356857.57,632.0,23,0.658,5.0,Apple,47450,38,2,0,0,,0
C104968,35,F,Краснодар,1089506,married,0,secondary,employed,23795,0,1,17.0,3,25272.36,1,517128.75,566.0,16,0.717,2.8,Other,5301,10,3,0,0,,0
C104969,42,M,Новосибирск,1604277,single,2,phd,employed,238836,1,0,3.5,3,958718.75,1,3708231.03,715.1,52,0.87,19.2,Apple,106683,6,2,1,1,1.0,1
C104970,56,M,Уфа,1145494,married,5,master,self_employed,38927,0,1,9.1,3,30506.31,1,321878.53,628.3,13,0.7,1.3,Huawei,17664,6,3,0,0,,0
C104971,39,M,Самара,1197021,married,1,bachelor,employed,47380,1,0,2.2,1,48247.42,1,1839768.18,582.4,23,0.631,22.6,Samsung,36740,13,1,1,0,,0
C104972,54,M,Челябинск,1210304,married,1,bachelor,unemployed,28581,0,0,10.7,1,15988.11,1,203526.51,523.6,4,0.45,0.7,Huawei,24132,22,0,0,0,,0
C104973,22,M,Москва,11995385,single,0,secondary,employed,46307,0,0,3.0,2,21501.41,0,,,23,0.868,10.1,Other,8209,13,2,0,0,,0
C104974,40,F,Москва,12647215,married,1,master,employed,417589,1,1,11.4,6,2435276.79,0,,850.0,62,0.869,7.5,Apple,149412,22,5,1,1,0.0,1
C104975,67,M,Нижний Новгород,1233672,married,3,bachelor,employed,80192,1,0,7.5,3,94843.94,1,427670.72,635.9,18,0.309,3.9,Xiaomi,18073,30,1,0,1,0.0,0
C104976,50,M,Челябинск,1146978,married,3,master,employed,97326,1,0,4.8,4,167890.52,0,,763.9,37,0.665,15.4,Samsung,58540,9,3,1,1,0.0,1
C104977,20,M,Санкт-Петербург,5130147,single,0,bachelor,employed,56015,0,0,2.0,1,10891.1,1,1346547.7,633.1,33,0.958,7.4,Other,13390,12,0,0,0,,0
C104978,29,F,Краснодар,1163913,single,0,bachelor,employed,108381,1,0,7.1,2,39231.32,1,1881087.36,663.8,43,0.893,20.0,Apple,49065,5,4,0,1,0.0,1
C104979,51,F,Краснодар,1109251,married,1,master,employed,64275,0,0,9.9,3,27905.04,1,330088.17,581.6,11,0.529,0.6,Xiaomi,25163,23,3,0,1,1.0,0
C104980,40,M,Москва,12445309,married,2,bachelor,employed,109201,0,0,5.5,3,166265.66,1,2926384.08,704.3,34,0.645,19.2,Xiaomi,36215,6,3,0,1,0.0,1
C104981,60,F,Челябинск,1236693,married,2,bachelor,employed,37190,0,0,13.3,2,27845.9,1,107375.52,646.7,7,0.466,1.7,Xiaomi,12592,48,6,0,0,,0
C104982,66,F,Москва,12632368,married,0,secondary,unemployed,21527,0,0,0.7,2,11039.2,0,,,5,0.67,1.3,Other,7256,21,3,0,0,,0
C104983,31,F,Новосибирск,1505973,single,0,bachelor,unemployed,15345,0,0,7.9,1,3548.44,0,,445.6,3,0.455,1.9,Xiaomi,8056,29,0,0,0,,0
C104984,30,F,Санкт-Петербург,5535296,married,0,master,employed,176417,0,0,12.0,3,169086.75,1,1587216.54,759.3,53,0.991,1.5,Apple,115722,19,3,0,0,,1
C104985,35,F,Новосибирск,1668598,single,0,secondary,employed,76152,0,0,4.6,3,71343.39,1,1411719.27,702.5,26,0.821,6.5,Samsung,34940,40,4,0,0,,0
C104986,22,F,Москва,12522085,single,0,secondary,employed,114894,1,0,4.0,4,127133.06,0,,623.9,48,0.865,15.0,Apple,87382,11,2,1,1,1.0,1
C104987,34,F,Москва,12143964,married,0,master,employed,122769,0,1,9.6,5,50658.4,0,,768.8,35,0.874,0.4,Apple,67303,27,4,1,1,1.0,1
C104988,35,F,Новосибирск,1680088,single,0,master,employed,126354,1,1,14.8,1,302285.99,1,484017.85,758.2,44,0.852,6.3,Google,86547,4,1,1,1,0.0,1
C104989,61,M,Екатеринбург,1445806,married,3,bachelor,employed,46435,1,0,3.2,1,19393.34,1,966618.97,618.6,4,0.218,1.5,Xiaomi,8902,48,2,0,1,1.0,0
C104990,36,F,Москва,12046928,married,3,bachelor,self_employed,113642,1,0,5.4,2,64275.7,1,703732.56,635.0,39,0.929,1.5,Xiaomi,28756,12,2,0,0,,0
C104991,33,F,Омск,1161135,single,0,bachelor,self_employed,130572,0,0,15.0,3,258056.93,0,,757.8,53,0.889,1.7,Apple,88121,27,7,0,1,0.0,1
C104992,57,M,Челябинск,1272045,married,5,secondary,employed,83838,0,0,6.3,3,88979.63,1,431071.67,708.7,25,0.629,3.9,Samsung,41437,20,3,1,0,,0
C104993,72,F,Нижний Новгород,1325572,married,1,master,self_employed,50179,1,0,12.4,2,25340.25,0,,598.2,7,0.135,1.3,Xiaomi,16539,25,0,0,0,,0
C104994,29,F,Челябинск,1259535,married,1,bachelor,employed,27203,0,0,11.0,3,10108.11,0,,546.2,18,0.901,5.5,Xiaomi,16630,11,0,0,0,,0
C104995,27,F,Москва,12578111,single,0,bachelor,employed,200958,0,1,7.3,2,411806.45,1,2967339.52,708.2,55,0.959,1.8,Samsung,83631,9,5,1,1,2.0,1
C104996,41,M,Новосибирск,1700468,single,1,secondary,self_employed,23210,0,0,18.6,1,4357.84,0,,453.7,3,0.645,3.2,Xiaomi,29367,10,0,0,0,,0
C104997,29,M,Самара,1139803,single,0,master,employed,49035,0,1,3.7,1,26810.46,1,226093.59,515.1,18,0.612,4.8,Samsung,29720,13,2,0,0,,0
C104998,22,F,Нижний Новгород,1211636,single,0,secondary,employed,40236,0,0,0.9,2,12560.98,0,,,18,0.877,1.6,Xiaomi,17900,27,3,0,0,,0
C104999,26,M,Новосибирск,1657281,single,0,secondary,unemployed,19550,0,0,3.9,1,9804.8,1,519851.97,505.6,10,0.856,6.4,Xiaomi,8903,43,0,0,0,,0
C105000,29,M,Москва,12654692,single,0,bachelor,employed,50413,0,0,4.6,2,13265.08,0,,465.6,26,0.746,4.7,Xiaomi,14494,22,1,0,0,,0
C105001,36,F,Москва,12609215,single,0,bachelor,employed,250002,1,0,7.0,3,183130.46,1,2722807.12,761.3,42,0.989,5.2,Apple,143572,5,1,1,1,1.0,1
C105002,30,F,Омск,1082406,single,1,bachelor,employed,54887,0,0,10.0,4,29714.17,0,,656.5,24,0.821,3.2,Other,13729,16,1,0,0,,0
C105003,21,F,Уфа,1166874,single,0,master,employed,105389,1,0,3.0,3,194060.33,0,,655.0,35,0.951,12.9,Apple,54187,33,1,1,0,,1
C105004,33,F,Москва,13080752,single,0,master,employed,71211,0,0,4.9,2,30202.84,1,543178.89,611.8,31,0.957,5.5,Samsung,31676,27,2,1,1,1.0,1
C105005,41,F,Самара,1161463,married,1,bachelor,employed,45685,0,1,3.9,3,10775.25,1,593273.23,556.5,14,0.741,5.7,Other,7507,28,3,0,1,0.0,0
C105006,44,F,Краснодар,1063256,married,1,secondary,employed,49566,0,1,8.9,3,19981.84,0,,584.5,21,0.632,3.3,Apple,68301,17,0,1,1,0.0,1
C105007,28,F,Екатеринбург,1526805,single,0,master,employed,185379,1,0,5.3,4,213368.36,0,,786.2,46,0.787,2.0,Huawei,64616,1,3,0,1,0.0,1
C105008,50,F,Санкт-Петербург,5269853,married,5,bachelor,employed,78797,0,1,4.9,2,65325.38,1,1078098.0,559.1,34,0.835,2.9,Other,25668,0,3,0,0,,0
C105009,50,M,Екатеринбург,1465365,married,3,bachelor,employed,38187,0,0,8.0,2,16973.26,1,110273.24,694.0,17,0.507,0.9,Google,18806,38,0,0,1,1.0,0
C105010,35,M,Самара,1192373,single,0,secondary,employed,83237,0,1,5.5,2,41169.05,0,,649.7,32,0.932,11.4,Xiaomi,30831,13,1,0,0,,0
C105011,71,F,Москва,12343093,married,1,secondary,employed,43072,0,0,16.6,3,47806.52,0,,577.1,2,0.302,0.4,Xiaomi,35660,7,2,0,1,0.0,0
C105012,21,M,Нижний Новгород,1248750,single,0,master,employed,59461,1,0,3.0,1,26714.96,0,,483.2,30,0.762,5.9,Xiaomi,27299,13,0,0,1,1.0,0
C105013,61,M,Омск,1152245,married,2,secondary,employed,31312,0,0,4.7,2,23408.95,1,90467.06,512.3,2,0.305,1.5,Xiaomi,10479,31,1,0,0,,0
C105014,31,M,Екатеринбург,1475983,married,2,secondary,employed,50973,1,1,10.6,1,23730.25,0,,641.7,23,0.864,2.0,Xiaomi,21177,18,1,0,1,0.0,0
C105015,71,M,Нижний Новгород,1183608,married,2,secondary,self_employed,21865,0,0,6.3,1,9761.63,0,,486.9,3,0.275,0.3,Huawei,20797,7,1,0,1,0.0,0
C105016,45,F,Москва,12098680,married,3,master,self_employed,181177,1,1,27.0,5,229453.2,1,3257308.72,842.8,43,0.934,14.1,Samsung,88192,7,2,1,0,,1
C105017,37,F,Самара,1147175,single,0,secondary,employed,40348,0,0,8.1,2,5227.43,0,,550.2,8,0.638,0.5,Huawei,12880,48,0,0,0,,0
C105018,52,M,Екатеринбург,1500178,married,3,secondary,self_employed,63350,1,0,12.5,2,93127.3,1,557008.38,743.5,27,0.675,0.8,Xiaomi,24904,8,2,0,1,1.0,0
C105019,35,F,Казань,1279579,married,1,bachelor,employed,190666,1,0,4.6,2,523110.1,1,5197883.49,690.3,36,0.659,10.8,Google,127195,4,2,0,1,0.0,1
C105020,54,F,Самара,1154706,single,2,secondary,self_employed,104325,1,1,8.7,1,176583.11,1,811194.04,643.0,17,0.346,3.1,Huawei,16605,19,1,0,0,,0
C105021,40,F,Санкт-Петербург,5363879,single,0,secondary,employed,37789,0,0,8.3,2,28689.84,0,,584.5,16,0.792,1.5,Samsung,46508,16,2,0,0,,0
C105022,32,M,Санкт-Петербург,5450893,single,0,bachelor,employed,137851,1,1,11.2,6,267978.86,0,,687.0,41,0.872,8.8,Apple,91976,28,3,1,1,1.0,1
C105023,36,F,Челябинск,1119116,married,1,master,employed,103773,1,1,9.2,2,165277.53,1,140505.29,683.6,37,0.902,1.9,Xiaomi,22862,18,4,0,0,,0
C105024,56,F,Екатеринбург,1491994,single,1,bachelor,employed,153788,1,0,16.1,2,119785.56,0,,752.3,31,0.432,3.7,Xiaomi,24183,44,4,1,0,,0
C105025,32,F,Екатеринбург,1515561,single,0,bachelor,employed,76517,1,1,9.0,3,42985.59,1,1736961.19,576.3,22,0.794,6.7,Xiaomi,43509,9,2,0,1,2.0,1
C105026,56,F,Краснодар,1059871,married,0,bachelor,employed,80262,1,0,2.4,3,416876.77,0,,599.1,26,0.791,3.0,Xiaomi,49686,19,7,0,1,0.0,0
C105027,36,F,Нижний Новгород,1220271,single,0,bachelor,unemployed,51761,0,0,14.1,3,24228.28,0,,530.8,35,0.835,1.8,Xiaomi,24054,12,3,1,0,,0
C105028,53,M,Москва,12692667,married,2,secondary,employed,135000,0,1,9.5,2,195127.37,1,828306.29,764.6,29,0.794,11.3,Apple,47360,22,3,1,0,,1
C105029,31,M,Нижний Новгород,1195862,single,0,bachelor,employed,58088,0,0,13.0,5,24394.6,1,470144.38,666.1,25,0.816,2.6,Samsung,33905,48,2,1,0,,0
C105030,28,M,Краснодар,1060975,single,1,secondary,employed,39982,1,0,2.5,2,13939.02,0,,630.3,11,0.626,4.7,OnePlus,21728,26,2,0,1,0.0,0
C105031,28,F,Санкт-Петербург,5614169,single,0,master,self_employed,220492,1,0,3.8,1,329182.05,0,,767.5,26,0.419,5.7,Xiaomi,59563,8,4,1,1,0.0,1
C105032,29,F,Краснодар,1044807,single,0,master,unemployed,14237,0,0,1.6,1,7729.46,1,68823.36,490.7,4,0.716,0.8,Xiaomi,6981,35,1,0,0,,0
C105033,33,M,Санкт-Петербург,5794068,single,0,secondary,employed,91603,1,0,6.4,1,208528.34,1,1045255.65,665.2,30,0.867,3.9,Other,18152,14,1,0,1,0.0,0
C105034,62,M,Екатеринбург,1530091,married,3,master,employed,50958,1,0,9.7,3,58114.15,1,668911.33,437.0,11,0.315,1.0,Xiaomi,18692,20,3,0,1,2.0,0
C105035,27,M,Краснодар,1086431,single,0,secondary,employed,45008,1,0,5.7,3,20962.72,1,535918.76,,19,0.797,9.7,Xiaomi,11630,43,1,0,0,,0
C105036,57,F,Краснодар,1093015,single,0,bachelor,employed,66829,0,1,15.1,3,73921.05,1,1398103.82,669.8,16,0.415,1.0,OnePlus,22597,10,3,0,1,0.0,0
C105037,39,M,Нижний Новгород,1199154,single,0,secondary,employed,98812,1,0,9.7,1,34945.85,1,502386.81,574.6,24,0.512,,Apple,83806,10,3,0,1,1.0,1
C105038,39,F,Ростов-на-Дону,1091194,single,0,secondary,self_employed,47000,0,0,4.1,1,22424.21,0,,547.7,15,0.668,,Xiaomi,20855,4,1,0,0,,0
C105039,58,F,Казань,1250756,divorced,4,bachelor,self_employed,67402,0,1,7.4,3,118708.81,0,,609.8,20,0.371,3.4,Huawei,14588,34,1,1,0,,0
C105040,37,M,Краснодар,1052019,married,0,secondary,employed,37208,1,0,5.5,1,36948.87,1,307506.96,591.3,11,0.55,0.4,Xiaomi,7843,27,1,1,0,,0
C105041,43,F,Краснодар,1075974,married,3,bachelor,employed,93083,1,1,9.7,4,296461.67,1,652700.54,747.8,34,0.842,1.8,Huawei,29206,35,2,0,1,0.0,0
C105042,30,M,Ростов-на-Дону,1124045,single,0,master,employed,71100,0,0,5.7,2,47982.13,1,443874.63,663.2,23,0.705,2.3,Xiaomi,35357,1,1,0,1,1.0,0
C105043,50,M,Екатеринбург,1539321,single,1,bachelor,employed,39322,0,0,7.4,4,29176.39,0,,504.5,15,0.568,0.9,Xiaomi,26014,14,1,0,1,1.0,0
C105044,58,F,Уфа,1097257,married,1,secondary,employed,39337,0,1,2.4,2,25563.88,1,437339.04,660.0,4,0.355,1.8,Xiaomi,19647,29,2,0,0,,0
C105045,35,F,Екатеринбург,1509756,single,0,secondary,employed,97616,0,1,17.0,4,144337.47,0,,648.9,35,0.676,6.2,Xiaomi,20935,22,4,1,1,1.0,1
C105046,24,M,Краснодар,1068112,single,0,bachelor,employed,35530,0,0,6.0,1,45683.86,1,207865.26,647.6,19,0.76,4.8,Other,8312,40,0,0,0,,0
C105047,52,F,Москва,12697706,married,2,bachelor,employed,174361,0,1,3.3,2,120845.6,1,2838051.4,629.9,32,0.651,4.8,Samsung,104902,5,1,0,1,0.0,1
C105048,41,M,Самара,1136630,married,2,bachelor,employed,144518,0,1,0.7,1,187970.78,1,2192269.82,745.6,36,0.85,6.0,Samsung,99388,2,3,1,0,,1
C105049,57,M,Краснодар,1067673,single,0,secondary,employed,59338,1,0,20.6,2,65492.17,1,768960.06,579.0,10,0.486,2.5,Xiaomi,17123,38,3,1,1,0.0,0
C105050,71,F,Самара,1110109,married,3,secondary,self_employed,33187,1,1,11.3,1,20409.0,1,278876.1,541.5,3,0.029,0.4,Xiaomi,14367,34,2,0,0,,0
C105051,42,F,Екатеринбург,1459246,single,0,bachelor,employed,131007,0,1,4.0,2,177763.85,1,2161594.25,719.0,31,0.713,1.5,Huawei,53427,18,1,0,0,,0
C105052,42,F,Москва,12782399,married,2,bachelor,employed,69614,0,0,8.1,2,85319.47,1,594756.61,701.4,18,0.591,3.4,Other,12142,13,3,0,0,,0
C105053,31,M,Москва,12852809,single,0,master,employed,223550,0,1,11.8,3,582631.06,0,,709.7,39,0.722,13.6,Apple,126224,25,4,0,1,0.0,1
C105054,52,F,Нижний Новгород,1214533,married,2,secondary,employed,52891,0,0,11.6,1,50658.98,0,,631.0,13,0.455,3.6,Samsung,47129,19,3,1,0,,0
C105055,41,M,Москва,13249192,single,0,master,employed,198325,1,1,6.0,1,752881.87,1,5168116.61,691.7,53,0.925,4.4,Samsung,79123,16,3,1,1,3.0,1
C105056,39,M,Челябинск,1155304,married,3,bachelor,employed,53657,0,0,3.7,3,24618.71,1,529562.02,605.0,17,0.636,11.8,Other,15066,3,2,0,0,,0
C105057,22,F,Уфа,1091652,single,0,secondary,employed,27857,0,0,4.0,3,9796.23,1,838600.12,537.0,9,0.965,5.8,Samsung,27245,12,0,0,0,,0
C105058,41,F,Краснодар,1113566,divorced,0,bachelor,employed,89576,1,0,2.2,1,33308.12,1,564419.09,627.6,27,0.893,1.9,Xiaomi,40690,13,0,0,0,,0
C105059,39,F,Челябинск,1257252,married,4,secondary,unemployed,20736,1,0,7.3,2,11938.3,0,,486.1,5,0.667,5.8,Xiaomi,11915,24,4,0,0,,0
C105060,64,F,Москва,13126492,divorced,3,bachelor,self_employed,204345,1,1,9.5,3,312464.72,0,,695.2,47,0.561,2.3,Apple,149412,15,4,0,1,0.0,1
C105061,48,F,Омск,1128045,single,0,secondary,unemployed,25314,0,0,15.7,2,5169.14,0,,511.4,8,0.588,0.6,Huawei,10978,21,2,0,1,1.0,0
C105062,29,M,Уфа,1180258,single,0,master,self_employed,61876,1,0,10.8,1,46337.41,1,151247.72,624.4,17,0.763,4.4,Apple,44035,42,1,0,1,0.0,0
C105063,58,F,Казань,1308305,married,1,secondary,self_employed,55630,0,1,2.8,1,31745.63,0,,,15,0.683,1.2,Other,10692,15,1,0,0,,0
C105064,66,M,Самара,1234903,divorced,1,bachelor,employed,53490,1,0,12.5,1,45475.44,1,443921.75,610.6,23,0.533,2.6,Samsung,13706,48,2,0,0,,0
C105065,34,M,Самара,1163801,single,0,secondary,employed,119894,0,1,7.5,2,170972.1,1,294391.76,598.5,27,0.891,0.5,Apple,119442,37,0,0,0,,0
C105066,34,F,Челябинск,1178884,single,0,bachelor,employed,41620,1,0,11.5,4,35635.82,0,,681.0,17,0.692,8.7,Other,9473,24,2,0,0,,0
C105067,32,M,Челябинск,1199417,single,0,bachelor,employed,56751,0,1,8.0,3,41226.68,1,287211.59,659.7,21,0.678,2.8,Huawei,22994,10,1,0,0,,0
C105068,55,F,Екатеринбург,1559803,married,1,secondary,employed,96451,1,1,7.1,1,136336.89,1,364603.54,619.3,33,0.775,5.8,Xiaomi,12672,37,1,0,0,,0
C105069,48,M,Екатеринбург,1621842,married,1,bachelor,employed,153850,1,1,6.5,5,163553.69,1,1105074.51,785.0,39,0.614,2.9,Samsung,58510,14,5,0,1,0.0,1
C105070,46,M,Москва,12741112,married,0,bachelor,employed,371335,1,1,5.9,3,1549591.11,0,,847.3,43,0.616,10.0,Apple,149412,1,3,0,0,,1
C105071,20,F,Москва,12661744,single,0,bachelor,employed,95234,1,0,1.6,2,83271.1,0,,675.6,41,0.962,2.7,Samsung,64162,14,1,1,1,1.0,1
C105072,65,F,Казань,1317926,married,3,bachelor,employed,40703,0,0,6.4,2,83426.74,1,1221583.74,549.0,5,0.319,,Samsung,32018,9,2,0,0,,0
C105073,46,F,Уфа,1110485,single,0,bachelor,employed,58956,0,0,19.0,2,53970.53,1,1514981.65,614.1,19,0.593,2.4,Xiaomi,16696,20,1,0,1,1.0,0
C105074,30,M,Екатеринбург,1544062,single,0,bachelor,self_employed,68521,0,0,4.3,2,42047.35,0,,595.6,18,0.744,0.7,Huawei,25310,14,1,1,0,,0
C105075,41,F,Санкт-Петербург,5480589,single,0,bachelor,employed,119411,0,0,9.8,4,262185.45,0,,673.0,32,0.989,1.5,Apple,90386,18,3,0,1,1.0,1
C105076,47,M,Москва,12733701,married,2,bachelor,self_employed,155734,1,1,2.5,2,777380.06,1,4565986.05,680.7,42,0.764,5.2,Xiaomi,28239,22,3,0,1,1.0,0
C105077,26,M,Москва,12836797,single,0,master,employed,100768,0,0,8.0,1,129984.22,1,698751.03,648.9,38,0.856,13.6,Apple,77746,20,0,0,0,,0
C105078,43,F,Санкт-Петербург,5414087,married,3,bachelor,employed,110200,1,0,2.2,2,111040.24,1,1354934.77,699.4,27,0.834,14.1,Xiaomi,31176,17,2,0,0,,0
C105079,23,F,Москва,12595557,single,0,master,employed,80333,0,0,5.0,1,51989.44,0,,537.0,30,0.999,18.2,Xiaomi,21362,20,0,0,0,,0
C105080,41,F,Челябинск,1203669,single,0,master,employed,73137,0,1,10.6,2,84198.3,1,314548.65,548.9,24,0.688,4.0,Samsung,39934,1,2,0,0,,0
C105081,67,F,Нижний Новгород,1207220,married,3,bachelor,self_employed,44705,1,1,2.8,2,25127.65,0,,563.5,8,0.293,1.5,Other,15954,22,2,0,0,,0
C105082,54,F,Новосибирск,1607970,married,2,bachelor,employed,130947,1,1,5.2,4,150264.53,1,1520119.03,728.4,28,0.521,1.2,Apple,149412,2,3,1,1,3.0,1
C105083,30,M,Краснодар,1080007,single,1,bachelor,employed,105462,0,0,5.1,3,183332.16,0,,668.0,34,0.9,9.3,Google,66835,29,6,0,0,,0
C105084,32,F,Самара,1207160,single,0,master,employed,67058,0,0,6.2,2,63515.3,1,1074038.59,621.2,26,0.98,5.4,Google,37027,19,1,1,1,0.0,1
C105085,39,M,Москва,13115963,single,1,secondary,employed,165937,0,0,1.9,3,348023.52,1,7021296.67,704.7,39,0.896,11.2,Apple,105075,39,1,1,0,,1
C105086,20,F,Москва,12534013,single,0,master,self_employed,137929,1,0,2.0,1,424929.93,0,,,38,0.998,7.0,Samsung,37091,39,2,1,0,,0
C105087,29,F,Краснодар,1043413,single,0,master,employed,48350,1,0,2.1,3,74542.57,1,542041.45,,22,0.844,16.9,OnePlus,41616,30,1,0,0,,0
C105088,47,F,Новосибирск,1649004,married,4,bachelor,employed,90467,1,1,2.7,2,204664.64,1,192979.66,,21,0.624,4.9,Samsung,35836,7,1,1,1,0.0,1
C105089,31,F,Санкт-Петербург,5456195,married,1,secondary,employed,75311,0,0,12.0,4,29753.83,1,1390577.48,665.5,41,0.978,3.3,Xiaomi,31716,11,5,1,1,0.0,1
C105090,58,M,Нижний Новгород,1198309,single,2,bachelor,employed,38234,0,0,2.1,1,51541.31,1,232675.5,560.0,2,0.211,0.7,Xiaomi,11639,33,2,0,1,0.0,0
C105091,42,M,Казань,1310888,married,1,bachelor,employed,76542,1,0,11.5,2,85979.52,1,808360.69,704.5,30,0.707,3.1,Samsung,34106,40,3,0,1,0.0,0
C105092,64,F,Москва,12454291,married,3,master,employed,127706,1,1,1.8,4,292896.65,1,367052.9,733.8,38,0.628,,Apple,128707,17,6,0,1,1.0,1
C105093,30,M,Санкт-Петербург,5599800,single,0,master,employed,73087,0,1,1.4,1,28857.52,1,808074.6,560.5,23,0.901,9.6,Xiaomi,20127,11,0,1,0,,0
C105094,44,F,Ростов-на-Дону,1161381,married,1,bachelor,unemployed,26532,0,0,4.5,1,38415.93,1,382056.47,496.8,9,0.605,3.0,Xiaomi,18338,13,0,0,1,0.0,0
C105095,28,M,Нижний Новгород,1236571,single,0,secondary,employed,30873,0,0,4.6,2,29571.94,0,,550.8,12,0.758,1.3,Xiaomi,11798,22,0,0,0,,0
C105096,33,F,Ростов-на-Дону,1204860,single,0,bachelor,employed,134576,0,0,8.8,2,320233.33,1,1941708.36,827.0,38,0.867,6.5,Xiaomi,16579,41,0,1,1,0.0,1
C105097,27,F,Санкт-Петербург,5371476,single,0,bachelor,employed,167888,0,0,9.0,4,319855.9,1,1089801.34,746.2,44,0.906,11.5,Samsung,92266,14,5,1,0,,1
C105098,45,F,Екатеринбург,1512785,single,1,bachelor,employed,108380,1,1,3.7,3,112646.48,1,759101.88,683.0,26,0.607,3.9,Xiaomi,36183,9,4,0,1,0.0,0
C105099,32,F,Нижний Новгород,1225744,single,0,bachelor,employed,96862,1,0,6.2,2,129557.54,1,1020830.15,645.9,34,0.935,2.1,Samsung,34442,30,2,0,1,0.0,0
C105100,26,M,Санкт-Петербург,5306326,single,0,bachelor,employed,71625,0,0,8.0,1,33566.73,0,,619.5,29,0.9,2.9,Samsung,30661,48,2,0,0,,0
C105101,32,M,Москва,12911879,single,0,master,employed,102665,0,0,4.9,4,64097.27,1,300871.37,725.9,32,0.813,0.6,Google,43324,18,4,0,0,,0
C105102,29,F,Челябинск,1254764,single,0,bachelor,employed,54397,0,0,2.9,1,48580.75,0,,513.8,35,0.964,6.4,Apple,45604,27,3,1,0,,0
C105103,24,M,Уфа,1124449,single,0,bachelor,employed,32362,0,0,2.8,1,18871.39,0,,,20,0.805,3.8,Huawei,12198,26,5,1,0,,0
C105104,24,M,Екатеринбург,1484121,single,0,bachelor,employed,63365,0,0,6.0,4,80394.65,1,459841.86,604.0,37,0.968,10.5,Apple,46700,26,2,1,0,,1
C105105,59,M,Нижний Новгород,1297351,divorced,0,secondary,employed,29969,0,1,12.6,1,7808.93,0,,534.9,4,0.486,0.5,Xiaomi,11458,48,1,0,0,,0
C105106,27,F,Челябинск,1216251,single,0,bachelor,employed,40740,0,0,3.5,2,27407.73,0,,542.5,16,0.893,3.7,Huawei,11652,45,2,0,0,,0
C105107,39,F,Казань,1239232,married,1,bachelor,self_employed,85720,0,0,1.5,3,121337.21,0,,574.8,24,0.624,2.4,Xiaomi,36247,3,2,0,0,,0
C105108,33,M,Нижний Новгород,1232249,single,0,bachelor,employed,67227,0,0,3.5,1,23215.56,1,1021124.29,,35,0.916,2.8,Huawei,21136,45,1,1,0,,1
C105109,26,F,Москва,12772383,married,1,bachelor,employed,39996,0,0,5.9,1,18100.45,1,155313.15,633.7,19,0.55,7.3,Xiaomi,21482,10,2,0,0,,0
C105110,62,F,Нижний Новгород,1216266,married,2,bachelor,self_employed,24564,0,0,1.0,1,28071.7,0,,,8,0.522,1.4,Huawei,9306,37,1,0,0,,0
C105111,72,F,Краснодар,1111096,married,4,master,employed,145381,1,1,12.1,3,132042.04,1,1424029.17,601.9,19,0.295,3.6,Huawei,28891,40,3,0,0,,0
C105112,60,M,Санкт-Петербург,5550186,married,0,bachelor,self_employed,246238,1,1,6.6,2,325834.76,0,,685.1,43,0.83,6.3,Apple,131228,17,8,1,1,1.0,1
C105113,29,M,Ростов-на-Дону,1138907,single,0,bachelor,employed,112900,0,1,2.6,2,168590.05,0,,648.8,35,0.972,11.1,Samsung,69688,18,3,0,0,,0
C105114,35,F,Москва,12542430,single,0,bachelor,employed,332705,1,1,9.4,3,708494.04,0,,768.2,46,0.792,2.2,Apple,149412,12,4,1,1,0.0,1
C105115,29,F,Нижний Новгород,1295137,single,1,secondary,employed,39574,1,0,0.1,1,29097.18,1,290724.34,580.3,20,0.765,7.9,Xiaomi,14551,44,1,0,0,,0
C105116,48,M,Москва,12729644,divorced,0,bachelor,employed,252769,0,0,2.5,5,173293.4,1,1087806.17,762.3,36,0.645,3.3,Xiaomi,59033,9,8,0,1,0.0,1
C105117,65,M,Москва,13325126,married,2,master,employed,77160,0,0,19.7,4,48008.91,0,,638.9,17,0.304,1.0,Xiaomi,40702,22,3,0,0,,0
C105118,39,F,Санкт-Петербург,5290647,single,0,secondary,employed,54257,0,0,6.1,2,36785.95,0,,614.7,16,0.628,1.4,Xiaomi,17158,9,2,0,0,,0
C105119,21,M,Челябинск,1195392,married,0,bachelor,employed,49065,0,0,3.0,1,25848.66,0,,514.5,26,0.921,2.5,Other,10268,15,0,0,0,,0
C105120,57,M,Челябинск,1186811,single,0,bachelor,employed,64287,1,1,17.7,2,124831.96,1,1377080.81,671.2,20,0.508,2.7,Samsung,27231,48,1,0,1,0.0,0
C105121,32,F,Санкт-Петербург,5358276,single,0,bachelor,employed,104798,1,1,3.1,3,301252.54,1,177301.58,700.2,34,0.79,5.5,Apple,85324,3,3,0,0,,1
C105122,55,M,Нижний Новгород,1236495,married,1,master,self_employed,90157,0,0,8.4,4,68959.86,0,,681.1,25,0.839,6.5,Xiaomi,33007,2,0,0,1,0.0,0
C105123,35,M,Уфа,1104549,single,1,secondary,employed,83920,1,1,9.4,3,147503.28,1,494647.64,677.4,33,0.777,5.3,Samsung,33119,28,3,0,0,,0
C105124,25,M,Нижний Новгород,1221161,married,0,secondary,employed,61480,1,0,6.9,2,18240.19,0,,598.7,16,0.832,7.5,OnePlus,28149,13,7,1,1,0.0,1
C105125,31,F,Уфа,1083269,married,1,secondary,employed,71843,0,0,7.0,2,69061.24,0,,638.7,30,0.942,7.5,Samsung,51918,9,4,0,0,,0
C105126,39,M,Новосибирск,1669539,single,0,bachelor,self_employed,87150,0,1,5.1,5,95034.13,1,1136814.35,616.2,22,0.446,1.4,Other,20236,11,3,1,1,0.0,0
C105127,34,M,Казань,1291393,married,0,master,self_employed,104804,0,0,5.9,1,154697.39,1,509582.46,731.7,37,0.823,3.9,Other,16155,11,3,0,0,,0
C105128,43,M,Москва,12237500,married,2,secondary,self_employed,62798,0,0,3.8,2,47295.61,1,295710.23,600.0,28,0.845,4.5,Apple,41280,48,0,0,0,,0
C105129,60,M,Санкт-Петербург,5497730,single,1,secondary,employed,84403,1,1,3.6,2,211706.45,0,,615.9,21,0.7,8.0,Xiaomi,9782,38,2,0,1,0.0,0
C105130,28,F,Ростов-на-Дону,1159877,married,1,bachelor,employed,96850,0,0,10.0,2,196530.2,0,,579.7,35,0.845,8.5,Samsung,69480,18,1,0,0,,0
C105131,34,F,Омск,1151470,single,0,bachelor,employed,98685,1,0,13.3,3,389583.0,1,1050498.17,738.4,33,0.843,3.8,Xiaomi,26714,18,3,0,1,0.0,1
C105132,52,F,Москва,13001967,married,4,secondary,employed,51625,0,0,9.3,2,249722.69,1,201730.96,613.3,17,0.632,2.8,Xiaomi,7791,46,5,0,1,0.0,0
C105133,28,M,Нижний Новгород,1186136,single,0,bachelor,employed,123194,1,0,6.0,1,191827.12,1,1993420.73,712.4,40,0.995,6.9,Samsung,62019,11,0,0,0,,1
C105134,36,F,Самара,1154286,single,1,secondary,employed,62817,0,0,4.3,2,35513.99,0,,714.9,24,0.759,2.9,Google,48902,40,1,0,0,,0
C105135,45,M,Краснодар,1097799,married,3,bachelor,employed,61613,1,0,4.6,2,65221.44,1,1503374.47,576.0,33,0.575,3.2,Xiaomi,19575,19,4,0,0,,0
C105136,34,F,Новосибирск,1676278,single,1,bachelor,employed,99713,1,1,3.0,2,31454.09,1,3296446.15,646.8,38,0.935,8.1,Samsung,74492,6,5,1,0,,1
C105137,53,M,Москва,13208671,married,5,master,employed,143264,1,1,4.5,4,137624.41,1,3808554.51,676.9,48,0.86,7.5,Samsung,85849,10,1,0,1,0.0,1
C105138,46,F,Ростов-на-Дону,1090846,single,0,bachelor,employed,221152,1,0,2.6,2,248204.55,1,2018712.9,619.0,37,0.696,3.2,Apple,135021,17,2,0,1,0.0,1
C105139,48,F,Самара,1179498,married,5,secondary,employed,51386,0,0,6.9,2,35365.79,0,,585.5,16,0.7,3.5,Other,19555,17,2,0,0,,0
C105140,31,M,Челябинск,1186897,married,1,bachelor,employed,59129,1,0,3.0,1,25639.38,1,1312613.83,525.2,14,0.946,10.7,Other,13193,3,0,0,0,,0
C105141,38,M,Ростов-на-Дону,1129419,single,0,bachelor,employed,50680,1,0,2.1,2,22754.45,1,332571.07,558.8,23,0.742,2.7,Xiaomi,19621,7,3,0,0,,0
C105142,31,F,Челябинск,1139566,single,0,secondary,employed,39317,0,0,13.0,2,6770.49,1,720002.04,529.5,19,0.829,,Other,10078,0,2,0,1,0.0,0
C105143,27,F,Нижний Новгород,1187843,single,0,secondary,employed,44004,0,0,1.8,2,12741.04,1,514660.56,568.6,17,0.907,4.5,Samsung,33671,31,4,0,0,,0
C105144,21,M,Омск,1145257,single,0,bachelor,employed,43741,0,0,3.0,2,73640.2,0,,,13,0.64,5.6,Other,4559,48,0,0,0,,0
C105145,35,M,Екатеринбург,1505223,single,0,bachelor,employed,90138,0,1,9.4,3,57263.61,1,573348.82,760.1,39,0.862,7.7,Samsung,37083,41,5,0,1,0.0,1
C105146,40,M,Уфа,1077454,single,1,bachelor,employed,159742,0,1,3.4,4,784027.09,1,1026238.94,735.6,32,0.822,7.5,Samsung,74315,10,1,0,1,0.0,1
C105147,28,F,Омск,1087364,single,0,bachelor,employed,133791,1,0,4.0,1,125914.49,1,3393739.6,583.7,40,0.978,6.3,Apple,86415,11,2,1,0,,1
C105148,67,M,Москва,12685432,married,3,secondary,employed,78159,0,1,12.5,2,121729.28,1,452261.79,659.3,31,0.83,7.8,Xiaomi,11979,48,4,1,0,,0
C105149,47,F,Краснодар,1142267,married,5,secondary,employed,108757,1,0,4.7,1,179585.81,0,,654.4,26,0.748,,Apple,77226,20,3,0,0,,0
C105150,50,F,Москва,13402916,married,3,bachelor,employed,183324,1,1,12.1,5,264958.38,1,663274.89,788.2,32,0.629,1.8,Xiaomi,33584,17,6,1,1,0.0,1
C105151,44,M,Москва,13037168,married,1,secondary,employed,88669,1,1,7.5,1,126261.81,1,309628.91,,31,0.963,5.8,Samsung,47516,9,1,0,1,0.0,1
C105152,30,F,Омск,1180798,single,0,secondary,employed,40110,0,0,3.4,2,21837.54,1,378647.17,608.0,27,0.91,4.8,Xiaomi,15411,10,2,0,0,,0
C105153,33,F,Казань,1351758,single,0,bachelor,employed,33573,0,0,4.3,2,20814.05,0,,544.6,16,0.763,4.6,Xiaomi,26611,16,2,0,0,,0
C105154,26,M,Москва,11930047,single,1,bachelor,self_employed,94960,1,0,8.0,1,63303.47,0,,689.7,36,0.842,4.4,Samsung,54424,4,0,1,1,0.0,1
C105155,58,F,Москва,12793226,married,0,phd,employed,417589,1,1,1.1,2,971841.5,0,,,40,0.745,7.3,Apple,149412,5,6,0,1,1.0,1
C105156,72,F,Санкт-Петербург,5375530,married,3,secondary,employed,70755,0,1,7.2,2,85341.73,1,357917.5,640.4,8,0.134,0.9,Xiaomi,22677,10,0,0,1,1.0,0
C105157,49,M,Челябинск,1131568,married,1,bachelor,employed,92335,1,1,8.3,3,84563.69,1,5366178.01,554.0,24,0.575,4.5,Xiaomi,24902,21,1,0,1,0.0,0
C105158,40,M,Москва,12915838,single,1,bachelor,employed,95386,0,0,7.0,5,95312.93,0,,706.5,35,0.895,5.6,Huawei,38006,22,1,0,0,,0
C105159,31,M,Омск,1167618,single,0,secondary,employed,64798,0,0,11.1,1,45837.52,1,895339.08,573.9,31,0.865,8.6,Xiaomi,22573,21,2,0,0,,0
C105160,51,M,Новосибирск,1677983,single,0,secondary,unemployed,27972,0,0,3.0,2,6127.77,0,,507.4,5,0.49,4.3,OnePlus,21751,12,1,0,1,0.0,0
C105161,49,M,Санкт-Петербург,5398237,married,1,secondary,employed,103413,0,1,7.1,2,164682.14,1,533168.77,705.2,29,0.73,6.7,Xiaomi,25907,1,0,0,1,0.0,0
C105162,56,F,Ростов-на-Дону,1127040,married,1,secondary,employed,57088,0,1,1.0,1,43689.08,0,,,11,0.418,3.2,Xiaomi,39688,7,2,0,1,2.0,0
C105163,54,F,Уфа,1121379,married,1,bachelor,employed,111273,1,0,5.6,2,260305.51,1,2519305.19,711.0,18,0.352,1.2,Samsung,48709,18,3,0,0,,0
C105164,65,F,Санкт-Петербург,5748549,divorced,2,phd,employed,116409,1,1,5.0,2,142640.97,1,339724.24,712.8,23,0.191,1.8,Samsung,35768,40,7,1,1,1.0,0
C105165,53,F,Екатеринбург,1551549,single,0,secondary,employed,103362,0,1,4.3,3,243158.46,1,790375.95,716.1,29,0.613,0.8,Xiaomi,18933,18,2,0,1,0.0,0
C105166,42,F,Самара,1212414,married,3,bachelor,employed,50979,0,0,5.9,1,26160.23,1,255863.45,641.8,24,0.714,1.1,Xiaomi,31755,12,0,0,0,,0
C105167,50,M,Ростов-на-Дону,1170097,married,2,secondary,employed,55624,0,1,8.0,2,34610.7,1,859519.64,631.5,20,0.717,5.3,Huawei,24847,11,1,0,0,,0
C105168,61,M,Нижний Новгород,1225390,married,1,secondary,employed,50306,1,0,1.7,2,117307.61,0,,,14,0.445,1.8,Samsung,40634,7,0,0,1,2.0,0
C105169,47,M,Санкт-Петербург,5365956,married,2,master,employed,203006,1,1,5.7,2,616819.74,0,,850.0,62,0.956,2.4,Apple,80213,12,2,1,1,0.0,1
C105170,41,F,Москва,13156812,married,3,master,employed,194273,0,1,5.2,2,240280.7,1,1742488.95,723.2,43,0.852,4.2,Apple,125011,5,5,1,1,0.0,1
C105171,33,M,Уфа,1188662,single,1,bachelor,self_employed,37945,0,0,15.0,1,22360.58,0,,587.2,13,0.779,2.7,Xiaomi,29084,27,2,1,0,,0
C105172,52,M,Омск,1078515,married,3,master,employed,42104,0,0,5.9,5,11719.49,0,,578.1,2,0.228,3.3,Xiaomi,19470,5,3,0,0,,0
C105173,46,M,Екатеринбург,1494843,single,1,bachelor,employed,181958,1,0,2.5,3,212947.68,1,1035436.01,686.9,45,0.649,1.5,Samsung,99605,25,6,0,0,,0
C105174,45,F,Москва,12691937,married,1,master,employed,206187,0,1,4.8,3,220003.02,0,,644.7,43,0.851,9.3,Samsung,92392,15,2,1,1,0.0,1
C105175,25,M,Санкт-Петербург,5356243,single,0,master,employed,101315,0,0,7.0,3,58758.42,0,,561.5,45,0.831,15.1,Apple,85080,9,1,1,1,2.0,1
C105176,43,F,Казань,1295354,married,5,bachelor,self_employed,61334,1,1,6.8,3,64790.47,1,153850.64,646.5,18,0.486,6.7,Apple,64199,17,5,0,0,,0
C105177,24,F,Санкт-Петербург,5753842,single,0,master,employed,87538,1,1,6.0,3,23413.3,1,3787605.27,657.7,31,0.853,3.5,OnePlus,32249,26,1,1,1,0.0,1
C105178,38,M,Москва,13069134,single,1,secondary,employed,87801,1,0,2.6,2,22337.13,1,780218.05,621.5,21,0.751,3.1,Samsung,55236,20,3,1,1,1.0,1
C105179,52,M,Ростов-на-Дону,1125104,married,3,bachelor,unemployed,49186,0,1,0.3,1,61011.97,1,286571.17,587.0,7,0.333,2.0,Apple,80886,1,0,1,0,,0
C105180,53,M,Краснодар,1132036,married,4,secondary,self_employed,70801,1,0,7.8,4,67985.25,0,,675.1,14,0.388,1.6,Xiaomi,19290,19,3,0,0,,0
C105181,33,F,Москва,12502968,single,0,bachelor,employed,143521,0,1,5.2,3,135746.37,1,4626235.39,655.0,51,0.97,0.6,Apple,149412,9,3,0,1,1.0,1
C105182,32,M,Омск,1097123,single,0,bachelor,employed,64738,0,0,4.0,2,46779.15,1,318966.55,568.9,24,0.721,2.3,Xiaomi,19317,22,0,1,1,1.0,0
C105183,35,M,Санкт-Петербург,5556831,single,0,bachelor,self_employed,291386,1,0,17.0,4,642430.93,1,3367765.73,672.3,51,0.947,1.4,Apple,129704,4,4,1,1,0.0,1
C105184,56,F,Челябинск,1199230,married,0,bachelor,employed,62773,0,0,1.8,1,98722.87,1,144321.7,558.5,26,0.735,4.7,Samsung,41719,31,4,0,0,,0
C105185,43,M,Омск,1141674,married,3,bachelor,self_employed,185413,1,0,7.2,4,203735.72,1,2994797.88,728.1,51,0.899,4.7,Samsung,66528,27,3,0,1,1.0,1
C105186,58,F,Краснодар,1083641,married,1,master,self_employed,53193,1,0,18.9,2,27086.55,1,1204802.31,600.2,5,0.265,1.3,Xiaomi,26819,8,2,0,1,1.0,0
C105187,31,F,Казань,1275926,single,0,bachelor,employed,81027,1,1,12.8,2,37798.22,1,1886300.19,561.2,30,0.907,2.2,Samsung,51095,44,0,0,1,0.0,0
C105188,68,M,Краснодар,1162785,married,1,secondary,self_employed,59213,0,1,5.0,1,22928.05,0,,508.2,6,0.212,1.4,Huawei,23284,11,1,0,1,0.0,0
C105189,41,F,Екатеринбург,1590819,married,2,master,self_employed,140641,1,0,2.4,2,31444.97,1,3668561.51,631.9,49,0.882,6.7,Huawei,48181,8,4,0,0,,0
C105190,29,F,Екатеринбург,1509422,married,2,bachelor,employed,35848,0,1,11.0,1,32525.24,1,754199.65,500.7,8,0.554,1.3,Xiaomi,25037,15,1,0,0,,0
C105191,26,M,Екатеринбург,1506791,single,0,secondary,employed,33884,0,0,3.8,2,21458.08,0,,577.5,20,0.78,16.6,Xiaomi,8639,27,2,1,0,,0
C105192,22,F,Краснодар,1075605,single,0,bachelor,employed,59218,0,0,4.0,2,39728.4,0,,590.0,27,0.771,14.2,Xiaomi,55833,5,4,0,0,,0
C105193,27,F,Уфа,1124659,single,1,secondary,employed,60381,0,0,7.2,1,31316.67,0,,564.2,23,0.794,1.3,Huawei,23619,29,3,1,1,1.0,0
C105194,23,M,Москва,13345405,single,0,bachelor,employed,135979,0,0,5.0,3,357050.25,1,528088.82,692.3,25,0.873,2.0,Apple,94073,26,3,0,1,2.0,1
C105195,30,F,Челябинск,1201578,married,2,bachelor,employed,35156,1,0,7.2,3,10562.38,1,462415.07,644.4,24,0.955,4.5,Xiaomi,23492,9,4,0,0,,0
C105196,46,M,Казань,1327471,married,1,bachelor,employed,192894,1,1,6.6,3,83697.83,1,1821050.24,779.7,25,0.544,4.1,Apple,128720,2,2,1,0,,1
C105197,21,F,Самара,1131679,single,0,phd,employed,70831,0,1,1.3,4,27156.72,1,1321096.7,699.7,20,0.764,3.3,Samsung,47729,24,1,0,1,0.0,0
C105198,35,F,Екатеринбург,1532077,single,0,bachelor,self_employed,48620,0,0,15.1,4,37837.24,0,,616.8,14,0.775,3.9,Xiaomi,9982,37,2,1,1,1.0,0
C105199,67,F,Челябинск,1197561,married,4,bachelor,employed,49098,0,0,9.1,2,31548.6,0,,574.1,9,0.304,1.3,Samsung,55979,10,0,0,0,,0
C105200,38,F,Москва,13069569,married,1,bachelor,employed,117669,0,0,6.6,5,327578.11,1,1074299.57,723.0,26,0.869,4.4,Apple,94168,25,4,1,1,1.0,1
C105201,44,F,Санкт-Петербург,5651527,single,1,bachelor,self_employed,59540,0,0,12.1,2,28760.88,1,679197.63,607.3,13,0.577,1.7,Apple,64602,8,0,0,0,,0
C105202,49,F,Самара,1127221,married,2,bachelor,employed,91434,0,0,11.7,2,244458.02,1,98278.87,707.1,14,0.552,3.2,Xiaomi,25922,16,4,0,0,,0
C105203,31,F,Москва,12476494,single,0,secondary,employed,160156,0,0,4.4,3,192657.75,1,2136233.11,640.8,41,0.857,7.5,Apple,149412,4,0,0,1,0.0,1
C105204,56,F,Москва,13316301,married,2,bachelor,employed,86059,1,1,5.5,1,72871.87,0,,640.1,22,0.585,1.0,Samsung,42289,22,0,0,1,1.0,0
C105205,40,M,Москва,12710471,single,1,secondary,employed,163287,0,0,12.6,5,367484.33,1,2861959.5,720.9,47,0.918,4.8,Apple,125778,13,6,0,1,0.0,1
C105206,33,M,Самара,1190638,married,1,bachelor,employed,55845,0,1,1.6,1,42362.69,0,,610.1,26,0.913,8.3,Google,22743,48,4,0,1,0.0,0
C105207,45,F,Челябинск,1168552,single,0,bachelor,employed,131404,1,1,5.8,4,375372.31,0,,711.8,28,0.325,0.6,Apple,72997,7,3,0,1,1.0,1
C105208,31,F,Новосибирск,1625502,single,1,master,employed,80555,0,1,12.8,3,41733.57,1,742499.46,671.0,30,0.819,5.6,Xiaomi,26777,18,5,0,1,0.0,0
C105209,22,M,Москва,12730451,single,0,bachelor,employed,153721,0,1,4.0,3,80948.53,1,816974.53,738.0,35,0.951,12.7,Apple,106618,13,5,1,1,0.0,1
C105210,60,F,Уфа,1217061,married,3,secondary,employed,59386,0,1,4.0,4,170786.88,0,,631.0,16,0.39,3.5,Other,7944,29,2,0,1,1.0,0
C105211,41,M,Омск,1224239,married,0,master,employed,60736,0,0,7.8,1,54024.19,0,,578.2,16,0.53,4.8,Samsung,48162,9,1,0,0,,0
C105212,24,F,Омск,1079989,single,1,bachelor,employed,32473,0,0,6.0,2,19597.03,0,,657.6,8,0.591,3.8,Samsung,30294,6,4,0,1,3.0,0
C105213,62,M,Екатеринбург,1520233,married,1,secondary,employed,43395,0,0,5.3,2,20589.35,0,,569.0,9,0.491,1.4,Xiaomi,22833,25,1,0,1,1.0,0
C105214,41,M,Санкт-Петербург,5476366,married,3,secondary,employed,72238,1,1,3.7,2,75103.18,0,,716.2,21,0.861,3.5,Xiaomi,31265,3,2,0,1,0.0,1
C105215,42,F,Москва,12872365,married,2,secondary,employed,63406,0,0,8.4,1,50716.27,0,,667.4,22,0.752,5.0,Samsung,46439,19,0,0,1,0.0,0
C105216,34,F,Омск,1104939,single,0,bachelor,employed,82941,0,0,5.0,4,37255.81,1,1011374.11,641.0,27,0.916,6.1,Huawei,17279,31,3,1,1,2.0,1
C105217,54,F,Нижний Новгород,1275557,married,5,secondary,self_employed,138005,1,0,1.6,5,269500.78,0,,,19,0.678,7.2,Apple,107437,10,4,0,1,1.0,1
C105218,51,F,Краснодар,1084309,married,0,bachelor,employed,80355,0,0,4.1,2,36478.97,0,,756.6,17,0.553,4.8,Xiaomi,15340,44,1,0,0,,0
C105219,38,F,Ростов-на-Дону,1169956,single,2,secondary,employed,63870,1,0,3.9,2,36808.06,1,700830.19,627.1,17,0.447,1.9,Xiaomi,28858,11,3,0,1,0.0,0
C105220,45,F,Нижний Новгород,1226073,married,1,bachelor,self_employed,73564,0,0,1.2,3,24167.8,1,403996.6,642.1,21,0.568,2.8,Xiaomi,35089,3,4,0,0,,0
C105221,30,F,Екатеринбург,1553619,married,0,secondary,employed,59980,0,0,1.8,2,112429.86,1,976577.84,639.3,30,0.941,6.4,Samsung,49928,12,5,0,0,,0
C105222,48,F,Ростов-на-Дону,1168152,married,5,bachelor,employed,43341,0,0,11.3,4,23843.48,0,,588.9,15,0.539,4.2,Xiaomi,17271,23,3,1,0,,0
C105223,30,F,Краснодар,1135272,married,0,bachelor,employed,14673,0,0,4.6,1,6001.67,0,,486.9,3,0.738,6.0,Xiaomi,8031,35,2,0,0,,0
C105224,27,M,Санкт-Петербург,5250726,single,1,bachelor,employed,52116,0,1,3.2,2,15431.98,1,190816.36,665.5,20,0.949,3.2,Xiaomi,10729,48,2,0,1,0.0,0
C105225,37,F,Омск,1109818,single,0,secondary,employed,38387,0,1,5.6,2,24890.51,0,,562.8,6,0.595,3.7,Xiaomi,18867,7,3,1,0,,0
C105226,26,M,Челябинск,1199461,single,0,bachelor,employed,66176,0,1,1.9,1,90008.28,0,,652.2,40,0.914,18.7,Xiaomi,18831,15,4,0,0,,0
C105227,44,F,Нижний Новгород,1227723,married,0,bachelor,employed,64307,0,0,1.3,2,40121.16,0,,629.1,32,0.801,5.3,Other,5560,31,1,0,1,1.0,0
C105228,30,F,Челябинск,1164340,single,0,bachelor,employed,208385,1,1,7.9,4,124338.48,1,2112029.32,798.5,55,0.903,23.1,Apple,80580,48,6,1,1,0.0,1
C105229,37,M,Москва,12701676,married,0,bachelor,employed,141999,1,1,5.4,3,157554.71,1,2090989.88,670.0,44,0.966,2.1,Huawei,31741,17,4,1,1,1.0,1
C105230,28,M,Новосибирск,1607970,single,1,bachelor,employed,47766,0,0,7.1,2,41298.0,1,614455.21,598.1,24,0.888,5.1,Other,13129,12,0,0,0,,0
C105231,29,F,Челябинск,1187310,single,0,bachelor,employed,52361,1,0,6.5,3,21531.3,1,692656.89,616.4,26,0.825,3.2,Samsung,15925,46,2,0,1,0.0,0
C105232,34,F,Самара,1134561,married,1,bachelor,employed,45057,0,1,16.0,4,31785.8,1,3215439.18,483.0,14,0.658,,Xiaomi,12456,48,1,0,0,,0
C105233,64,M,Самара,1136812,married,3,bachelor,self_employed,68751,0,1,18.8,2,124952.67,1,1318190.63,619.7,13,0.27,2.7,OnePlus,31309,30,3,0,0,,0
C105234,24,F,Москва,12502156,single,0,bachelor,employed,65631,1,0,6.0,4,26731.84,0,,570.4,30,0.911,5.0,Xiaomi,10820,46,4,0,0,,0
C105235,36,F,Казань,1379527,married,0,master,self_employed,49162,0,0,3.6,2,34292.75,0,,656.3,16,0.796,3.8,Samsung,41125,11,4,0,1,1.0,1
C105236,57,F,Нижний Новгород,1231441,married,2,bachelor,self_employed,159341,1,1,3.3,1,135015.1,1,1461522.79,666.0,37,0.562,3.5,Samsung,77297,3,1,0,1,0.0,1
C105237,35,M,Москва,12974204,single,0,master,employed,273441,1,1,8.4,5,632007.08,1,1028753.2,804.7,57,0.977,9.4,Apple,149412,5,10,1,1,0.0,1
C105238,40,M,Санкт-Петербург,5425141,single,0,bachelor,employed,58256,0,0,4.5,2,94800.75,1,1279233.86,,31,0.772,2.0,Xiaomi,26015,9,4,0,0,,0
C105239,36,F,Уфа,1241640,single,0,bachelor,employed,104248,0,1,6.1,6,275673.36,1,2458173.8,718.4,38,0.816,3.2,Samsung,105569,12,5,0,1,0.0,1
C105240,30,F,Челябинск,1182717,single,0,bachelor,employed,83423,0,1,4.2,4,86120.16,0,,639.2,38,0.768,11.0,Huawei,20694,27,1,0,0,,0
C105241,53,F,Москва,12333847,married,2,secondary,employed,64738,0,1,7.0,2,27612.47,1,734433.12,634.7,19,0.605,2.0,Samsung,26045,16,4,0,0,,0
C105242,36,F,Екатеринбург,1528540,single,2,master,employed,110260,0,1,5.4,1,74573.86,1,1184612.22,641.0,45,0.802,10.1,Apple,72919,14,2,0,1,0.0,1
C105243,28,F,Ростов-на-Дону,1185943,single,0,bachelor,employed,96337,1,1,3.0,2,124519.26,1,2933338.44,593.4,20,0.571,2.1,Samsung,36950,29,3,0,0,,0
C105244,53,F,Москва,12551168,married,0,master,self_employed,405392,0,1,4.2,3,1658212.83,0,,791.4,66,0.92,2.4,Apple,149412,24,6,1,1,2.0,1
C105245,70,F,Екатеринбург,1507895,married,5,secondary,employed,35896,0,1,8.0,2,94421.16,1,2381153.81,545.8,2,0.163,0.5,Other,11259,17,4,1,0,,0
C105246,39,M,Самара,1116375,single,1,bachelor,employed,113704,1,0,3.6,1,27495.01,1,1947234.29,685.8,46,0.837,8.6,Samsung,77833,29,1,1,1,1.0,1
C105247,29,M,Санкт-Петербург,5237615,single,0,secondary,employed,43809,0,0,8.7,2,25967.26,1,1423076.54,505.2,26,0.944,2.2,Xiaomi,18647,14,2,1,0,,0
C105248,29,M,Москва,12513842,single,1,master,employed,127061,0,0,9.4,2,124050.44,1,855454.4,733.9,46,0.986,2.6,OnePlus,53797,4,2,0,1,2.0,1
C105249,66,F,Омск,1101198,married,1,secondary,employed,27385,0,0,9.1,3,38571.35,0,,557.8,2,0.288,0.4,Samsung,25701,31,3,1,1,1.0,0
C105250,45,F,Екатеринбург,1573547,married,1,bachelor,employed,126133,1,0,3.3,2,85162.7,1,1044170.84,686.7,35,0.802,2.7,Samsung,53778,16,4,1,1,2.0,1
C105251,49,F,Москва,12800541,married,2,bachelor,employed,128664,1,0,8.6,3,154694.48,0,,749.0,34,0.736,6.5,Xiaomi,49783,7,1,0,1,0.0,1
C105252,39,M,Санкт-Петербург,5441161,married,4,bachelor,employed,75808,1,0,2.1,5,32367.63,1,621489.23,696.3,31,0.87,7.7,Apple,65748,16,5,0,0,,1
C105253,46,M,Екатеринбург,1500943,single,0,bachelor,employed,152482,1,1,3.5,8,204300.36,1,1686732.4,728.7,46,0.898,6.6,Apple,102265,7,11,1,1,1.0,1
C105254,30,F,Казань,1292917,single,2,secondary,self_employed,73662,1,1,6.5,1,47903.96,1,2090184.56,722.8,22,0.68,2.4,Huawei,31226,4,3,0,0,,0
C105255,42,F,Ростов-на-Дону,1120190,married,3,master,employed,117604,0,1,4.8,2,313431.37,1,2209742.86,602.2,33,0.763,6.0,Xiaomi,24290,6,6,0,0,,0
C105256,31,F,Москва,11797451,single,0,secondary,employed,45258,0,0,11.5,2,37708.31,0,,630.0,25,0.89,0.7,Xiaomi,19846,19,3,0,0,,0
C105257,34,M,Санкт-Петербург,5434942,single,0,secondary,employed,89014,0,0,3.3,3,234868.13,1,831804.04,,31,0.823,5.1,Xiaomi,25192,46,4,0,1,1.0,0
C105258,57,F,Омск,1140421,married,2,bachelor,employed,89824,1,0,5.5,3,148696.02,1,2773109.06,637.9,30,0.754,2.0,Xiaomi,24212,5,1,0,1,1.0,0
C105259,57,F,Москва,12785008,married,3,secondary,employed,49843,0,0,6.8,3,34874.23,1,501404.85,594.1,10,0.438,1.2,Huawei,20842,48,3,0,0,,0
C105260,60,F,Омск,1164127,married,3,master,employed,36102,0,1,8.7,2,7799.93,0,,478.8,2,0.231,0.5,Xiaomi,18890,8,0,1,1,0.0,0
C105261,54,M,Ростов-на-Дону,1097333,married,5,secondary,employed,67952,0,0,4.0,3,40885.23,0,,623.7,15,0.274,2.8,Xiaomi,32196,7,3,0,1,0.0,0
C105262,30,M,Омск,1061651,married,1,bachelor,employed,45320,0,0,3.7,3,45252.92,0,,458.0,27,0.74,2.3,Huawei,13910,8,1,0,1,1.0,0
C105263,45,M,Самара,1167198,married,3,master,employed,71543,1,0,6.0,3,100216.18,0,,641.2,31,0.681,0.2,Xiaomi,37543,14,6,0,1,0.0,0
C105264,62,M,Самара,1118674,married,1,secondary,employed,43694,1,0,4.2,2,64353.49,1,695999.58,623.2,14,0.437,2.2,Samsung,36380,12,3,0,1,0.0,0
C105265,69,F,Краснодар,1054635,married,4,bachelor,employed,55766,1,0,0.1,1,25921.41,1,706686.17,600.2,14,0.513,4.2,Xiaomi,12259,33,1,0,1,0.0,0
C105266,35,F,Санкт-Петербург,5144443,single,0,secondary,employed,179210,0,0,8.6,2,164291.48,0,,658.6,50,0.923,7.2,Apple,117997,18,1,0,1,0.0,1
C105267,30,F,Новосибирск,1689981,single,0,bachelor,employed,60159,0,0,12.0,3,20330.33,1,1218901.83,671.0,14,0.767,2.3,Xiaomi,19923,36,4,0,0,,0
C105268,52,F,Санкт-Петербург,5387478,single,1,bachelor,employed,117759,1,0,11.6,6,82159.78,0,,729.7,45,0.863,1.6,Xiaomi,36478,5,4,0,1,0.0,1
C105269,46,F,Омск,1155174,single,0,secondary,employed,24541,0,1,7.8,1,26567.94,0,,530.8,2,0.307,1.3,Other,5021,48,2,0,1,0.0,0
C105270,35,F,Омск,1150970,married,1,bachelor,self_employed,64163,1,1,9.3,4,79004.32,0,,625.8,24,0.631,1.2,Xiaomi,12840,48,1,1,1,0.0,0
C105271,28,F,Уфа,1150982,single,0,bachelor,employed,33655,0,0,2.6,1,13003.24,1,308444.54,618.8,16,0.676,0.9,Xiaomi,14464,36,1,0,0,,0
C105272,29,F,Челябинск,1267268,married,1,bachelor,employed,52570,0,0,2.6,2,22530.21,1,289043.37,765.1,25,0.678,0.7,Xiaomi,17879,14,3,0,0,,0
C105273,64,M,Самара,1231112,married,3,secondary,employed,51628,0,0,3.6,1,43449.13,0,,585.6,20,0.597,,Huawei,28362,7,3,0,0,,0
C105274,53,M,Уфа,1127622,married,1,bachelor,employed,38516,0,1,7.2,3,48526.5,0,,555.3,9,0.637,4.6,Xiaomi,35147,20,0,0,1,1.0,0
C105275,32,M,Москва,12820131,single,0,bachelor,employed,102000,0,0,5.3,2,86858.86,1,809923.33,709.4,32,0.93,5.5,Xiaomi,19890,27,2,1,0,,0
C105276,69,F,Екатеринбург,1535027,divorced,3,secondary,employed,45079,1,1,20.1,2,13041.91,0,,528.6,22,0.667,0.5,Google,25289,35,3,0,0,,0
C105277,61,M,Санкт-Петербург,5249496,married,0,secondary,self_employed,127996,1,1,15.0,2,467856.67,1,2280227.69,711.0,34,0.666,1.7,Samsung,35030,23,2,0,1,2.0,0
C105278,48,M,Нижний Новгород,1177752,married,2,secondary,employed,55365,1,0,2.8,3,24870.57,0,,684.0,19,0.609,4.3,Xiaomi,18258,3,1,0,0,,0
C105279,28,F,Омск,1131318,married,1,bachelor,employed,35281,0,0,2.7,3,15792.98,1,424995.26,473.2,11,0.542,2.0,Xiaomi,16016,15,0,0,0,,0
C105280,22,F,Санкт-Петербург,5254505,single,0,master,employed,128399,1,0,4.0,2,90171.18,1,1527551.19,727.7,30,0.939,3.8,Samsung,47314,11,0,0,0,,0
C105281,34,F,Уфа,1077077,married,3,bachelor,employed,53128,0,0,7.1,1,106415.66,1,137172.97,700.0,17,0.816,7.3,Other,7893,48,4,0,0,,0
C105282,46,F,Новосибирск,1680024,married,3,bachelor,self_employed,91016,0,1,3.4,4,94111.12,1,274012.73,742.4,31,0.633,4.0,Samsung,60974,19,4,0,1,0.0,1
C105283,36,F,Омск,1115269,single,0,master,employed,140795,1,1,6.1,4,79801.2,0,,659.2,29,0.576,6.4,Samsung,74210,3,4,1,1,0.0,1
C105284,35,M,Москва,12454698,single,1,bachelor,employed,136725,1,0,6.5,2,233876.84,0,,635.1,37,0.829,10.1,Apple,65364,38,3,1,1,0.0,1
C105285,46,F,Екатеринбург,1496499,married,1,bachelor,employed,47720,0,0,9.7,1,30052.47,0,,657.2,17,0.564,2.3,Other,10432,37,2,0,0,,0
C105286,67,F,Санкт-Петербург,5166693,married,2,bachelor,employed,85131,1,1,5.0,2,242890.2,1,3205176.88,453.9,13,0.253,1.3,Samsung,51460,15,2,0,1,1.0,0
C105287,32,F,Санкт-Петербург,5443344,single,0,secondary,employed,88040,1,1,5.6,3,57075.43,1,385563.32,673.5,22,0.587,1.7,Xiaomi,21051,8,4,1,0,,0
C105288,55,M,Санкт-Петербург,5545600,married,0,bachelor,employed,81580,1,1,21.0,4,84175.19,1,1005483.35,575.8,24,0.475,1.5,Xiaomi,29322,17,5,0,1,1.0,0
C105289,40,F,Омск,1089510,single,1,bachelor,self_employed,65043,0,0,2.7,2,91072.73,1,680459.15,636.7,26,0.591,6.5,Xiaomi,25134,25,1,1,0,,0
C105290,52,M,Челябинск,1211377,married,1,secondary,self_employed,92292,0,0,2.9,3,102991.61,0,,625.5,22,0.428,3.5,Xiaomi,45242,5,4,0,1,3.0,0
C105291,55,F,Санкт-Петербург,5503615,married,4,secondary,employed,105468,1,1,0.9,2,100800.46,1,482493.31,635.8,41,0.672,8.0,Apple,113816,8,1,0,0,,1
C105292,67,F,Казань,1282254,married,2,bachelor,employed,88197,1,1,18.5,5,166700.69,1,3312816.2,554.0,14,0.465,2.5,Samsung,23806,33,4,0,1,1.0,0
C105293,26,M,Москва,12926062,single,0,bachelor,employed,128136,1,0,6.2,2,132661.42,1,1323238.27,745.2,48,0.929,17.6,Huawei,40567,17,2,1,1,0.0,1
C105294,38,F,Омск,1129146,single,1,bachelor,employed,79656,0,0,5.5,2,51005.55,1,148307.17,656.8,30,0.557,5.3,Xiaomi,27008,11,0,1,1,1.0,0
C105295,65,M,Краснодар,1089911,married,5,secondary,employed,102857,1,1,6.9,2,165268.65,1,670956.97,522.2,22,0.367,3.6,Xiaomi,29327,7,2,1,1,0.0,0
C105296,50,M,Краснодар,1065217,married,2,secondary,self_employed,48617,0,0,2.7,1,26821.5,1,818371.98,507.0,11,0.361,3.0,Xiaomi,15592,32,0,0,1,3.0,0
C105297,28,F,Екатеринбург,1461462,married,0,bachelor,employed,39819,0,0,10.0,4,10862.06,0,,560.8,32,0.916,2.1,Xiaomi,18970,19,3,0,0,,0
C105298,35,M,Ростов-на-Дону,1089913,single,1,secondary,employed,30783,0,0,9.4,1,4993.31,1,1185371.04,468.3,7,0.477,3.7,Huawei,14991,44,2,0,1,1.0,1
C105299,30,M,Уфа,1215363,single,0,bachelor,employed,157702,1,0,0.7,2,181469.96,1,771954.45,760.3,40,0.933,7.5,Apple,149412,15,4,1,0,,1
C105300,34,F,Москва,12514571,married,1,bachelor,employed,156133,0,0,8.2,2,238831.57,1,1867953.55,716.5,49,0.875,3.5,Huawei,34558,7,6,0,0,,0
C105301,62,M,Краснодар,1061474,married,1,phd,employed,70428,1,1,8.5,4,252470.94,1,248407.76,581.3,18,0.44,3.4,Samsung,45916,19,7,0,1,0.0,0
C105302,43,F,Нижний Новгород,1197368,single,2,secondary,employed,39681,0,1,5.8,1,23047.15,1,1239437.3,633.0,5,0.181,1.4,OnePlus,18964,32,1,0,0,,0
C105303,18,M,Нижний Новгород,1226549,single,0,master,employed,68489,0,0,0.0,3,59524.72,0,,,29,0.866,8.3,Apple,56292,44,2,0,0,,0
C105304,54,F,Уфа,1149003,married,2,master,self_employed,117735,1,0,3.0,3,336495.1,1,1699139.55,638.1,36,0.782,3.2,Samsung,67087,23,2,0,1,3.0,1
C105305,49,M,Казань,1331613,married,0,secondary,self_employed,28094,0,0,2.8,2,5763.67,0,,,6,0.643,3.6,Other,8114,25,2,0,1,0.0,0
C105306,31,M,Казань,1311042,single,0,master,employed,84347,0,1,4.9,3,79229.16,1,650442.72,586.3,16,0.722,2.0,Samsung,47715,29,5,1,1,0.0,1
C105307,41,M,Москва,12706089,single,0,secondary,unemployed,66705,0,1,5.9,2,52466.22,1,855876.15,652.3,42,0.95,5.1,Xiaomi,19492,48,1,0,1,0.0,0
C105308,40,F,Екатеринбург,1590122,single,0,bachelor,employed,88908,1,0,10.9,1,191119.17,1,266310.74,582.6,34,0.846,1.5,Samsung,92318,24,3,1,1,0.0,1
C105309,50,M,Нижний Новгород,1217809,married,0,bachelor,employed,94005,0,1,0.5,2,114537.51,1,705907.77,669.3,28,0.465,5.5,Apple,48993,28,1,0,1,1.0,0
C105310,40,M,Санкт-Петербург,5190689,single,1,bachelor,self_employed,65690,0,1,7.4,1,167663.95,0,,553.2,28,0.858,0.9,Apple,100899,4,2,1,0,,1
C105311,50,F,Ростов-на-Дону,1194301,married,3,master,employed,120921,1,0,1.5,3,222352.78,0,,671.8,37,0.691,4.6,Xiaomi,24292,24,1,1,1,2.0,0
C105312,59,F,Санкт-Петербург,5541832,married,3,bachelor,employed,98233,1,0,4.6,2,116581.48,1,702813.6,767.6,22,0.381,0.7,Xiaomi,28811,6,1,0,0,,0
C105313,27,F,Краснодар,1121141,married,1,bachelor,self_employed,90723,1,0,0.6,3,65913.75,0,,,21,0.805,3.4,Huawei,21237,18,5,1,1,0.0,0
C105314,44,M,Ростов-на-Дону,1187980,single,0,secondary,employed,114059,1,0,1.6,1,130343.16,0,,652.5,20,0.475,7.7,Samsung,45748,11,3,0,1,0.0,0
C105315,46,F,Казань,1297464,married,4,master,unemployed,49756,1,1,25.0,2,26093.75,0,,637.8,14,0.661,0.6,Samsung,67460,9,1,1,1,1.0,1
C105316,38,M,Санкт-Петербург,6008976,single,0,master,employed,182688,0,1,5.0,2,533113.41,1,2558407.3,738.4,41,0.894,2.5,Apple,104152,13,4,0,0,,1
C105317,25,F,Москва,12612711,single,0,master,employed,106520,0,1,7.0,3,102409.03,1,579031.19,672.4,42,0.97,3.5,Apple,74955,8,2,1,0,,1
C105318,32,F,Москва,13091298,single,0,bachelor,employed,63155,1,0,5.0,3,66944.49,1,1413825.75,537.3,40,0.919,3.8,Xiaomi,13523,29,4,0,0,,0
C105319,61,M,Ростов-на-Дону,1153904,married,4,bachelor,self_employed,48809,0,1,5.3,1,42372.99,0,,598.9,17,0.435,1.8,Other,12166,13,1,0,1,3.0,0
C105320,39,F,Москва,12668826,single,0,bachelor,employed,189605,1,1,21.0,4,387690.45,1,1056119.46,732.6,43,0.984,4.9,Apple,140311,2,3,0,1,0.0,1
C105321,44,F,Санкт-Петербург,5524459,single,0,bachelor,employed,138772,1,1,9.7,7,110705.07,1,1192742.96,686.0,39,0.775,12.1,Samsung,43965,23,4,1,1,3.0,1
C105322,38,M,Новосибирск,1704318,single,0,master,self_employed,192955,1,1,3.8,3,217010.51,1,1700195.4,691.8,38,0.873,2.3,Samsung,65631,2,1,0,1,0.0,1
C105323,63,M,Москва,12206976,married,2,bachelor,employed,260009,1,1,6.4,5,1031042.97,0,,819.4,37,0.431,4.7,Samsung,82428,7,3,0,1,0.0,1
C105324,36,F,Санкт-Петербург,5106639,single,0,bachelor,employed,55220,0,0,7.2,5,74104.69,1,359524.28,602.9,21,0.58,6.0,Xiaomi,22830,5,3,1,1,1.0,0
C105325,21,M,Уфа,1145183,married,0,bachelor,self_employed,116001,1,1,1.9,3,88675.55,1,1996536.21,613.4,41,0.96,14.4,Xiaomi,23799,8,2,0,0,,0
C105326,27,M,Самара,1161916,divorced,0,master,employed,101251,1,0,3.9,1,118822.16,0,,620.0,20,0.927,2.0,Samsung,52438,10,2,0,0,,0
C105327,51,M,Санкт-Петербург,5220472,single,0,secondary,self_employed,64760,0,0,9.8,4,79497.52,0,,666.4,27,0.749,,Xiaomi,17838,23,3,1,0,,0
C105328,33,F,Самара,1150709,married,2,master,employed,71491,1,1,3.1,2,105639.21,0,,,31,0.821,2.6,Samsung,34599,41,5,1,1,0.0,1
C105329,63,M,Краснодар,1123868,married,4,bachelor,employed,85633,1,0,7.4,3,127545.37,0,,663.5,20,0.242,2.4,Xiaomi,21009,41,6,0,1,1.0,0
C105330,31,M,Уфа,1155223,single,0,bachelor,self_employed,56666,1,0,13.0,3,31633.84,1,597727.89,685.4,34,0.934,6.9,Xiaomi,20936,36,1,0,0,,0
C105331,35,F,Омск,1144080,married,2,bachelor,employed,76273,1,0,7.9,2,24892.44,1,467700.94,571.8,28,0.725,14.1,Samsung,38927,6,3,0,0,,0
C105332,21,M,Санкт-Петербург,5449359,single,0,master,employed,201008,1,1,0.6,1,324885.05,1,4121814.19,629.9,36,0.969,6.3,Apple,144555,6,2,0,1,2.0,1
C105333,47,F,Казань,1331787,single,0,secondary,employed,85096,0,1,13.4,3,53766.57,0,,755.4,23,0.54,1.6,Samsung,34099,25,4,1,1,1.0,0
C105334,51,M,Москва,12258798,married,0,bachelor,employed,151811,1,0,6.0,2,250480.0,1,1408436.39,697.9,39,0.674,2.0,Other,15118,30,2,1,1,0.0,0
C105335,29,F,Самара,1184155,single,0,bachelor,employed,118902,0,1,1.7,5,153450.96,1,3188006.76,777.5,47,0.825,9.4,Xiaomi,26454,4,5,0,1,0.0,1
C105336,43,M,Ростов-на-Дону,1126642,married,0,bachelor,employed,103618,1,1,3.8,2,56004.05,0,,525.3,38,0.813,9.6,Xiaomi,37791,15,5,1,1,2.0,1
C105337,42,F,Краснодар,1073932,single,0,phd,employed,127101,0,1,7.1,6,189136.07,1,1038926.96,702.6,36,0.924,2.1,Apple,79811,19,4,0,1,2.0,1
C105338,38,M,Москва,13294377,single,0,secondary,employed,90769,1,0,2.6,3,80463.11,1,1014990.65,630.7,35,0.724,8.7,Samsung,72165,4,1,0,0,,1
C105339,54,M,Нижний Новгород,1203662,married,4,master,employed,237140,1,1,0.6,2,364535.37,0,,,37,0.595,8.2,Google,77329,7,4,0,1,1.0,1
C105340,43,F,Уфа,1151480,married,2,bachelor,employed,38552,0,0,7.2,1,12793.38,1,497768.96,516.6,9,0.515,2.2,Huawei,15009,48,3,0,1,0.0,0
C105341,47,M,Ростов-на-Дону,1166467,married,0,secondary,employed,75253,1,1,5.4,1,67525.82,1,230950.57,629.6,20,0.693,1.4,Samsung,31915,13,0,0,0,,0
C105342,45,F,Екатеринбург,1478695,married,0,secondary,employed,51948,0,1,2.8,2,69459.42,0,,,20,0.804,3.9,Other,8930,32,2,0,1,0.0,0
C105343,66,M,Казань,1323949,married,1,secondary,employed,30979,1,0,8.5,3,18999.51,0,,632.9,3,0.25,0.6,Samsung,40710,5,4,0,0,,0
C105344,30,M,Нижний Новгород,1237427,single,0,bachelor,self_employed,56337,0,0,5.6,2,95232.46,1,329214.59,647.6,20,0.733,0.6,Huawei,15235,41,7,0,0,,0
C105345,64,M,Самара,1230207,married,0,secondary,self_employed,52168,1,1,10.0,2,28022.48,1,255699.83,630.7,9,0.509,4.9,Xiaomi,21324,34,2,0,1,0.0,0
C105346,23,F,Самара,1205654,single,0,secondary,employed,48326,0,0,5.0,2,9636.6,0,,570.3,16,0.574,5.5,Samsung,25479,48,1,0,1,1.0,0
C105347,62,M,Казань,1349059,single,0,secondary,employed,32593,1,0,1.2,1,36674.91,0,,,2,0.345,0.6,Xiaomi,17525,2,0,0,1,0.0,0
C105348,32,M,Новосибирск,1632589,single,0,bachelor,employed,149523,0,0,5.8,2,186735.76,1,1446779.2,551.1,33,0.686,0.2,Huawei,76244,1,3,0,1,3.0,1
C105349,45,F,Новосибирск,1650603,married,2,secondary,employed,79559,0,0,3.7,1,58544.84,1,573109.09,,21,0.484,1.6,Xiaomi,13528,48,2,0,0,,0
C105350,28,M,Новосибирск,1663717,single,0,bachelor,employed,29776,0,0,1.5,2,9718.51,0,,524.0,14,0.967,8.6,Huawei,8548,48,1,0,0,,0
C105351,34,F,Уфа,1131637,single,0,secondary,self_employed,47602,0,0,9.4,3,43255.52,0,,619.8,24,0.791,2.2,Samsung,18927,48,2,1,1,1.0,0
C105352,70,F,Санкт-Петербург,5428684,married,1,bachelor,employed,46194,1,0,5.9,1,47644.89,1,413003.51,583.1,5,0.258,,Samsung,44390,33,3,0,1,0.0,0
C105353,33,M,Екатеринбург,1492006,single,0,bachelor,employed,101752,1,0,3.0,1,78063.36,0,,,29,0.822,2.9,Xiaomi,24922,23,1,0,1,0.0,0
C105354,52,M,Москва,12862019,married,2,master,employed,214175,1,1,8.0,4,368432.34,1,3161442.19,773.2,42,0.859,1.1,Apple,126131,5,4,0,1,0.0,1
C105355,45,F,Ростов-на-Дону,1186631,married,5,secondary,self_employed,82824,0,1,3.2,5,224517.56,1,3828370.95,641.7,17,0.603,1.5,Google,64783,22,4,1,0,,0
C105356,41,M,Краснодар,1030035,single,1,bachelor,employed,55233,0,0,11.5,2,22582.87,0,,612.9,12,0.561,2.2,Samsung,46529,7,2,0,1,0.0,0
C105357,52,F,Краснодар,1096902,single,0,secondary,self_employed,122146,0,0,2.1,2,46295.51,0,,693.1,29,0.578,1.5,Xiaomi,19635,44,4,1,1,2.0,0
C105358,33,M,Екатеринбург,1529466,married,0,secondary,employed,36328,1,0,8.2,3,13671.5,1,413382.32,608.3,16,0.854,5.7,Other,9299,27,2,0,1,1.0,0
C105359,24,M,Новосибирск,1624895,single,0,secondary,employed,52838,0,0,6.0,2,40879.23,0,,540.6,23,0.786,9.2,Apple,64201,7,0,0,1,0.0,1
C105360,61,F,Самара,1193865,single,0,bachelor,employed,56683,1,0,7.9,1,79273.38,1,1450651.45,577.0,15,0.579,1.4,Huawei,18218,29,1,1,1,0.0,0
C105361,31,M,Ростов-на-Дону,1158989,single,0,master,employed,107331,0,0,6.7,2,94750.0,1,769882.77,642.4,28,0.887,1.1,Xiaomi,20894,48,3,1,1,0.0,0
C105362,27,F,Самара,1118563,single,0,master,employed,31523,0,0,4.8,2,9803.04,0,,556.6,24,0.886,5.9,Xiaomi,10460,48,0,0,1,1.0,0
C105363,34,M,Нижний Новгород,1240636,single,0,bachelor,employed,118492,1,0,3.7,5,125393.57,1,1997264.35,663.1,37,0.976,3.8,Samsung,91518,4,5,0,0,,1
C105364,37,M,Москва,12576048,single,1,bachelor,employed,272868,1,1,2.4,4,921961.25,1,1226678.5,850.0,53,0.954,1.9,Apple,116171,11,5,1,1,0.0,1
C105365,62,F,Санкт-Петербург,5598520,married,2,bachelor,self_employed,111852,1,1,7.6,2,149364.85,1,1286319.38,652.2,18,0.239,2.4,Samsung,62228,9,1,0,1,0.0,0
C105366,56,M,Самара,1144619,divorced,3,secondary,employed,21760,0,0,4.6,2,3613.39,0,,595.1,2,0.235,0.1,Other,5156,48,3,0,0,,0
C105367,60,M,Новосибирск,1644114,married,0,bachelor,employed,62647,0,1,1.5,2,53289.88,1,984511.18,530.6,19,0.588,3.4,Other,11730,9,2,1,0,,0
C105368,52,F,Ростов-на-Дону,1135596,married,4,bachelor,employed,150111,1,1,3.6,4,506293.61,1,2588366.22,613.9,30,0.679,5.4,Apple,70411,24,4,0,1,0.0,1
C105369,31,M,Екатеринбург,1511433,married,0,bachelor,employed,59945,0,0,6.0,2,52003.92,1,574976.89,701.0,19,0.603,1.1,Samsung,25943,23,4,0,0,,0
C105370,38,F,Новосибирск,1632393,married,2,bachelor,employed,69074,0,1,2.4,2,128410.88,1,1056602.99,668.8,26,0.791,0.9,Xiaomi,18290,10,6,1,0,,0
C105371,37,F,Москва,12453142,single,1,bachelor,employed,57121,0,0,1.7,3,28546.85,0,,,29,0.716,1.2,Samsung,25880,8,1,0,1,0.0,0
C105372,29,F,Ростов-на-Дону,1157268,single,0,bachelor,self_employed,64706,0,0,0.5,1,19997.55,0,,632.1,20,0.904,6.2,Google,57002,1,6,1,0,,1
C105373,64,F,Москва,12098006,divorced,1,secondary,employed,100778,1,1,9.4,7,111944.55,0,,723.9,28,0.846,1.4,Samsung,43667,20,6,1,1,1.0,1
C105374,35,M,Екатеринбург,1482292,married,1,bachelor,employed,88890,1,0,3.0,1,124448.01,1,644353.85,719.0,27,0.727,3.4,Apple,41859,20,3,0,0,,0
C105375,64,M,Санкт-Петербург,5338938,married,2,secondary,self_employed,45189,0,0,5.7,1,39226.63,0,,607.7,10,0.38,3.0,Samsung,21615,48,1,0,1,0.0,0
C105376,19,F,Омск,1096330,single,0,secondary,employed,35788,0,0,1.0,1,19389.72,0,,526.9,14,0.523,5.3,Xiaomi,20108,15,1,0,0,,0
C105377,30,F,Москва,12541451,single,1,bachelor,employed,120988,0,1,3.1,4,83109.81,1,6421073.4,655.5,33,0.897,3.7,Other,12309,8,4,1,1,0.0,0
C105378,42,M,Москва,12690930,married,4,master,employed,159267,1,0,11.3,3,39785.66,1,2377966.44,698.6,47,0.711,3.3,Samsung,58905,27,2,0,1,0.0,1
C105379,65,F,Екатеринбург,1477506,married,0,secondary,employed,56126,1,0,10.5,4,24193.98,1,588953.61,559.6,9,0.238,2.3,Samsung,46280,28,1,0,1,0.0,0
C105380,25,F,Казань,1308246,single,0,bachelor,self_employed,70223,1,0,7.0,3,17094.2,1,1591333.14,609.0,39,0.884,16.1,Other,11394,33,2,0,0,,0
C105381,33,M,Нижний Новгород,1234800,married,1,bachelor,employed,80617,0,1,3.0,2,77003.66,1,3172150.44,553.5,29,0.73,3.0,Samsung,58829,21,1,0,0,,0
C105382,50,M,Краснодар,1091929,married,1,secondary,employed,61068,1,0,19.9,1,35813.88,1,1509371.82,639.1,10,0.268,1.7,Samsung,25914,45,2,0,0,,0
C105383,37,F,Омск,1145432,married,2,bachelor,employed,80504,1,0,2.3,5,69132.67,1,302136.82,575.4,21,0.73,7.2,Xiaomi,22131,33,2,0,0,,0
C105384,33,M,Омск,1134543,single,0,master,employed,61632,0,1,9.8,1,49125.87,1,425606.27,538.7,23,0.803,3.2,Huawei,18340,15,0,0,0,,0
C105385,23,M,Уфа,1168537,married,0,bachelor,self_employed,64843,0,0,4.2,4,18320.11,0,,530.8,23,0.734,6.2,Xiaomi,18634,33,4,1,0,,0
C105386,34,M,Санкт-Петербург,5849330,single,0,bachelor,employed,79585,1,0,3.8,3,25082.38,1,559845.26,691.6,27,0.696,2.3,Xiaomi,32455,10,6,1,0,,0
C105387,32,F,Самара,1154803,single,0,bachelor,employed,102662,1,1,10.9,1,46859.03,0,,,42,0.812,9.3,Apple,128520,7,3,1,1,1.0,1
C105388,46,M,Екатеринбург,1488031,married,0,bachelor,employed,73297,1,0,9.1,4,55990.56,1,469830.03,557.5,29,0.773,11.8,Apple,92211,24,3,0,1,0.0,1
C105389,18,F,Челябинск,1169065,single,0,bachelor,employed,54486,0,0,0.0,2,82044.9,0,,,21,0.889,10.2,Xiaomi,11595,48,4,0,0,,0
C105390,33,M,Екатеринбург,1490514,single,0,bachelor,employed,56954,1,0,15.0,2,30741.23,0,,582.8,16,0.714,5.2,Xiaomi,13559,15,2,0,1,1.0,0
C105391,67,F,Санкт-Петербург,5598841,married,4,secondary,employed,85458,0,1,12.9,3,209245.73,1,827547.54,721.0,28,0.68,5.4,Samsung,38292,7,4,0,1,0.0,0
C105392,44,F,Самара,1204820,married,5,bachelor,employed,123667,1,0,2.2,3,358519.37,1,522371.2,680.9,17,0.082,3.2,Samsung,60308,24,5,1,1,0.0,1
C105393,51,F,Москва,13068441,single,1,secondary,employed,85841,0,1,25.3,3,114942.17,1,1256721.68,,37,0.858,5.4,Apple,116636,13,2,0,1,1.0,1
C105394,48,F,Москва,12785957,single,1,master,employed,133425,0,1,1.4,1,145482.92,0,,685.0,31,0.401,,Apple,78323,14,1,0,0,,1
C105395,45,F,Санкт-Петербург,5214112,single,2,secondary,self_employed,417589,1,1,9.6,6,2629523.23,1,7853871.49,850.0,49,0.888,1.0,Apple,149412,9,8,0,1,2.0,1
C105396,25,M,Краснодар,1172656,married,0,bachelor,employed,98290,1,1,7.0,4,57794.63,1,1153015.29,624.0,34,0.797,9.5,Apple,86180,14,3,0,1,0.0,1
C105397,43,F,Ростов-на-Дону,1147937,married,1,bachelor,employed,63177,0,0,8.9,2,23963.88,1,159175.99,537.6,12,0.523,5.7,Xiaomi,29972,16,1,0,1,0.0,0
C105398,45,F,Москва,12514061,married,3,bachelor,self_employed,96197,1,1,10.4,2,143879.45,0,,550.9,26,0.572,4.7,Samsung,30214,46,0,0,0,,0
C105399,32,M,Санкт-Петербург,5323410,single,1,bachelor,employed,168982,1,1,1.4,2,259548.66,1,7547304.73,573.0,40,0.891,7.6,Apple,74920,36,9,1,0,,1
C105400,30,M,Санкт-Петербург,5056911,single,0,bachelor,self_employed,123559,0,0,6.0,2,98459.78,1,1977377.55,,40,0.975,1.5,Apple,94414,13,2,0,0,,1
C105401,48,M,Санкт-Петербург,5537616,single,1,secondary,employed,75650,0,0,17.1,3,44166.43,1,365093.11,616.7,28,0.636,0.3,Huawei,22781,19,0,0,1,1.0,0
C105402,31,M,Новосибирск,1586468,single,0,master,self_employed,86922,0,0,6.5,4,175546.57,0,,584.8,25,0.753,9.4,Google,78773,15,4,0,0,,0
C105403,38,M,Казань,1282395,single,1,secondary,employed,92727,1,0,8.6,2,116558.53,1,1453770.33,620.9,37,0.763,14.5,Xiaomi,45216,5,4,0,0,,1
C105404,48,M,Краснодар,1065940,married,2,secondary,employed,84951,0,0,4.4,2,20249.32,0,,569.0,26,0.509,0.7,Apple,65817,17,2,1,1,1.0,1
C105405,60,F,Казань,1252366,married,0,secondary,employed,38868,0,0,5.9,3,25240.66,0,,595.6,13,0.505,1.7,Huawei,26478,8,1,0,0,,0
C105406,57,F,Краснодар,1068121,married,3,secondary,employed,52432,1,1,19.6,2,48949.81,0,,645.6,12,0.58,2.4,Huawei,14590,34,3,1,0,,0
C105407,51,M,Челябинск,1217988,married,2,master,employed,41544,0,0,5.7,1,29440.56,0,,620.0,14,0.507,,Other,13429,13,2,0,0,,0
C105408,29,F,Санкт-Петербург,5139416,single,0,master,self_employed,111133,1,0,4.6,5,98788.9,1,1567074.87,667.4,34,0.861,1.7,Samsung,88379,5,5,0,0,,1
C105409,49,M,Челябинск,1200521,married,3,bachelor,employed,166172,1,1,5.1,3,95398.99,0,,616.3,41,0.83,9.5,Apple,109092,10,2,0,1,1.0,1
C105410,36,F,Санкт-Петербург,5492586,single,0,bachelor,employed,127868,1,0,1.2,3,310284.93,1,1263544.19,636.8,30,0.909,2.3,Xiaomi,48475,11,4,0,0,,0
C105411,20,F,Москва,12481804,single,0,bachelor,employed,117279,0,0,2.0,3,43148.79,0,,,34,0.917,3.6,Apple,112414,13,2,0,0,,1
C105412,48,M,Москва,12503337,single,0,master,employed,333845,1,0,3.4,5,829353.44,1,3304690.59,821.5,47,0.921,9.5,OnePlus,91106,12,3,1,0,,1
C105413,47,M,Самара,1138345,married,2,bachelor,self_employed,161712,1,1,1.5,3,295807.27,1,6775760.63,642.5,27,0.385,0.8,Samsung,64126,26,5,0,1,0.0,0
C105414,53,M,Екатеринбург,1489370,single,1,bachelor,employed,166778,1,1,1.9,6,278475.2,1,2121984.7,657.0,41,0.802,1.1,Samsung,49660,25,3,0,1,0.0,0
C105415,67,F,Уфа,1156909,married,1,master,self_employed,88584,1,1,4.4,5,121465.15,1,1610366.75,742.4,17,0.445,1.6,Apple,106942,5,8,0,1,1.0,1
C105416,35,M,Самара,1186527,single,0,bachelor,employed,70716,1,0,2.5,1,93860.16,1,177344.77,576.3,25,0.574,3.7,Other,14387,15,3,0,0,,0
C105417,49,F,Омск,1104584,married,5,bachelor,employed,86760,1,1,16.0,2,78810.38,1,450844.86,679.6,23,0.426,2.4,Xiaomi,29172,6,1,0,0,,0
C105418,28,F,Москва,12556058,married,1,secondary,employed,44001,0,1,1.5,1,13142.09,1,537843.87,647.7,14,0.734,5.9,OnePlus,35069,5,3,0,0,,0
C105419,62,F,Челябинск,1199476,married,1,bachelor,self_employed,94507,1,1,23.7,4,139144.52,0,,715.7,18,0.335,4.8,Huawei,27177,30,1,0,0,,0
C105420,32,M,Москва,12735717,married,0,master,employed,168247,0,0,8.6,5,289473.0,1,2820057.47,734.6,51,0.879,3.1,Samsung,89439,24,1,0,1,0.0,1
C105421,62,F,Нижний Новгород,1181961,married,2,master,employed,50259,0,1,5.8,3,22615.47,1,902811.61,613.5,8,0.271,0.9,Apple,54100,10,1,0,0,,0
C105422,31,F,Москва,12735427,married,1,master,self_employed,248760,0,0,1.5,5,588547.82,1,1647787.8,700.0,54,0.999,5.4,Apple,77760,31,7,1,0,,1
C105423,56,M,Ростов-на-Дону,1120445,married,1,bachelor,employed,96800,1,1,6.3,4,187402.09,0,,630.9,33,0.649,2.1,Huawei,17113,48,6,0,0,,0
C105424,24,F,Омск,1082038,single,0,bachelor,employed,60394,0,0,6.0,1,11660.02,1,1088965.88,636.1,18,0.679,4.6,Samsung,51334,16,0,0,0,,0
C105425,64,M,Екатеринбург,1471985,married,3,secondary,self_employed,29533,0,0,16.9,1,24893.91,1,97815.71,594.2,6,0.367,,Samsung,33701,15,1,0,1,2.0,0
C105426,53,M,Казань,1317931,married,4,secondary,employed,80897,1,0,17.1,2,48954.1,1,419496.15,691.6,28,0.463,5.9,Xiaomi,19735,6,4,0,0,,0
C105427,43,F,Санкт-Петербург,5212589,married,0,bachelor,employed,101394,0,1,4.7,2,79879.64,1,1468640.23,608.7,31,0.838,1.1,Google,40637,9,3,1,0,,0
C105428,64,F,Москва,13061150,married,2,secondary,self_employed,24659,0,1,4.3,1,8604.71,1,352632.21,598.4,8,0.531,1.7,Xiaomi,18252,3,1,0,0,,0
C105429,37,F,Омск,1142243,single,0,bachelor,employed,110415,1,0,2.7,2,93463.59,0,,763.6,25,0.628,6.1,Apple,113595,16,4,0,0,,1
C105430,23,F,Москва,12068202,single,0,bachelor,employed,73149,0,1,5.0,3,43534.44,0,,645.8,36,0.992,1.1,Other,5817,48,4,0,0,,0
C105431,40,M,Челябинск,1153816,single,0,bachelor,self_employed,56366,0,0,2.5,3,34514.13,0,,654.3,17,0.599,8.1,Xiaomi,17589,20,4,0,0,,0
C105432,33,F,Новосибирск,1640581,single,1,bachelor,employed,52960,0,0,14.1,4,70120.79,0,,602.3,18,0.728,5.2,OnePlus,27054,39,4,0,1,0.0,0
C105433,29,F,Москва,12474980,single,0,bachelor,employed,113553,1,1,7.4,3,55491.68,0,,670.3,31,0.853,2.5,Samsung,43784,21,7,1,1,0.0,1
C105434,55,F,Москва,12324246,married,4,secondary,employed,111425,0,0,1.8,1,102300.03,0,,,46,0.852,3.4,Samsung,49353,17,1,0,0,,0
C105435,36,M,Екатеринбург,1453672,married,2,secondary,employed,55430,0,0,2.4,3,21960.36,0,,615.7,27,0.851,13.6,Other,9490,37,0,0,1,0.0,0
C105436,37,M,Санкт-Петербург,5421944,single,2,secondary,employed,82253,0,0,2.1,2,106220.33,1,142712.66,627.8,33,0.929,7.6,Xiaomi,23552,47,3,0,0,,0
C105437,47,M,Москва,12835667,married,0,bachelor,employed,75453,1,1,13.2,3,233398.72,1,194730.74,598.6,23,0.958,12.1,Xiaomi,31964,7,3,0,0,,0
C105438,62,F,Москва,12626277,married,2,secondary,employed,97001,0,1,5.8,6,160973.96,1,601559.33,627.4,28,0.763,2.4,Samsung,55547,4,4,1,1,0.0,1
C105439,59,M,Санкт-Петербург,5671998,single,0,bachelor,employed,75716,0,1,5.9,2,52813.1,0,,697.8,23,0.401,2.3,Huawei,27096,11,2,0,1,0.0,0
C105440,29,F,Казань,1298026,single,0,bachelor,employed,65528,0,0,11.0,5,38929.45,0,,624.5,31,0.794,5.2,Xiaomi,36100,12,3,0,1,2.0,1
C105441,59,M,Омск,1122948,single,0,bachelor,employed,40461,1,0,8.5,2,24476.2,1,824917.22,557.3,6,0.259,0.8,Other,13346,7,2,1,0,,0
C105442,36,F,Новосибирск,1598856,married,1,secondary,employed,41093,0,1,8.9,3,12329.6,1,958383.15,524.2,19,0.845,8.0,Xiaomi,16619,40,2,0,0,,0
C105443,45,F,Ростов-на-Дону,1129869,married,3,bachelor,self_employed,91062,0,1,7.0,1,59220.64,1,2670987.71,598.7,21,0.74,2.7,Apple,67335,28,2,0,0,,0
C105444,43,F,Омск,1115445,single,1,secondary,employed,105888,0,0,5.1,1,110298.29,0,,768.8,35,0.626,4.5,Apple,94876,8,3,0,0,,1
C105445,36,M,Санкт-Петербург,5270632,single,2,bachelor,employed,160696,1,1,1.0,3,173235.56,1,1861711.2,690.4,29,0.976,1.7,Samsung,63400,17,6,0,1,0.0,1
C105446,24,F,Казань,1279150,single,0,bachelor,employed,46552,1,0,6.0,2,49049.68,1,1106941.38,498.2,18,0.767,1.0,Other,5303,48,2,0,1,0.0,0
C105447,21,F,Екатеринбург,1484802,single,0,bachelor,employed,26910,0,0,3.0,2,10624.6,0,,619.9,17,0.846,4.2,Xiaomi,16073,19,1,0,0,,0
C105448,33,M,Москва,13289810,married,0,secondary,self_employed,90758,0,1,3.9,4,20265.03,0,,589.2,24,0.878,4.5,OnePlus,43573,19,3,1,1,0.0,1
C105449,26,M,Самара,1186140,single,1,master,employed,63116,0,0,6.7,2,127594.1,1,877582.03,577.7,32,0.867,5.2,Xiaomi,21283,20,1,0,0,,0
C105450,38,M,Санкт-Петербург,5478207,married,1,secondary,employed,85162,1,0,4.4,3,68768.75,0,,618.0,31,0.692,3.0,Samsung,46154,15,3,0,1,1.0,0
C105451,34,M,Омск,1177828,single,0,bachelor,employed,90835,1,1,7.7,2,101547.26,0,,611.8,34,0.681,1.4,Samsung,83476,9,2,0,0,,0
C105452,34,M,Казань,1361773,single,1,bachelor,employed,119488,1,0,5.3,1,259308.91,1,1220979.33,666.4,47,0.877,6.0,Samsung,56470,19,6,0,0,,0
C105453,64,F,Москва,12486387,married,2,bachelor,employed,129222,0,1,2.1,3,402361.19,0,,,34,0.731,2.0,Samsung,54744,18,2,0,1,0.0,0
C105454,33,M,Казань,1273422,married,1,bachelor,employed,99007,0,0,0.1,2,193324.38,1,1771682.3,687.2,36,0.719,10.6,Huawei,16079,45,2,0,0,,0
C105455,53,F,Челябинск,1193937,married,3,bachelor,self_employed,40789,0,0,8.9,3,62911.83,1,375193.2,602.6,18,0.828,1.8,Xiaomi,15329,8,2,1,0,,0
C105456,28,M,Москва,12709306,single,0,bachelor,employed,97304,0,0,10.0,2,31854.49,1,529474.6,499.2,32,0.787,2.4,Other,14832,9,2,0,1,1.0,0
C105457,26,F,Нижний Новгород,1208134,single,0,secondary,employed,31056,0,0,5.8,1,8861.03,0,,440.6,23,0.848,7.0,Xiaomi,14255,3,0,1,0,,0
C105458,27,F,Новосибирск,1631166,single,0,secondary,unemployed,24169,0,0,2.0,1,5419.02,1,886243.72,418.4,3,0.642,2.2,Xiaomi,19027,6,1,0,0,,0
C105459,30,M,Омск,1109152,single,1,bachelor,self_employed,46825,0,0,11.2,2,34044.66,1,137092.5,450.6,13,0.404,4.1,Xiaomi,21455,23,1,0,1,1.0,0
C105460,39,M,Нижний Новгород,1238680,single,0,master,employed,65240,0,1,4.4,1,48136.76,1,1021425.01,562.6,16,0.606,3.8,Other,16095,28,3,0,1,1.0,0
C105461,55,M,Санкт-Петербург,5375983,married,2,bachelor,employed,200600,0,1,3.6,3,489413.45,1,1238635.74,702.3,62,0.906,6.1,Samsung,88038,2,6,1,1,0.0,1
C105462,33,F,Уфа,1137179,single,0,bachelor,employed,42625,0,0,4.6,2,14379.28,0,,547.5,24,0.79,10.0,Samsung,21574,8,4,1,1,1.0,0
C105463,27,F,Уфа,1095812,single,0,bachelor,employed,43007,0,0,9.0,4,16225.08,0,,612.4,21,0.848,5.8,Apple,75987,9,4,0,0,,0
C105464,31,M,Москва,12772930,single,0,bachelor,employed,106072,0,1,6.5,3,64994.23,1,4310487.88,587.7,46,0.975,7.9,Xiaomi,49688,8,7,0,0,,0
C105465,35,M,Москва,12969418,married,1,secondary,employed,100831,1,1,5.4,3,94295.54,1,432538.46,664.4,45,0.942,3.8,Apple,127300,15,6,0,0,,1
C105466,31,M,Москва,13043884,single,0,master,employed,153906,0,0,2.7,3,120524.95,1,1065713.25,764.0,41,0.974,11.2,Samsung,60944,5,4,1,1,1.0,0
C105467,30,F,Нижний Новгород,1261065,married,1,secondary,employed,41903,0,0,8.2,2,17156.37,0,,650.4,17,0.698,1.4,Xiaomi,14936,28,1,1,0,,0
C105468,57,F,Екатеринбург,1491541,married,3,bachelor,employed,75279,1,1,5.4,4,85589.02,0,,555.4,13,0.377,3.4,Xiaomi,21533,15,5,0,0,,0
C105469,47,M,Нижний Новгород,1246674,married,2,bachelor,self_employed,35058,0,1,14.3,1,22156.65,0,,535.8,5,0.337,3.4,Other,9225,21,5,0,1,0.0,0
C105470,24,F,Екатеринбург,1552127,single,0,bachelor,employed,26068,0,0,6.0,1,14621.31,1,203693.3,638.4,18,0.78,2.0,Xiaomi,13140,48,0,0,0,,0
C105471,59,M,Челябинск,1203451,married,3,secondary,employed,56181,1,0,1.9,1,27428.38,0,,,17,0.541,3.1,Xiaomi,24665,16,2,0,1,2.0,0
C105472,42,M,Самара,1157370,single,0,secondary,employed,25638,0,0,10.1,3,4895.08,0,,592.3,9,0.578,2.9,Huawei,26182,17,1,0,1,0.0,0
C105473,48,F,Санкт-Петербург,5439776,married,2,master,employed,71524,0,0,5.3,3,70008.98,1,356460.61,592.8,34,0.501,10.6,Xiaomi,25516,17,3,1,1,0.0,0
C105474,72,F,Нижний Новгород,1311868,married,0,secondary,employed,29759,1,1,6.7,1,8714.9,1,117427.99,618.4,2,0.068,0.2,Other,8269,32,1,1,0,,0
C105475,38,M,Санкт-Петербург,5505988,single,1,bachelor,employed,194401,1,0,17.0,6,657613.93,0,,664.1,38,0.918,7.7,OnePlus,62092,10,5,0,1,0.0,1
C105476,50,F,Уфа,1183814,married,1,secondary,employed,72861,1,0,5.2,1,57308.08,1,775003.79,620.6,24,0.604,1.1,Other,11541,10,2,0,0,,0
C105477,18,F,Москва,11861219,single,0,bachelor,employed,133154,0,1,0.0,2,36408.47,0,,,42,0.994,9.8,Apple,128065,5,4,0,0,,1
C105478,35,F,Москва,12482376,single,2,secondary,employed,87913,0,0,3.6,4,27654.26,1,2754398.71,625.2,23,0.824,2.4,Samsung,26984,42,3,0,1,0.0,0
C105479,27,F,Новосибирск,1632857,single,0,bachelor,self_employed,101299,1,0,8.1,1,51168.44,1,641119.22,644.7,48,0.935,21.6,Xiaomi,27077,31,0,0,0,,0
C105480,25,M,Уфа,1129934,single,0,secondary,employed,40151,0,0,5.9,1,18807.81,0,,601.1,21,0.724,6.2,Huawei,17082,1,1,0,0,,0
C105481,23,F,Москва,12649566,married,1,phd,employed,84839,1,1,5.0,5,99052.38,1,1627794.84,657.7,24,0.904,8.4,Apple,101398,17,1,1,0,,1
C105482,65,F,Самара,1154636,married,1,secondary,employed,28220,0,1,8.0,1,15321.12,0,,557.7,3,0.359,0.4,Other,5080,48,3,0,0,,0
C105483,41,F,Москва,12238914,single,1,master,employed,345536,0,1,11.9,3,424098.52,1,5568310.21,769.8,43,0.899,2.0,Apple,149412,2,5,0,1,0.0,1
C105484,38,M,Новосибирск,1608207,single,0,bachelor,employed,113010,0,1,6.4,5,368798.91,0,,726.8,24,0.716,3.3,Samsung,46879,11,6,0,1,0.0,1
C105485,49,F,Ростов-на-Дону,1116596,married,1,bachelor,employed,72672,0,1,4.3,2,83832.89,1,419444.03,666.4,22,0.512,2.3,Xiaomi,33468,5,3,0,1,0.0,0
C105486,25,F,Екатеринбург,1478068,single,0,secondary,employed,77387,0,1,7.0,3,47559.64,0,,645.3,26,0.826,17.2,Xiaomi,17669,35,3,1,1,0.0,1
C105487,48,F,Екатеринбург,1496323,married,4,bachelor,employed,124794,0,0,2.8,2,73414.38,0,,683.0,27,0.655,2.0,Samsung,89861,13,2,1,1,0.0,1
C105488,51,M,Ростов-на-Дону,1141852,married,0,secondary,employed,85149,0,0,2.1,3,75092.52,1,1879410.43,605.5,13,0.293,1.8,Huawei,36073,16,6,1,1,0.0,0
C105489,20,M,Казань,1321101,single,0,bachelor,employed,68929,1,0,2.0,2,154852.66,0,,619.2,33,0.989,6.0,Xiaomi,38654,6,4,0,1,0.0,0
C105490,22,F,Москва,13029102,single,0,bachelor,employed,159810,0,0,4.0,2,219745.09,1,1931030.1,678.1,52,0.825,7.7,Apple,62439,21,4,0,1,0.0,1
C105491,32,M,Нижний Новгород,1256774,single,0,bachelor,employed,59717,0,0,10.5,1,45263.01,1,368873.45,616.1,38,0.747,5.0,Other,14563,10,1,0,1,1.0,0
C105492,41,M,Уфа,1115411,married,2,secondary,employed,64989,1,0,5.0,4,51409.68,0,,659.4,22,0.433,1.3,Xiaomi,23119,33,4,1,1,1.0,0
C105493,50,M,Москва,12714878,married,3,secondary,employed,205095,1,1,11.9,5,232095.73,1,2343281.48,783.0,46,0.697,17.7,Apple,82228,48,4,1,1,0.0,1
C105494,50,F,Новосибирск,1704719,married,5,secondary,employed,60248,0,0,10.6,2,43405.26,1,326552.49,563.0,21,0.475,5.4,Samsung,34766,19,1,0,1,1.0,0
C105495,38,M,Краснодар,1075341,single,0,secondary,employed,61973,0,1,5.2,2,55004.91,1,369069.5,,16,0.596,0.3,Xiaomi,15152,17,1,1,1,1.0,0
C105496,32,F,Новосибирск,1567859,single,0,bachelor,employed,67807,0,0,14.0,3,103043.3,0,,569.1,36,0.762,3.9,Xiaomi,17879,14,3,1,1,1.0,0
C105497,24,M,Санкт-Петербург,5265955,single,0,secondary,employed,39391,0,0,6.0,1,27332.27,1,844984.66,596.4,26,0.845,6.0,Other,8646,48,3,0,0,,0
C105498,18,F,Екатеринбург,1571982,single,0,master,employed,83087,0,1,0.0,1,27005.12,1,2903319.7,643.5,38,0.825,5.2,Other,17132,28,4,0,1,0.0,0
C105499,30,M,Москва,12491441,single,0,master,employed,146808,0,0,9.9,3,218222.27,0,,582.3,37,0.995,4.5,Apple,112278,18,6,0,1,1.0,1
C105500,36,F,Казань,1276460,married,2,bachelor,self_employed,82678,0,0,6.3,1,43554.79,1,641549.29,604.4,29,0.835,3.8,Samsung,31777,16,3,0,0,,0
C105501,34,F,Краснодар,1131426,single,0,bachelor,self_employed,100529,1,1,4.5,2,109158.04,1,1644874.34,721.9,33,0.949,1.8,Apple,149412,3,6,1,1,1.0,1
C105502,61,F,Самара,1161496,single,1,secondary,employed,37758,1,0,1.3,1,38389.19,1,172023.47,482.7,9,0.398,0.9,Xiaomi,17565,18,0,0,1,0.0,0
C105503,63,M,Казань,1292575,married,3,secondary,employed,14394,0,0,10.5,1,10229.93,0,,,3,0.311,0.7,Xiaomi,11652,4,0,1,0,,0
C105504,35,M,Самара,1137209,married,2,bachelor,employed,87310,1,0,15.6,2,95941.4,1,1169311.08,750.6,26,0.917,1.6,Apple,101244,7,2,0,0,,1
C105505,61,M,Казань,1252968,married,3,master,employed,49840,0,0,2.1,1,113194.52,1,639946.95,665.3,8,0.534,2.8,Samsung,26859,41,2,0,1,0.0,0
C105506,47,F,Екатеринбург,1515340,married,3,secondary,employed,42739,0,0,4.7,1,32631.02,1,207363.29,541.7,17,0.613,2.5,Other,10431,13,0,1,1,0.0,0
C105507,26,F,Екатеринбург,1493521,single,0,master,self_employed,55232,0,0,2.0,1,70361.31,0,,490.4,29,0.891,2.6,Other,10145,19,1,0,0,,0
C105508,62,M,Москва,11987980,married,4,secondary,employed,130479,1,1,2.2,2,163953.44,1,435262.66,679.9,28,0.58,1.8,OnePlus,78250,13,3,0,1,1.0,1
C105509,63,F,Краснодар,1086347,married,2,secondary,employed,41404,0,0,1.5,3,22707.6,0,,547.4,2,0.161,0.1,Xiaomi,11865,28,2,0,0,,0
C105510,36,F,Новосибирск,1558818,single,0,secondary,employed,94920,0,0,2.9,2,211224.52,0,,,20,0.549,6.8,Xiaomi,16956,26,3,0,0,,0
C105511,35,M,Ростов-на-Дону,1141124,single,0,secondary,employed,52625,1,1,4.3,2,105087.43,1,361439.24,544.7,18,0.639,5.8,Samsung,39453,22,4,0,1,1.0,0
C105512,36,F,Нижний Новгород,1250566,single,0,secondary,employed,57264,0,0,3.0,1,65520.89,1,226074.49,611.5,23,0.904,13.1,Samsung,40103,23,1,1,1,0.0,1
C105513,66,M,Санкт-Петербург,5440586,married,1,secondary,employed,21386,0,0,2.3,1,27567.66,0,,,4,0.187,0.0,Xiaomi,10109,38,0,0,0,,0
C105514,45,M,Ростов-на-Дону,1198572,married,2,master,employed,97138,1,1,10.0,2,125422.35,1,638373.42,657.7,31,0.813,7.6,Xiaomi,37135,8,3,1,0,,1
C105515,35,F,Омск,1156409,single,0,master,employed,110602,0,0,2.5,3,124164.18,0,,707.2,30,0.863,10.8,Huawei,42471,12,7,0,0,,0
C105516,42,F,Москва,12612615,married,0,secondary,employed,67740,0,1,16.6,2,56291.77,1,585463.07,566.0,22,0.688,1.8,Xiaomi,29510,3,4,0,0,,0
C105517,45,F,Самара,1236228,married,4,master,employed,45088,1,1,3.9,2,27688.19,1,206091.11,645.5,12,0.731,3.4,Xiaomi,9201,33,4,0,1,1.0,0
C105518,48,M,Нижний Новгород,1214127,married,3,master,employed,75513,0,1,5.2,2,53859.52,1,821766.27,639.1,33,0.899,4.0,Samsung,31425,43,3,0,0,,0
C105519,65,M,Москва,12403472,married,1,master,employed,97398,0,1,11.1,2,74545.78,0,,717.9,17,0.338,,Samsung,38361,48,4,1,1,0.0,0
C105520,19,F,Санкт-Петербург,5693063,single,0,phd,employed,140786,1,0,1.0,4,114095.84,1,732593.37,628.9,48,0.945,14.7,Samsung,74710,18,3,0,1,0.0,1
C105521,28,M,Санкт-Петербург,5199212,single,1,bachelor,self_employed,39653,0,0,7.0,2,19283.04,0,,600.0,19,0.94,0.4,Xiaomi,13544,28,0,0,0,,0
C105522,52,M,Санкт-Петербург,5192411,married,0,bachelor,employed,45773,0,0,9.3,1,28142.38,0,,525.5,13,0.567,1.9,Xiaomi,8142,39,5,0,0,,0
C105523,30,F,Казань,1330051,single,0,secondary,self_employed,40099,1,0,1.5,2,15575.8,1,419067.33,650.1,28,0.973,1.1,Xiaomi,13373,18,2,0,1,0.0,0
C105524,53,F,Санкт-Петербург,5340864,married,3,master,self_employed,118387,1,1,6.7,2,504333.48,1,1508118.01,672.9,30,0.51,4.9,OnePlus,55337,20,1,0,1,0.0,0
C105525,24,F,Челябинск,1180635,single,0,bachelor,employed,45508,0,0,0.8,2,51006.14,0,,,34,0.986,11.8,Samsung,17611,28,1,1,1,0.0,0
C105526,35,F,Москва,12121772,married,1,bachelor,employed,103866,1,0,7.1,4,92860.07,0,,756.2,22,0.91,1.4,Other,20918,10,2,0,1,0.0,0
C105527,40,M,Челябинск,1181556,married,1,master,employed,138237,1,1,2.2,4,223806.67,1,687264.91,688.1,35,0.812,5.0,Xiaomi,21527,48,1,0,1,1.0,0
C105528,38,F,Краснодар,1088752,single,1,secondary,employed,36871,0,0,3.6,1,26315.97,1,219275.75,564.7,18,0.585,13.2,Xiaomi,14689,27,2,0,0,,0
C105529,42,M,Нижний Новгород,1251990,single,0,master,employed,75638,0,1,4.8,4,89996.62,1,1225460.27,704.2,24,0.655,2.5,Apple,83895,7,0,1,0,,1
C105530,30,F,Новосибирск,1615011,single,0,bachelor,self_employed,60012,0,0,8.6,3,57251.02,1,1407534.39,606.4,26,0.775,3.3,Google,42165,9,2,0,0,,0
C105531,59,F,Санкт-Петербург,5288690,married,1,bachelor,employed,37952,0,0,17.5,4,54129.4,0,,666.6,13,0.911,2.0,Huawei,17575,19,2,0,1,2.0,0
C105532,46,F,Санкт-Петербург,5388221,single,0,bachelor,self_employed,95072,0,1,6.2,2,125664.26,1,2563172.91,703.4,35,0.65,5.4,Samsung,44864,15,2,0,1,2.0,1
C105533,32,F,Санкт-Петербург,4948125,single,0,phd,employed,44721,1,0,12.7,2,35881.57,0,,568.0,34,0.971,7.1,Apple,50617,17,1,0,0,,0
C105534,65,M,Омск,1162480,married,2,secondary,employed,32000,0,0,1.5,2,11443.61,1,853261.82,489.6,4,0.089,0.6,Google,28626,20,3,0,0,,0
C105535,53,M,Москва,12852319,married,0,bachelor,employed,132810,1,1,13.2,2,365632.32,0,,672.5,43,0.973,0.5,Xiaomi,50940,5,1,0,1,1.0,1
C105536,38,M,Екатеринбург,1506241,married,0,secondary,employed,45506,0,0,10.2,2,32356.65,1,241508.73,592.2,18,0.896,5.9,Xiaomi,23807,17,1,0,0,,0
C105537,36,F,Краснодар,1090842,single,0,bachelor,employed,54677,0,0,4.4,5,25335.06,0,,572.9,17,0.691,3.2,Huawei,21245,39,4,0,0,,0
C105538,67,M,Краснодар,1159495,married,4,secondary,self_employed,33739,0,0,5.5,2,41270.99,0,,615.9,2,0.279,0.9,Other,5137,48,1,0,0,,0
C105539,26,F,Санкт-Петербург,5356814,single,0,secondary,employed,54807,0,1,8.0,1,31905.13,0,,634.2,27,0.773,0.8,Huawei,20951,26,1,0,0,,0
C105540,45,M,Санкт-Петербург,5641044,married,2,secondary,employed,70995,1,0,0.9,2,48810.39,1,395970.82,613.5,15,0.394,1.9,Xiaomi,18755,4,1,0,0,,0
C105541,32,M,Екатеринбург,1551022,single,0,bachelor,self_employed,80465,0,0,3.6,3,46321.71,0,,567.8,25,0.608,2.0,Other,11423,42,6,0,1,0.0,0
C105542,37,M,Москва,12946300,married,3,master,employed,105574,1,0,19.0,5,40967.18,1,870891.62,702.2,38,0.838,4.1,Apple,142838,6,4,1,1,0.0,1
C105543,42,F,Краснодар,1098026,single,0,bachelor,employed,150495,0,1,15.5,5,110461.92,0,,730.1,42,0.902,3.5,Samsung,68270,5,4,0,1,0.0,1
C105544,28,M,Санкт-Петербург,5536610,single,0,master,employed,136628,0,1,7.6,3,200222.93,1,1211042.89,737.2,29,0.775,9.9,Google,100375,13,2,1,0,,1
C105545,34,M,Самара,1111018,married,2,secondary,employed,42707,0,0,14.0,2,45602.08,1,1280858.95,544.8,22,0.934,3.8,Samsung,20063,18,1,1,1,1.0,0
C105546,56,M,Новосибирск,1603184,married,2,secondary,employed,58071,1,0,1.9,1,76696.85,0,,,15,0.332,1.1,Other,14091,5,3,0,0,,0
C105547,49,M,Челябинск,1175485,divorced,1,secondary,employed,80071,1,1,0.5,2,128480.06,1,1928822.66,594.0,29,0.53,1.7,Samsung,38268,16,4,0,1,1.0,0
C105548,29,M,Казань,1352110,single,0,secondary,employed,77607,0,0,3.4,3,29739.18,1,932623.33,694.8,19,0.628,3.5,Xiaomi,18342,18,1,0,0,,0
C105549,44,F,Ростов-на-Дону,1213350,married,2,secondary,employed,89596,1,1,0.7,2,50989.22,1,3607492.2,544.1,25,0.656,3.1,Other,10771,22,7,0,0,,0
C105550,29,M,Санкт-Петербург,5311152,single,0,bachelor,self_employed,150307,1,0,8.3,1,278672.09,1,4208109.44,594.1,53,0.995,1.8,Apple,149412,5,3,1,0,,1
C105551,34,F,Самара,1153321,single,0,secondary,employed,49974,0,0,14.2,1,12419.09,0,,554.0,26,0.897,2.6,Huawei,17040,18,1,1,0,,0
C105552,42,F,Санкт-Петербург,5505436,single,0,master,employed,295010,0,1,8.6,5,324035.82,0,,698.3,40,0.74,4.4,Apple,149412,8,5,1,1,1.0,1
C105553,58,M,Казань,1311123,married,4,bachelor,employed,62380,0,1,6.6,3,83485.56,1,486824.62,547.3,16,0.669,1.8,Samsung,27661,22,2,1,1,1.0,0
C105554,29,F,Санкт-Петербург,5406886,divorced,3,bachelor,employed,47265,1,0,11.0,2,43061.47,0,,663.4,30,0.978,16.8,Xiaomi,18946,25,4,0,0,,0
C105555,31,F,Челябинск,1200583,single,0,bachelor,employed,65068,1,0,5.8,1,39843.39,1,665155.5,593.7,15,0.502,6.2,Huawei,31699,17,2,0,0,,0
C105556,45,M,Самара,1172115,married,3,master,employed,44212,0,0,0.5,1,31815.13,1,162685.72,548.0,16,0.577,3.3,Xiaomi,13158,13,3,0,0,,0
C105557,59,F,Казань,1397582,married,2,secondary,employed,46844,1,0,5.6,3,77123.93,0,,600.6,4,0.172,,Apple,74449,2,4,1,0,,0
C105558,25,M,Санкт-Петербург,5413319,single,0,secondary,employed,61136,1,0,3.0,1,91475.58,1,473557.33,608.3,25,0.744,3.4,Samsung,69577,8,4,0,0,,0
C105559,46,F,Екатеринбург,1452332,single,0,bachelor,employed,59746,1,0,5.5,4,25180.01,0,,723.8,20,0.61,2.6,Samsung,44845,16,2,0,1,0.0,0
C105560,46,M,Москва,13534182,married,1,secondary,self_employed,239609,1,1,8.8,2,238282.21,1,1836874.02,759.2,27,0.726,3.2,Xiaomi,39612,23,8,0,0,,0
C105561,28,F,Москва,12633411,single,0,bachelor,employed,58900,0,0,3.1,1,108903.37,0,,608.0,24,0.962,6.0,Xiaomi,19958,20,2,1,0,,0
C105562,61,M,Ростов-на-Дону,1132613,divorced,1,secondary,employed,71201,1,0,5.5,2,94807.78,1,433194.89,631.9,23,0.533,5.8,Huawei,31016,13,1,0,1,0.0,0
C105563,60,F,Уфа,1164775,single,0,bachelor,employed,57117,0,0,6.5,2,47238.58,1,257508.63,618.7,26,0.577,2.4,Other,8292,39,3,0,1,1.0,0
C105564,35,F,Омск,1067492,single,1,bachelor,employed,89216,1,0,10.8,3,79797.97,1,1483763.7,758.6,13,0.396,1.2,Xiaomi,23645,23,3,0,0,,0
C105565,24,F,Москва,12754334,single,0,bachelor,self_employed,118290,0,0,3.6,1,157183.34,1,2545117.58,643.2,28,0.64,11.2,Apple,118147,3,1,1,0,,1
C105566,26,F,Екатеринбург,1523004,single,0,bachelor,self_employed,88044,1,0,8.0,1,17245.76,1,842637.58,690.8,36,0.802,4.5,Xiaomi,21701,2,0,0,1,0.0,0
C105567,41,M,Москва,12319968,single,1,secondary,employed,152485,0,1,3.3,2,78118.73,0,,,49,0.925,3.4,Apple,101516,7,3,0,1,0.0,1
C105568,40,F,Новосибирск,1663171,single,0,bachelor,employed,34639,1,0,5.7,2,83085.2,1,1432693.96,564.2,11,0.576,4.8,Huawei,14425,29,1,0,0,,0
C105569,60,F,Москва,12488556,married,3,master,employed,123816,1,1,3.4,2,118597.14,1,2489713.07,679.1,29,0.548,3.0,Samsung,71065,7,1,1,1,0.0,1
C105570,38,M,Ростов-на-Дону,1116191,single,1,secondary,employed,30877,0,0,6.6,2,18036.59,1,44846.35,613.6,8,0.474,3.6,Xiaomi,15434,28,0,0,1,1.0,0
C105571,66,F,Омск,1207283,married,2,bachelor,employed,99512,0,1,9.7,2,250245.53,0,,680.8,18,0.376,2.2,Xiaomi,20897,20,0,0,0,,0
C105572,69,F,Москва,12759927,married,2,bachelor,employed,74980,1,1,10.2,1,119676.35,0,,732.2,18,0.504,4.3,OnePlus,41859,11,2,0,0,,0
C105573,29,F,Москва,12973773,single,1,secondary,employed,79997,1,0,1.8,2,56210.29,1,1026200.43,,34,0.99,3.0,Xiaomi,24955,18,2,1,1,3.0,1
C105574,34,M,Санкт-Петербург,5410533,single,0,bachelor,employed,72022,1,0,4.4,1,45160.09,1,251845.12,568.3,24,0.968,4.3,Samsung,40567,20,1,0,0,,0
C105575,36,F,Санкт-Петербург,5612426,single,0,secondary,employed,104650,1,0,13.0,2,151971.63,1,1387084.81,588.0,28,0.816,5.5,Xiaomi,37463,9,2,0,1,0.0,0
C105576,31,M,Омск,1099121,single,0,secondary,employed,89030,0,1,0.7,2,54619.12,0,,598.3,44,0.881,1.6,Samsung,44135,31,2,0,0,,0
C105577,37,F,Нижний Новгород,1180285,married,0,bachelor,employed,55967,0,0,9.5,4,53286.99,0,,597.0,18,0.527,4.6,Xiaomi,22296,13,4,0,1,0.0,0
C105578,43,M,Санкт-Петербург,5720252,married,3,master,employed,114704,1,1,2.0,1,39021.01,1,652886.63,701.2,34,0.85,2.5,Apple,123010,2,1,1,0,,1
C105579,54,M,Москва,12338106,married,2,secondary,self_employed,68572,1,0,11.7,2,19135.98,0,,717.8,26,0.553,3.5,Huawei,17273,42,1,0,1,0.0,0
C105580,31,M,Москва,12713241,single,0,master,employed,417589,1,1,6.1,4,766635.63,0,,806.5,65,0.776,6.3,Apple,149412,7,4,0,1,0.0,1
C105581,49,F,Санкт-Петербург,5429853,married,3,secondary,employed,70696,0,1,12.8,2,103473.63,1,842744.79,653.6,22,0.801,4.4,Samsung,18182,25,4,0,1,2.0,0
C105582,38,F,Санкт-Петербург,5262162,single,0,bachelor,employed,105393,1,1,1.3,4,45370.96,1,3758320.89,630.7,30,0.908,2.6,Samsung,37647,28,6,0,0,,0
C105583,61,M,Нижний Новгород,1227435,married,0,secondary,employed,32756,0,1,8.1,2,30803.4,1,253466.18,643.4,3,0.323,0.1,Xiaomi,21417,14,2,1,1,2.0,0
C105584,29,F,Самара,1140443,single,0,master,employed,146317,0,0,11.0,2,196226.42,1,2214410.1,657.0,45,0.983,6.9,Apple,92379,9,0,0,0,,1
C105585,68,F,Уфа,1157259,married,2,master,employed,89905,1,1,10.9,2,272667.81,0,,715.7,23,0.352,5.7,Apple,73516,1,4,0,1,0.0,1
C105586,30,F,Казань,1267704,married,0,secondary,employed,207582,1,0,5.9,4,283345.04,0,,784.4,38,0.943,6.7,Google,81616,2,3,0,1,0.0,1
C105587,49,F,Санкт-Петербург,5398780,married,2,secondary,self_employed,128520,0,1,1.2,3,161287.16,1,5160559.67,620.0,41,0.717,4.6,Apple,137476,17,2,0,0,,0
C105588,33,F,Омск,1072049,married,0,master,employed,66574,0,0,15.0,2,31972.93,1,775141.52,653.9,25,0.718,3.5,Xiaomi,17802,14,0,0,1,1.0,0
C105589,27,F,Санкт-Петербург,5140444,single,0,secondary,employed,38741,1,0,0.7,1,24833.61,1,600235.08,568.2,28,0.958,2.6,Samsung,14617,34,0,0,0,,0
C105590,41,F,Самара,1151485,single,1,master,employed,82582,0,1,9.8,4,42695.33,1,652423.95,741.5,23,0.775,8.4,Apple,121359,13,3,0,1,0.0,1
C105591,53,M,Санкт-Петербург,5441487,married,3,bachelor,employed,94851,1,1,0.5,4,53588.04,0,,662.8,22,0.487,1.3,Samsung,44699,32,3,0,1,0.0,0
C105592,37,M,Нижний Новгород,1226041,single,0,secondary,unemployed,34474,0,0,5.1,1,24279.89,1,481242.79,523.2,14,0.894,6.1,Samsung,18085,25,2,0,0,,0
C105593,21,F,Ростов-на-Дону,1130687,single,0,master,employed,97376,1,0,2.4,1,157409.1,0,,624.1,34,0.987,14.2,Xiaomi,41435,16,0,0,0,,0
C105594,25,M,Челябинск,1093475,single,0,bachelor,employed,61818,1,0,7.0,2,44369.11,0,,622.1,28,0.76,2.0,Samsung,34358,32,2,1,1,1.0,0
C105595,28,M,Самара,1105733,single,1,secondary,employed,40968,0,0,8.1,2,42772.98,0,,605.6,9,0.403,1.4,Samsung,38980,16,3,0,0,,0
C105596,37,F,Санкт-Петербург,5300026,married,2,bachelor,employed,96463,1,0,0.2,3,103380.51,1,1082272.68,664.6,47,0.725,9.8,Other,13717,8,3,1,0,,0
C105597,38,M,Омск,1173732,single,2,bachelor,employed,138051,0,1,13.7,4,85320.6,1,955632.88,722.8,37,0.613,2.9,Apple,104061,16,6,0,0,,1
C105598,52,F,Москва,13055647,married,2,secondary,employed,81055,0,1,6.5,2,112640.27,1,820678.58,682.8,23,0.48,0.5,Xiaomi,32928,7,1,0,0,,0
C105599,47,M,Москва,12418849,single,0,bachelor,employed,142990,0,1,7.3,4,212594.23,1,1437626.88,638.6,27,0.615,4.7,Apple,102867,35,7,1,1,2.0,1
C105600,36,F,Самара,1202100,married,3,bachelor,self_employed,102369,1,0,0.2,3,124986.25,1,416329.41,710.1,32,0.855,1.5,Samsung,53857,11,7,0,1,1.0,1
C105601,27,F,Санкт-Петербург,5244478,single,0,bachelor,self_employed,235333,1,1,5.2,4,236301.76,0,,768.5,44,0.857,1.7,Apple,114860,12,5,1,1,1.0,1
C105602,45,M,Москва,12468260,married,4,bachelor,employed,171115,1,1,8.6,4,388749.88,1,2092120.27,732.8,44,0.713,6.7,Huawei,52046,16,3,0,1,0.0,1
C105603,43,M,Санкт-Петербург,5344548,single,0,secondary,employed,119120,1,0,16.4,6,92909.87,1,336795.3,669.2,33,0.745,4.9,Samsung,44918,13,2,0,0,,0
C105604,29,M,Краснодар,1113497,single,0,bachelor,employed,64270,0,0,11.0,3,18029.15,0,,689.6,25,0.864,4.1,Apple,47924,40,5,0,1,1.0,1
C105605,26,F,Нижний Новгород,1196929,single,0,bachelor,employed,33836,0,0,8.0,2,25271.04,1,1076830.74,642.9,15,0.829,1.3,Xiaomi,13977,32,0,0,0,,0
C105606,37,M,Челябинск,1160106,married,3,secondary,employed,65002,1,1,19.0,5,17697.52,1,553224.1,541.3,11,0.584,1.1,Other,4796,47,3,0,1,0.0,0
C105607,39,M,Санкт-Петербург,5613245,divorced,3,bachelor,employed,128449,1,0,8.2,3,210036.85,1,823095.68,719.7,37,0.717,2.7,Samsung,81238,4,4,0,1,0.0,1
C105608,23,F,Самара,1169707,single,0,bachelor,employed,74623,0,1,2.2,2,76867.45,0,,653.9,24,0.942,9.1,Xiaomi,33079,6,3,0,0,,0
C105609,45,M,Нижний Новгород,1235020,married,1,bachelor,employed,73988,0,1,7.2,2,24596.74,1,1005729.87,591.9,24,0.625,3.2,Samsung,25410,48,3,1,1,3.0,0
C105610,40,M,Омск,1084280,single,1,bachelor,employed,104620,1,0,13.0,1,124913.25,0,,698.0,37,0.763,3.1,Apple,96470,4,4,0,1,0.0,1
C105611,34,F,Уфа,1133598,married,3,bachelor,employed,104987,1,0,4.0,3,56117.81,1,778422.87,,39,0.979,1.0,Xiaomi,42417,2,4,0,1,0.0,1
C105612,33,F,Москва,12384278,married,0,secondary,employed,35353,0,0,10.7,1,17272.23,0,,556.5,11,0.906,10.9,Xiaomi,13128,21,1,0,0,,0
C105613,36,M,Омск,1083565,single,0,secondary,employed,52705,0,0,9.9,1,54476.64,0,,564.7,23,0.69,5.6,OnePlus,24853,48,1,0,0,,0
C105614,38,M,Москва,12446114,single,0,secondary,employed,79308,0,1,8.1,2,136437.35,0,,672.8,31,0.8,7.3,Xiaomi,21334,15,5,1,1,2.0,1
C105615,24,M,Москва,12519350,single,0,master,employed,115833,0,0,6.0,4,454648.94,0,,613.6,40,0.996,6.9,Apple,47775,23,4,1,1,0.0,1
C105616,51,M,Екатеринбург,1562995,single,0,bachelor,self_employed,79239,1,0,12.8,5,36805.19,1,353663.04,717.1,27,0.746,2.5,Samsung,32433,28,3,1,1,0.0,1
C105617,72,F,Челябинск,1265386,married,2,master,employed,38039,1,1,13.1,4,125552.12,0,,561.2,4,0.152,,Xiaomi,13174,47,5,0,1,1.0,0
C105618,63,M,Челябинск,1174516,married,3,secondary,employed,74746,1,1,5.8,3,73842.22,1,490781.93,640.3,28,0.764,2.4,Other,17203,14,2,1,0,,0
C105619,54,M,Москва,12794361,single,0,secondary,employed,72037,0,0,8.3,2,86684.67,1,309913.58,650.9,12,0.382,1.3,Xiaomi,21261,5,0,0,1,3.0,0
C105620,36,F,Нижний Новгород,1213028,single,1,bachelor,employed,80986,0,0,18.0,3,110286.58,1,419771.94,716.5,32,0.811,10.1,Samsung,49314,17,4,0,0,,0
C105621,40,F,Нижний Новгород,1230860,single,0,master,employed,136201,0,1,5.8,6,110571.82,1,2035281.08,719.7,32,0.581,3.8,Samsung,71473,6,4,0,1,0.0,1
C105622,25,F,Санкт-Петербург,5195437,single,0,secondary,employed,48189,0,0,7.0,1,27376.58,1,341801.97,599.4,20,0.579,1.4,Huawei,17205,25,2,0,0,,0
C105623,44,M,Санкт-Петербург,5735845,married,0,master,employed,125564,1,1,9.0,3,66926.82,0,,625.0,33,0.613,2.2,Apple,97368,37,2,1,1,0.0,1
C105624,29,M,Санкт-Петербург,5248988,single,1,bachelor,employed,71933,1,0,7.9,1,46862.33,1,453323.47,658.2,28,0.649,11.7,Google,48602,10,1,0,1,1.0,1
C105625,42,F,Краснодар,1075297,married,3,secondary,employed,98607,0,0,16.1,6,88616.64,0,,695.5,21,0.471,12.2,Xiaomi,23616,27,6,0,1,1.0,0
C105626,43,F,Казань,1345663,married,4,secondary,employed,31203,0,1,4.7,2,10486.85,1,303630.46,590.5,10,0.619,,Huawei,23743,17,2,0,1,1.0,0
C105627,45,M,Уфа,1111336,married,5,secondary,employed,40823,1,0,5.7,4,50194.04,1,141514.6,698.6,18,0.67,3.6,Xiaomi,15942,17,2,0,0,,0
C105628,41,F,Новосибирск,1652989,married,1,master,unemployed,41220,0,0,11.5,4,33580.58,1,1142852.42,553.8,21,0.877,7.9,Xiaomi,23064,5,2,0,0,,0
C105629,57,F,Санкт-Петербург,5219141,married,1,secondary,employed,90334,1,1,5.6,3,57418.86,1,2037721.71,765.8,34,0.827,3.4,Xiaomi,33558,12,2,0,1,1.0,0
C105630,38,F,Самара,1182912,married,0,secondary,employed,27098,0,0,6.1,3,7716.14,1,172513.19,476.0,10,0.776,2.2,Huawei,20601,10,2,1,1,0.0,0
C105631,50,F,Челябинск,1174940,single,0,master,employed,56438,1,1,16.4,2,27046.5,0,,517.2,13,0.501,1.7,Samsung,42118,4,0,0,1,2.0,0
C105632,63,F,Санкт-Петербург,5452015,married,2,secondary,employed,78207,1,1,3.3,4,203476.72,1,822407.28,622.6,18,0.41,0.3,Huawei,15803,17,2,0,1,0.0,0
C105633,32,F,Краснодар,1098798,single,0,phd,employed,39195,0,0,5.6,2,34780.81,0,,576.6,10,0.631,0.5,Xiaomi,15043,4,3,0,0,,0
C105634,30,M,Челябинск,1161461,single,0,bachelor,employed,22430,0,0,6.9,1,7137.88,1,244019.19,448.8,7,0.657,1.9,Other,11156,16,0,0,0,,0
C105635,32,M,Омск,1118583,single,1,bachelor,employed,143111,1,1,6.9,3,109388.98,1,1482377.74,674.6,45,0.797,4.7,Samsung,96451,16,3,0,0,,1
C105636,38,F,Самара,1116489,single,0,secondary,employed,68428,0,0,1.4,2,40209.49,0,,552.0,23,0.785,5.9,Samsung,69030,5,5,0,0,,0
C105637,25,M,Уфа,1106074,single,0,bachelor,employed,99084,0,1,1.4,2,44485.79,1,1466264.35,723.1,35,0.964,7.9,OnePlus,55929,2,1,1,0,,1
C105638,52,M,Санкт-Петербург,5345432,married,3,master,self_employed,309327,1,1,6.4,2,348408.57,0,,850.0,43,0.867,7.9,Samsung,59240,27,2,0,1,0.0,1
C105639,54,F,Омск,1121180,married,2,bachelor,employed,14896,0,1,10.0,1,11896.05,0,,427.4,2,0.519,0.7,Xiaomi,10647,13,1,0,1,0.0,0
C105640,42,F,Самара,1199796,single,2,secondary,employed,49974,1,1,5.9,2,34075.21,0,,762.5,24,0.776,8.4,Xiaomi,6006,35,1,1,1,1.0,0
C105641,52,M,Москва,12589633,married,5,secondary,self_employed,154074,1,1,12.3,3,497414.25,1,2997936.02,715.0,34,0.785,9.4,OnePlus,52024,13,10,1,1,3.0,1
C105642,61,M,Екатеринбург,1558988,married,3,secondary,employed,31577,0,1,18.0,1,21688.36,0,,569.5,2,0.148,,Huawei,16306,13,3,0,1,1.0,0
C105643,59,M,Омск,1073745,married,4,secondary,employed,67884,1,1,4.3,1,144755.12,1,222673.21,590.4,10,0.282,2.8,OnePlus,35323,5,3,0,0,,0
C105644,68,M,Санкт-Петербург,5376449,married,4,secondary,employed,78811,1,1,2.6,4,170476.04,1,795675.28,700.8,22,0.564,0.8,Xiaomi,38296,3,2,0,0,,0
C105645,32,M,Казань,1316902,single,0,master,employed,140041,1,0,3.6,4,89416.69,0,,691.1,53,0.949,12.6,Apple,149412,8,8,1,1,1.0,1
C105646,70,M,Новосибирск,1603530,single,1,bachelor,employed,25483,0,1,8.6,3,12940.23,0,,584.8,2,0.27,0.3,Other,6517,39,1,1,1,1.0,0
C105647,52,M,Самара,1205986,married,2,secondary,employed,47831,0,1,1.4,1,30621.08,1,189281.81,511.4,26,0.85,1.6,Xiaomi,21214,15,0,1,0,,0
C105648,48,F,Москва,13089457,single,1,bachelor,employed,97957,0,1,5.2,2,79563.71,1,661654.28,710.0,38,0.917,6.2,Apple,118316,11,3,0,0,,1
C105649,35,M,Ростов-на-Дону,1146743,married,0,secondary,self_employed,116344,0,0,3.9,3,214238.9,1,982093.01,632.3,46,0.943,3.6,Apple,95423,8,2,0,0,,1
C105650,58,F,Санкт-Петербург,5312954,divorced,0,master,employed,194671,1,1,8.4,4,765612.11,0,,772.0,34,0.658,1.4,Samsung,67184,3,4,0,0,,1
C105651,48,F,Самара,1127084,single,0,secondary,employed,22525,0,0,13.6,1,13126.97,0,,525.4,4,0.238,1.3,Huawei,26859,10,0,1,0,,0
C105652,42,M,Омск,1056933,single,0,bachelor,employed,29067,0,0,6.7,2,10888.82,0,,458.5,6,0.56,2.0,Xiaomi,7676,26,0,0,0,,0
C105653,23,M,Москва,12146076,single,0,bachelor,self_employed,166383,0,0,5.0,4,194192.52,0,,599.4,47,0.955,3.7,Apple,149412,10,3,1,1,0.0,1
C105654,47,M,Москва,12230798,married,1,bachelor,employed,203359,1,1,1.8,3,290055.16,1,295053.54,731.6,47,0.973,9.5,Apple,136260,12,3,1,1,1.0,1
C105655,37,M,Нижний Новгород,1235368,single,0,bachelor,unemployed,44165,0,0,5.5,3,42428.89,0,,638.9,14,0.661,1.6,Other,8922,22,2,0,0,,0
C105656,38,F,Омск,1150674,married,2,bachelor,self_employed,46862,0,0,5.9,1,37220.51,0,,578.0,22,0.884,6.2,Xiaomi,15326,18,4,0,0,,0
C105657,26,M,Ростов-на-Дону,1193183,single,0,bachelor,employed,46690,0,0,4.8,1,40742.92,0,,562.5,24,0.91,,Xiaomi,21207,26,0,0,0,,0
C105658,34,M,Санкт-Петербург,5418979,married,1,bachelor,self_employed,93382,0,1,6.3,3,86222.22,0,,601.8,37,0.963,1.6,Huawei,47042,3,2,1,1,1.0,1
C105659,48,F,Самара,1203383,married,2,secondary,employed,45276,0,1,15.1,3,20890.38,0,,609.4,16,0.689,1.0,Xiaomi,15168,8,2,0,1,1.0,0
C105660,26,F,Москва,12894274,single,0,bachelor,employed,86625,0,0,1.3,1,69625.45,1,233665.1,691.6,33,0.93,5.4,Xiaomi,15517,43,3,0,1,0.0,0
C105661,65,F,Нижний Новгород,1272856,married,3,secondary,employed,43565,1,1,5.4,1,60892.6,1,189366.2,585.9,4,0.197,3.6,Xiaomi,20380,10,5,0,1,0.0,0
C105662,36,M,Москва,12183760,married,1,bachelor,employed,129266,0,1,7.7,3,91639.06,1,1001556.07,624.4,40,0.864,2.6,Other,12714,36,3,0,0,,0
C105663,63,M,Уфа,1117550,married,3,bachelor,employed,24973,0,0,5.8,2,9796.74,0,,456.4,5,0.273,0.1,Xiaomi,21027,8,0,0,0,,0
C105664,33,F,Казань,1363815,single,0,secondary,employed,52686,1,0,15.0,3,61882.14,1,977119.27,673.1,27,0.893,6.8,Apple,88393,10,2,0,0,,1
C105665,68,M,Санкт-Петербург,5422767,married,3,secondary,unemployed,10000,0,0,5.2,1,3760.92,0,,393.7,2,0.287,0.3,Xiaomi,7562,33,0,0,0,,0
C105666,30,F,Нижний Новгород,1283198,single,0,bachelor,employed,48408,0,0,12.0,1,27190.73,1,403642.47,501.7,15,0.527,3.2,Samsung,27743,5,0,0,0,,0
C105667,66,M,Москва,13610199,single,2,master,employed,172182,1,0,15.3,3,1480059.64,1,2560997.9,728.7,27,0.629,3.3,Apple,93006,7,0,1,1,0.0,1
C105668,62,F,Челябинск,1203754,married,1,phd,employed,237021,1,1,10.8,3,514611.25,1,1468623.58,713.4,40,0.512,2.6,Samsung,75327,16,3,0,1,1.0,1
C105669,24,M,Новосибирск,1639701,single,0,bachelor,employed,94013,1,0,6.0,3,148848.1,1,4013171.21,,28,0.791,4.6,Samsung,68224,5,3,1,0,,1
C105670,29,M,Ростов-на-Дону,1088738,single,0,bachelor,employed,77817,1,0,5.0,1,46224.6,0,,605.7,35,0.91,2.7,Samsung,42816,8,1,1,0,,1
C105671,43,M,Москва,12588371,single,2,secondary,employed,85324,0,1,7.4,3,82214.81,1,2013085.89,666.2,25,0.637,4.0,Xiaomi,39999,4,7,0,1,0.0,0
C105672,45,M,Самара,1111467,single,1,secondary,employed,84566,0,0,1.1,2,108616.27,1,182695.1,712.3,34,0.892,2.5,Xiaomi,29096,30,1,0,1,2.0,0
C105673,61,F,Новосибирск,1601287,married,3,bachelor,employed,32070,0,0,9.0,1,11118.62,0,,574.3,17,0.595,2.3,Huawei,6885,35,2,0,0,,0
C105674,27,F,Ростов-на-Дону,1152373,single,1,secondary,employed,18789,0,0,6.8,1,1307.84,0,,545.8,11,0.814,2.9,Xiaomi,12027,15,0,0,0,,0
C105675,21,F,Москва,12417302,single,0,master,employed,185049,0,0,3.0,3,213098.73,0,,721.9,46,0.59,7.7,Apple,112540,23,5,0,0,,1
C105676,31,M,Москва,12450340,single,0,secondary,employed,30884,0,0,12.7,3,19385.33,0,,504.4,14,0.735,4.4,Huawei,15372,48,1,0,0,,0
C105677,36,F,Уфа,1103051,single,0,secondary,employed,57232,0,0,18.0,1,33830.93,1,431998.62,617.1,19,0.881,2.5,Samsung,38305,10,0,0,0,,0
C105678,23,M,Уфа,1170039,single,0,bachelor,employed,25604,0,0,4.9,1,14725.65,0,,490.2,13,0.817,2.3,Other,7045,48,0,0,0,,0
C105679,36,F,Москва,12543020,single,2,bachelor,employed,107175,0,0,7.8,1,42697.46,1,584502.4,721.1,22,0.73,3.7,Huawei,46844,6,2,0,0,,0
C105680,25,F,Ростов-на-Дону,1161659,single,0,master,self_employed,72705,1,0,2.5,2,91439.09,1,839378.87,690.2,22,0.84,1.1,Samsung,31871,8,2,0,0,,0
C105681,55,M,Омск,1126691,married,5,bachelor,self_employed,143075,1,1,1.8,2,711053.01,1,2478801.2,690.8,44,0.789,4.0,Samsung,44280,16,5,1,1,0.0,1
C105682,44,M,Екатеринбург,1518010,single,0,bachelor,employed,50155,0,0,4.1,2,9462.3,1,980274.48,621.9,9,0.269,1.1,Xiaomi,26387,23,1,0,0,,0
C105683,20,M,Новосибирск,1649907,single,0,bachelor,employed,47236,0,0,2.0,1,44207.89,0,,,34,0.953,3.3,Xiaomi,19360,0,2,0,0,,0
C105684,44,M,Москва,12819527,married,3,phd,employed,218008,1,0,3.8,3,575854.23,0,,756.4,56,0.911,25.2,Apple,100886,19,5,1,1,0.0,1
C105685,71,F,Краснодар,1066820,married,0,secondary,employed,18726,0,0,7.0,1,13163.87,0,,554.3,2,0.275,0.5,Xiaomi,20792,13,0,0,0,,0
C105686,43,F,Екатеринбург,1527085,single,0,bachelor,self_employed,104205,1,0,25.0,3,118144.28,1,1865845.67,720.9,27,0.706,2.1,Huawei,30740,14,3,0,1,0.0,0
C105687,68,M,Москва,13529566,married,4,master,employed,94611,0,1,4.9,1,110909.3,1,486401.73,654.4,27,0.789,,Huawei,31345,3,2,0,0,,0
C105688,39,M,Екатеринбург,1488582,single,1,secondary,self_employed,63287,0,0,9.3,2,31215.16,1,470755.39,630.4,23,0.735,1.5,Xiaomi,24898,28,3,0,0,,0
C105689,46,F,Москва,11917052,married,3,bachelor,self_employed,122551,1,1,0.3,4,29331.37,1,2430534.64,655.6,46,0.859,8.8,Samsung,58768,41,1,0,0,,0
C105690,39,M,Москва,12397368,married,0,bachelor,employed,223346,1,1,16.9,2,265721.64,1,3124633.73,630.7,53,0.895,7.1,Xiaomi,53722,16,4,1,1,0.0,1
C105691,27,M,Самара,1151294,single,0,bachelor,employed,102135,0,0,2.0,1,32917.85,1,170610.63,638.2,31,0.917,3.5,Xiaomi,19573,48,1,1,1,0.0,0
C105692,60,M,Челябинск,1143526,divorced,0,bachelor,employed,44377,0,1,5.2,1,39816.5,0,,451.3,16,0.443,1.1,Xiaomi,21331,15,1,0,1,2.0,0
C105693,30,M,Москва,12613890,single,0,bachelor,employed,238937,1,0,5.4,4,1100501.81,1,5461720.7,714.8,40,0.889,8.5,Apple,108305,5,6,1,0,,1
C105694,41,F,Ростов-на-Дону,1153113,married,3,bachelor,employed,179631,1,1,5.9,2,303995.98,1,4155446.47,685.3,40,0.877,1.5,Xiaomi,47774,10,6,0,1,0.0,1
C105695,35,M,Санкт-Петербург,5121808,single,0,bachelor,employed,220146,1,0,12.5,5,395060.02,1,1800870.34,783.5,43,0.81,10.1,Huawei,55429,11,2,0,1,1.0,1
C105696,40,M,Нижний Новгород,1225051,married,2,secondary,employed,34067,0,0,14.1,2,34207.71,0,,652.5,5,0.614,2.5,Xiaomi,12124,28,2,0,0,,0
C105697,40,F,Санкт-Петербург,5391640,single,0,bachelor,self_employed,218681,1,1,6.4,2,181724.74,1,1956193.61,690.6,48,0.772,2.7,Apple,147347,13,4,1,0,,1
C105698,49,M,Ростов-на-Дону,1085912,single,0,secondary,self_employed,53075,0,0,2.1,2,39965.36,1,685703.74,,24,0.658,3.4,Xiaomi,13756,41,1,0,1,0.0,0
C105699,25,F,Москва,13038723,single,0,bachelor,employed,34499,0,0,4.7,2,22888.75,0,,488.8,22,0.971,2.1,Xiaomi,18643,20,2,0,0,,0
C105700,33,F,Челябинск,1215322,single,0,secondary,employed,51369,0,0,5.6,1,37197.75,1,948076.28,564.5,24,0.973,3.5,Xiaomi,23325,22,1,0,1,0.0,0
C105701,32,F,Москва,13079167,single,0,secondary,employed,85271,0,0,3.9,6,82359.95,1,1268074.21,669.3,31,0.866,9.0,Huawei,33393,5,2,1,0,,1
C105702,45,F,Екатеринбург,1483978,married,1,master,employed,274343,1,1,9.0,2,434926.68,1,1996171.49,750.5,46,0.55,10.3,Apple,149412,21,3,0,1,1.0,1
C105703,31,F,Краснодар,1187786,married,1,secondary,employed,35864,1,0,13.0,1,67698.37,1,603588.06,583.8,24,0.808,2.2,Xiaomi,18106,9,0,0,0,,0
C105704,36,M,Краснодар,1083895,married,2,secondary,unemployed,25763,0,0,7.6,1,13035.94,0,,482.0,13,0.81,8.4,Huawei,17066,21,0,1,0,,0
C105705,30,M,Нижний Новгород,1209786,single,0,bachelor,employed,68628,0,0,3.6,4,22508.45,1,605130.95,633.0,32,0.95,11.8,Samsung,37853,12,1,1,0,,1
C105706,31,F,Казань,1325926,single,0,bachelor,employed,76419,0,1,6.6,3,67815.42,0,,705.4,29,0.77,3.9,Xiaomi,22830,11,0,0,1,0.0,0
C105707,44,F,Ростов-на-Дону,1183194,married,5,secondary,employed,33852,0,0,1.0,1,10514.54,1,143441.81,516.5,7,0.513,1.6,Xiaomi,10111,32,1,0,0,,0
C105708,38,M,Москва,12689265,married,1,bachelor,employed,116094,1,0,2.5,1,234443.53,0,,652.0,43,0.871,5.9,Samsung,76950,6,3,0,0,,1
C105709,26,M,Краснодар,1091435,married,0,master,self_employed,75968,1,0,5.3,3,20027.59,1,1321576.18,769.9,29,0.763,7.4,OnePlus,57285,5,1,0,1,2.0,1
C105710,43,M,Санкт-Петербург,5494675,married,4,secondary,employed,118458,1,0,4.4,3,117443.88,1,2042258.33,626.9,31,0.955,2.3,Huawei,42014,4,0,1,1,0.0,1
C105711,25,M,Нижний Новгород,1233873,single,0,bachelor,employed,40412,0,0,1.0,1,13232.15,0,,663.3,19,0.635,3.3,Xiaomi,18281,46,0,0,0,,0
C105712,56,F,Новосибирск,1636272,married,2,secondary,employed,56897,0,1,28.0,3,32817.63,1,775282.16,703.5,14,0.479,1.2,Samsung,31560,41,3,0,1,1.0,0
C105713,28,F,Самара,1147453,single,0,bachelor,employed,55524,1,0,6.2,2,26010.32,0,,527.5,35,0.907,1.3,Apple,74072,11,3,1,1,0.0,1
C105714,30,F,Омск,1136285,single,1,bachelor,self_employed,72069,1,0,12.0,2,126422.07,0,,732.3,27,0.849,5.2,Samsung,59229,10,1,0,1,2.0,1
C105715,33,F,Москва,12482706,married,3,master,employed,310406,0,1,13.7,1,1641355.94,1,4466844.91,738.7,57,0.999,18.8,Samsung,96885,12,3,0,1,0.0,1
C105716,38,M,Москва,12425752,married,0,bachelor,self_employed,131029,0,0,1.1,3,82059.62,1,2189957.53,738.2,47,0.92,13.5,Xiaomi,54807,17,4,0,0,,0
C105717,39,F,Нижний Новгород,1243170,single,1,bachelor,employed,81808,1,0,3.2,1,280462.95,0,,,37,0.917,3.4,Xiaomi,18076,39,1,1,1,2.0,1
C105718,18,F,Казань,1348400,single,0,bachelor,employed,55888,0,0,0.0,2,19037.61,1,1952331.54,595.3,28,0.837,6.0,Other,14314,19,1,0,0,,0
C105719,22,F,Уфа,1065985,single,0,bachelor,employed,58737,1,0,1.2,1,97505.47,1,152385.18,606.6,23,0.88,3.1,Xiaomi,18401,13,2,0,0,,0
C105720,28,M,Челябинск,1252533,single,0,master,employed,58169,0,1,8.7,3,24655.78,1,1533032.54,603.0,28,0.758,5.4,Xiaomi,16563,22,4,0,0,,0
C105721,29,F,Москва,12761607,single,0,secondary,employed,112292,1,0,4.2,3,94519.58,0,,623.9,35,0.794,11.9,Apple,65811,23,3,1,0,,1
C105722,62,M,Москва,13010992,divorced,3,bachelor,employed,177135,1,1,3.6,2,495885.52,0,,754.0,32,0.667,9.8,Samsung,74818,4,3,1,0,,1
C105723,28,M,Ростов-на-Дону,1098388,single,0,secondary,employed,20945,0,0,6.1,1,6902.46,0,,462.6,7,0.853,8.9,Other,3613,48,1,0,0,,0
C105724,33,F,Москва,13129377,single,0,bachelor,employed,151329,1,1,5.4,5,710464.75,1,1243759.09,783.4,50,0.882,5.5,Other,12038,12,2,0,0,,0
C105725,38,M,Москва,12298257,married,1,secondary,employed,75676,0,1,20.0,3,36040.19,0,,659.2,27,0.814,4.6,Apple,49600,21,3,0,0,,0
C105726,65,F,Казань,1362752,married,0,secondary,self_employed,52657,1,0,6.9,3,78012.38,1,292691.28,606.7,14,0.465,6.7,Other,10798,34,4,0,1,0.0,0
C105727,58,M,Краснодар,1093229,married,2,bachelor,employed,74447,1,0,1.8,1,57932.64,0,,564.1,19,0.449,1.3,Samsung,75084,4,2,1,1,0.0,1
C105728,30,F,Уфа,1152483,married,1,secondary,employed,92101,0,0,6.0,2,68514.47,1,2055733.44,,33,0.584,11.0,Samsung,56771,8,0,0,0,,0
C105729,61,F,Самара,1182280,single,1,secondary,employed,84541,0,0,3.8,2,89423.55,1,987620.46,684.7,19,0.525,4.4,Xiaomi,27261,21,3,0,0,,0
C105730,25,F,Екатеринбург,1425416,single,0,secondary,employed,26996,0,0,7.0,1,13450.75,0,,498.2,12,0.815,5.0,Xiaomi,8891,48,0,0,0,,0
C105731,34,M,Челябинск,1179978,single,0,bachelor,employed,129761,0,1,10.5,2,47577.23,1,4511254.98,637.1,45,0.6,9.5,Samsung,50316,27,3,1,1,1.0,1
C105732,28,F,Челябинск,1261654,single,0,master,employed,72576,0,1,6.0,3,36619.64,1,939389.81,681.5,22,0.68,,Other,17515,3,0,0,1,1.0,0
C105733,28,M,Самара,1185510,single,1,master,employed,126545,0,0,10.0,2,124434.13,1,2761249.72,627.0,35,0.623,5.8,Samsung,68682,5,2,0,1,1.0,1
C105734,66,F,Омск,1153951,married,2,master,employed,63333,1,0,4.6,4,112161.01,0,,590.5,25,0.644,4.3,Xiaomi,20068,19,1,0,0,,0
C105735,35,M,Москва,12440117,married,3,secondary,employed,59261,0,1,1.0,3,172325.03,1,1116518.04,515.9,21,0.728,5.2,Huawei,25399,25,2,1,1,1.0,0
C105736,41,F,Челябинск,1213041,married,0,bachelor,employed,111907,1,1,7.0,3,101075.71,1,1295707.06,673.5,24,0.771,0.4,Other,13432,48,1,1,1,1.0,0
C105737,35,F,Санкт-Петербург,5258073,married,3,bachelor,employed,152091,1,1,1.5,4,144328.94,1,320751.81,705.0,38,0.922,,Xiaomi,35358,11,3,0,1,1.0,1
C105738,32,F,Екатеринбург,1433208,single,0,secondary,self_employed,65804,1,0,10.6,3,98222.35,1,343286.01,561.0,32,0.816,7.1,Xiaomi,47521,9,4,0,0,,0
C105739,64,M,Казань,1297926,married,2,master,employed,43837,0,0,6.2,2,37667.74,1,366544.73,650.2,7,0.252,0.7,Xiaomi,20657,23,0,0,0,,0
C105740,30,F,Уфа,1154529,single,1,bachelor,employed,32142,0,0,2.8,1,7627.23,1,269126.36,418.8,11,0.801,3.0,Xiaomi,14174,26,2,0,0,,0
C105741,46,F,Москва,13363335,married,2,secondary,employed,166008,1,1,14.0,3,419198.03,0,,784.5,39,0.926,5.7,Apple,83474,16,4,0,1,0.0,1
C105742,38,F,Омск,1154331,married,3,bachelor,employed,139302,1,1,3.9,5,267847.62,1,1984269.83,758.6,30,0.794,2.9,Huawei,41110,21,1,1,1,0.0,1
C105743,33,M,Самара,1211398,single,0,bachelor,employed,36220,0,0,1.7,1,9837.59,1,1201035.83,556.0,11,0.625,3.6,Xiaomi,19081,9,2,0,0,,0
C105744,32,F,Санкт-Петербург,5397802,single,0,master,self_employed,150744,0,1,5.3,3,155822.99,1,2384022.42,716.1,52,0.977,1.7,Samsung,73202,5,3,1,1,1.0,1
C105745,40,F,Москва,12812634,married,5,bachelor,self_employed,82260,0,1,2.3,2,255733.29,1,589314.15,585.6,28,0.909,3.5,Huawei,26927,6,1,1,1,0.0,1
C105746,32,F,Казань,1383016,single,0,secondary,self_employed,65027,1,0,9.7,2,86275.92,1,590363.47,628.3,18,0.732,4.2,Huawei,15040,47,1,0,0,,0
C105747,72,M,Москва,12692710,married,3,secondary,employed,83651,0,1,7.2,1,89435.19,1,160259.11,609.4,19,0.337,,Huawei,17083,48,1,0,1,1.0,0
C105748,61,M,Казань,1328404,married,2,bachelor,employed,109604,1,1,15.6,6,254568.56,0,,711.0,23,0.569,1.4,Samsung,63901,11,4,0,1,0.0,1
C105749,32,F,Санкт-Петербург,5293689,single,1,bachelor,employed,186451,0,0,9.0,4,205464.83,1,2092980.86,720.7,35,0.856,3.7,Apple,76854,13,2,0,1,1.0,1
C105750,22,M,Челябинск,1219340,single,1,master,employed,100941,0,0,1.4,2,46496.47,1,2462888.86,662.3,23,0.818,3.9,Samsung,29595,37,2,0,1,0.0,0
C105751,64,M,Челябинск,1167270,married,1,bachelor,self_employed,117265,1,1,7.4,2,233943.39,0,,751.6,21,0.586,1.5,Huawei,17117,22,2,0,1,1.0,0
C105752,35,M,Уфа,1115342,single,0,bachelor,employed,102596,1,0,1.4,2,73382.14,1,453680.59,609.9,38,0.942,5.8,Apple,87046,21,4,1,1,1.0,1
C105753,39,F,Москва,12406147,single,0,secondary,employed,57621,0,0,5.7,2,49940.59,0,,628.4,22,0.916,4.4,Huawei,14156,34,2,0,0,,0
C105754,18,M,Ростов-на-Дону,1159889,single,0,bachelor,self_employed,41675,0,0,0.0,1,10969.74,0,,,16,0.968,3.6,Apple,44491,48,1,0,0,,0
C105755,43,M,Краснодар,1063636,married,0,bachelor,employed,39158,0,0,2.6,1,14520.42,0,,537.1,19,0.787,3.1,OnePlus,36386,10,3,0,1,0.0,0
C105756,64,F,Екатеринбург,1473155,married,1,secondary,self_employed,51396,1,0,15.4,2,38891.51,0,,560.2,13,0.463,2.8,Xiaomi,26593,6,4,0,0,,0
C105757,37,F,Санкт-Петербург,5234561,married,2,master,employed,201092,1,1,4.7,3,354551.68,0,,658.3,44,0.746,17.4,Apple,107916,8,3,1,1,0.0,1
C105758,59,F,Челябинск,1159501,married,2,master,self_employed,46449,0,1,4.9,1,17450.19,0,,521.3,6,0.311,1.3,Huawei,19848,9,2,0,0,,0
C105759,41,M,Ростов-на-Дону,1180319,single,0,bachelor,self_employed,143536,0,1,8.7,2,241389.23,1,1347485.24,722.9,41,0.587,1.5,Apple,69800,20,0,0,1,0.0,1
C105760,28,M,Ростов-на-Дону,1118887,single,0,secondary,self_employed,18421,0,0,2.1,1,4983.07,0,,400.4,11,0.889,1.0,Xiaomi,19047,7,1,0,1,0.0,0
C105761,56,F,Москва,12784516,married,2,bachelor,employed,240297,0,1,1.0,3,420327.65,0,,,40,0.552,2.0,Other,11813,22,1,1,0,,0
C105762,55,F,Санкт-Петербург,5214463,married,3,master,employed,248730,1,0,4.1,3,1036681.44,0,,823.0,37,0.795,0.7,Apple,128764,13,1,0,1,1.0,1
C105763,32,F,Казань,1337302,single,1,bachelor,employed,97471,0,0,6.7,3,47635.62,1,585814.32,681.2,27,0.967,4.6,Samsung,58252,26,5,1,0,,1
C105764,49,F,Краснодар,1087970,married,2,secondary,employed,34420,1,0,4.6,1,22818.02,0,,509.7,2,0.261,1.8,Huawei,12139,48,1,0,0,,0
C105765,69,M,Краснодар,1087673,married,2,secondary,employed,55110,0,0,10.5,2,64732.06,0,,600.9,7,0.208,0.6,Apple,47954,36,0,0,1,0.0,0
C105766,41,F,Екатеринбург,1548799,single,1,bachelor,employed,52419,0,0,3.3,3,66222.12,0,,,20,0.656,2.9,Other,11771,23,3,1,0,,0
C105767,53,F,Москва,12964979,married,0,bachelor,employed,245277,1,1,7.5,7,408158.03,1,2773457.55,817.2,43,0.814,10.5,Apple,117764,9,3,0,1,0.0,1
C105768,56,F,Челябинск,1202876,married,3,bachelor,employed,54672,0,1,2.7,2,17027.51,0,,,18,0.681,2.6,Xiaomi,20859,19,3,1,1,1.0,0
C105769,24,F,Омск,1089528,single,0,secondary,employed,40820,1,0,6.0,1,19894.73,0,,438.3,21,0.966,3.2,Xiaomi,23695,7,2,0,0,,0
C105770,25,M,Екатеринбург,1522048,single,0,master,employed,92100,1,0,7.0,2,35958.92,1,701512.25,595.9,29,0.947,1.2,Samsung,59413,7,3,0,0,,0
C105771,72,M,Уфа,1113182,married,3,master,employed,55570,0,0,2.7,2,85957.77,0,,642.1,16,0.361,3.0,Other,10392,9,3,0,0,,0
C105772,30,F,Санкт-Петербург,5551930,single,0,master,employed,103833,0,0,9.0,3,79892.32,0,,685.0,36,0.887,7.5,Samsung,34292,30,6,0,0,,0
C105773,42,M,Москва,11979888,married,4,secondary,employed,241004,1,1,8.6,5,139889.49,1,1433807.03,693.7,48,0.727,9.2,Apple,149412,4,6,0,1,0.0,1
C105774,28,F,Новосибирск,1625854,married,0,secondary,employed,44536,0,1,1.3,2,31442.93,0,,,21,0.668,9.6,OnePlus,18525,48,2,0,0,,0
C105775,49,M,Новосибирск,1572142,married,2,bachelor,employed,33411,1,0,5.5,1,34505.62,1,473284.7,527.6,16,0.695,1.6,Samsung,18031,48,0,0,0,,0
C105776,30,F,Ростов-на-Дону,1125832,single,0,bachelor,self_employed,66068,0,0,6.3,3,68610.05,0,,632.9,32,0.959,5.8,Samsung,31831,33,3,1,0,,0
C105777,31,M,Нижний Новгород,1233657,single,0,master,employed,96163,0,0,5.8,1,112998.42,1,1562470.14,757.6,41,0.931,5.8,Xiaomi,31414,1,2,0,0,,0
C105778,47,M,Нижний Новгород,1223416,married,2,bachelor,employed,154017,1,1,0.8,4,184540.98,1,1321529.23,767.6,41,0.673,1.1,Samsung,37996,37,3,1,0,,0
C105779,23,F,Новосибирск,1620780,single,0,secondary,employed,53706,0,0,5.0,2,41557.81,1,409444.81,586.2,33,0.919,9.4,Xiaomi,12568,17,2,1,0,,0
C105780,42,M,Москва,12645723,married,3,bachelor,employed,131361,1,1,13.5,5,181460.56,1,3272218.5,726.9,42,0.698,3.0,Apple,136404,3,5,0,0,,1
C105781,56,M,Москва,12960168,married,0,bachelor,employed,112082,1,1,2.9,3,132601.23,0,,640.0,17,0.251,0.6,Samsung,61447,7,3,0,1,0.0,0
C105782,71,M,Нижний Новгород,1180330,married,1,secondary,employed,23551,0,0,15.3,2,20848.62,0,,576.1,3,0.344,0.2,Xiaomi,14844,36,4,1,0,,0
C105783,61,M,Нижний Новгород,1222462,married,5,bachelor,employed,227291,1,1,5.9,2,439767.23,1,1276435.03,783.9,51,0.718,1.1,Apple,87749,23,7,1,1,0.0,1
C105784,34,M,Самара,1125343,single,0,bachelor,employed,115727,1,0,10.2,2,103491.74,0,,659.0,43,0.825,9.5,Apple,83056,5,1,0,1,0.0,1
C105785,24,M,Омск,1104548,single,0,bachelor,employed,33220,0,0,0.2,1,14900.85,0,,,11,0.881,2.6,Other,4168,48,1,0,0,,0
C105786,34,M,Самара,1158074,married,2,bachelor,employed,92369,0,0,1.9,3,108967.08,1,598047.54,618.6,33,0.971,2.9,Xiaomi,32449,22,1,1,0,,0
C105787,38,F,Екатеринбург,1473618,single,0,master,unemployed,26860,0,0,11.8,4,18677.39,0,,631.6,6,0.718,0.9,Xiaomi,12987,6,2,0,1,2.0,0
C105788,29,F,Ростов-на-Дону,1095160,single,0,bachelor,unemployed,43244,0,0,11.0,2,6899.38,0,,606.2,8,0.61,4.8,Samsung,22940,36,2,0,0,,0
C105789,19,F,Самара,1152143,single,0,bachelor,employed,68251,0,0,1.0,1,72843.31,0,,568.9,23,0.82,5.4,Huawei,23538,23,0,0,0,,0
C105790,62,F,Новосибирск,1573312,married,2,secondary,employed,41551,0,0,18.2,1,30819.56,0,,691.1,7,0.206,0.8,Xiaomi,19538,11,0,0,1,1.0,0
C105791,48,F,Казань,1343533,married,2,secondary,self_employed,14497,0,0,14.9,1,5482.8,0,,418.3,2,0.57,1.3,Other,5599,48,1,0,0,,0
C105792,46,F,Екатеринбург,1532883,married,4,bachelor,employed,45495,1,0,5.5,2,56593.01,0,,557.8,14,0.793,0.5,Samsung,28361,23,2,0,0,,0
C105793,31,F,Санкт-Петербург,5058777,single,0,master,self_employed,93595,1,0,0.4,2,103475.46,0,,558.5,30,0.649,3.8,Xiaomi,23044,20,5,0,0,,0
C105794,42,M,Самара,1195665,married,3,bachelor,employed,90211,1,1,3.5,5,156112.87,1,1606121.69,746.1,10,0.175,3.9,Huawei,34572,4,5,1,1,1.0,1
C105795,48,M,Краснодар,1054606,single,0,secondary,employed,57154,0,0,8.3,3,35979.12,1,602426.58,688.4,18,0.614,0.9,Xiaomi,22361,6,3,0,1,0.0,0
C105796,36,F,Санкт-Петербург,5286096,single,0,bachelor,employed,225110,1,0,9.8,3,486144.78,1,2068671.83,768.3,49,0.848,6.7,Samsung,112759,2,6,1,1,2.0,1
C105797,58,F,Санкт-Петербург,5512104,married,4,bachelor,employed,88152,1,1,16.6,5,128207.69,1,440827.68,660.1,28,0.686,5.4,Samsung,56157,17,0,0,1,0.0,1
C105798,66,M,Москва,12853694,married,1,secondary,employed,81872,1,1,13.6,2,95811.7,0,,566.4,8,0.164,,Apple,60776,31,4,0,1,0.0,0
C105799,32,F,Екатеринбург,1599496,single,1,master,employed,99265,0,0,7.0,1,210035.01,0,,693.7,41,0.756,4.3,Apple,74287,1,2,0,1,1.0,1
C105800,43,F,Челябинск,1220988,married,4,secondary,employed,31232,0,0,6.6,1,14050.74,1,66480.4,555.6,4,0.519,2.6,Other,9855,28,2,0,0,,0
C105801,39,M,Санкт-Петербург,5484895,single,0,bachelor,employed,83214,0,0,4.8,2,56895.69,0,,738.4,26,0.872,,Samsung,74643,4,2,0,1,0.0,1
C105802,48,M,Челябинск,1183011,married,1,bachelor,self_employed,158273,0,1,4.9,2,288579.75,0,,637.4,36,0.78,3.1,Apple,56044,28,5,1,0,,0
C105803,49,M,Челябинск,1202455,single,1,master,employed,113641,0,0,3.6,4,89010.94,1,1744369.58,732.7,22,0.648,2.0,Apple,149412,20,2,0,1,0.0,1
C105804,46,M,Омск,1061109,single,1,secondary,employed,51945,0,0,5.3,4,29583.92,0,,596.4,19,0.779,2.3,Xiaomi,14533,28,1,0,0,,0
C105805,56,M,Ростов-на-Дону,1189778,married,3,secondary,self_employed,52183,1,1,14.3,1,18056.37,0,,501.4,10,0.397,5.3,Samsung,38373,44,0,1,0,,0
C105806,32,F,Самара,1161870,single,0,bachelor,employed,51179,0,0,1.4,3,36272.12,0,,,19,0.591,2.1,Xiaomi,30382,3,2,0,1,0.0,0
C105807,36,M,Екатеринбург,1513457,single,0,bachelor,employed,76855,1,0,1.9,2,52836.04,1,203238.38,632.6,32,0.657,15.7,Samsung,52301,19,4,1,1,2.0,1
C105808,29,F,Уфа,1174239,single,0,secondary,employed,46237,0,0,5.6,2,41121.17,0,,617.6,19,0.918,7.2,Samsung,56456,2,0,0,1,1.0,1
C105809,61,F,Челябинск,1250426,married,0,secondary,employed,33378,0,0,4.4,1,15265.03,1,104208.25,568.5,2,0.232,0.5,Huawei,20318,14,1,0,0,,0
C105810,31,F,Челябинск,1191245,single,1,secondary,employed,34381,0,0,12.6,3,33717.36,1,297052.86,555.2,14,0.83,1.7,Xiaomi,15388,23,3,0,0,,0
C105811,34,F,Москва,12206766,married,0,master,employed,145702,0,0,6.6,2,710198.08,1,4852428.53,673.3,37,0.892,7.9,Apple,149412,16,1,0,1,1.0,1
C105812,44,F,Омск,1131462,single,2,master,self_employed,85588,0,0,8.4,4,203750.83,1,933521.99,614.3,22,0.577,2.3,Apple,63193,10,2,0,0,,0
C105813,72,F,Омск,1112151,married,2,secondary,employed,28026,0,1,9.6,1,71655.71,0,,579.8,6,0.013,,Huawei,11923,29,0,0,0,,0
C105814,43,M,Ростов-на-Дону,1124156,married,0,master,employed,397208,1,1,3.6,5,620780.84,0,,843.0,72,0.883,13.4,Apple,117580,8,4,1,1,3.0,1
C105815,40,F,Санкт-Петербург,5272495,single,1,master,employed,248210,1,1,1.0,3,966187.66,0,,696.8,60,0.937,9.9,Apple,149412,15,4,0,1,1.0,1
C105816,25,M,Казань,1444996,single,0,master,employed,116169,1,0,7.0,2,136056.29,0,,684.1,49,0.972,2.5,Xiaomi,31072,10,3,1,1,2.0,1
C105817,45,M,Челябинск,1176241,single,0,secondary,employed,72150,0,0,7.5,2,55826.74,1,910565.11,590.4,23,0.767,1.5,Samsung,37358,26,6,0,1,1.0,0
C105818,56,M,Уфа,1179293,married,3,bachelor,employed,118972,1,1,3.7,6,146236.38,0,,733.5,22,0.778,4.1,Google,66597,0,5,0,1,1.0,1
C105819,52,F,Москва,12827402,married,2,secondary,employed,185963,1,1,12.6,5,373027.17,1,762719.63,776.4,48,0.849,6.2,Apple,149412,3,2,1,1,2.0,1
C105820,51,M,Москва,12912111,married,0,bachelor,employed,283038,1,1,20.4,8,311409.68,0,,726.9,33,0.829,3.3,Apple,149412,20,5,1,1,0.0,1
C105821,44,F,Санкт-Петербург,5244547,single,1,secondary,employed,42771,1,0,11.3,3,12689.98,0,,527.8,22,0.941,0.4,Other,8409,7,3,0,0,,0
C105822,32,M,Новосибирск,1640914,single,1,bachelor,self_employed,39145,1,1,1.8,3,20721.43,1,908623.09,467.0,16,0.696,1.6,Huawei,19985,9,1,0,0,,0
C105823,25,M,Челябинск,1188349,single,0,secondary,employed,15586,0,0,1.6,1,1962.09,0,,,4,0.834,6.5,Xiaomi,7374,34,0,0,0,,0
C105824,28,M,Самара,1109353,single,0,bachelor,employed,28587,0,0,10.0,1,48354.23,0,,552.2,16,0.753,10.8,Apple,26097,26,2,0,0,,0
C105825,29,M,Казань,1304856,single,0,bachelor,employed,64120,0,0,11.0,2,61654.8,0,,668.4,25,0.705,6.5,Apple,46867,29,5,0,0,,0
C105826,72,F,Москва,12159577,married,1,master,employed,106380,1,1,14.1,4,55277.77,1,3306946.92,643.9,35,0.434,1.4,Other,26796,3,6,0,1,4.0,0
C105827,69,F,Нижний Новгород,1241645,married,4,secondary,employed,50633,1,1,9.0,2,60044.14,1,1145079.16,559.0,6,0.139,0.4,Samsung,18512,36,1,1,0,,0
C105828,34,M,Челябинск,1152622,single,0,master,employed,93186,1,0,10.0,3,119509.2,0,,694.4,37,0.885,2.9,Samsung,61639,33,0,0,1,0.0,1
C105829,52,M,Екатеринбург,1555294,married,5,bachelor,employed,46988,0,0,5.9,2,34091.16,1,178508.53,627.2,8,0.236,1.3,OnePlus,16454,46,2,1,0,,0
C105830,59,F,Ростов-на-Дону,1158281,divorced,3,secondary,employed,47418,1,1,11.4,2,19365.4,1,1269056.49,489.6,14,0.622,0.6,Xiaomi,11672,48,2,0,1,1.0,0
C105831,46,F,Челябинск,1208054,single,1,secondary,employed,54469,0,1,1.2,1,59728.17,1,278522.47,595.8,8,0.414,1.4,Xiaomi,21917,17,1,0,0,,0
C105832,47,F,Санкт-Петербург,5484886,married,2,secondary,self_employed,127543,1,0,5.2,2,370728.2,1,4222438.29,623.5,32,0.9,5.3,Apple,136613,19,4,1,1,0.0,1
C105833,18,F,Самара,1130495,single,0,secondary,employed,17362,0,0,0.0,1,3022.31,0,,,8,0.91,1.0,Xiaomi,8365,31,0,0,0,,0
C105834,37,M,Ростов-на-Дону,1171479,single,1,secondary,self_employed,160137,1,0,2.4,3,233330.48,0,,,44,0.894,11.6,Google,149412,13,3,1,1,2.0,1
C105835,19,F,Нижний Новгород,1202480,single,0,bachelor,employed,28178,0,0,1.0,1,8252.77,1,675601.53,521.3,19,0.87,3.0,Xiaomi,12695,18,2,0,0,,0
C105836,46,F,Санкт-Петербург,5424143,single,1,secondary,self_employed,186962,1,0,3.7,3,494266.48,0,,718.5,39,0.701,2.9,Samsung,55561,4,1,0,1,0.0,1
C105837,25,F,Москва,13006302,single,0,bachelor,unemployed,66807,0,1,5.1,1,28688.15,1,1025012.62,662.7,36,0.987,8.1,Huawei,27479,18,1,0,1,3.0,0
C105838,67,F,Москва,12332477,married,1,secondary,employed,75010,0,0,6.3,2,152259.48,0,,718.4,31,0.533,10.5,Huawei,19346,14,3,0,1,1.0,0
C105839,39,M,Самара,1130606,married,1,bachelor,self_employed,52965,0,0,1.1,1,89283.29,0,,451.9,19,0.75,1.8,Other,5962,32,3,1,1,1.0,0
C105840,41,F,Ростов-на-Дону,1131718,married,4,bachelor,employed,47334,0,0,4.6,4,33265.91,1,425706.34,675.8,17,0.624,6.9,Samsung,53032,22,1,0,1,0.0,0
C105841,34,M,Краснодар,1095753,single,0,master,self_employed,136153,1,0,6.3,4,242059.01,1,937796.67,706.4,41,0.982,3.7,Samsung,71915,20,5,0,1,1.0,1
C105842,36,F,Нижний Новгород,1228475,single,0,secondary,employed,40781,0,0,18.0,3,35251.23,1,263259.4,642.5,20,0.926,6.6,Other,7359,48,0,0,1,0.0,0
C105843,31,M,Екатеринбург,1476300,married,0,master,unemployed,22090,0,0,13.0,1,7095.91,0,,547.6,4,0.394,2.8,Other,6708,7,0,0,0,,0
C105844,28,M,Новосибирск,1695706,single,0,secondary,employed,35912,0,0,10.0,2,11421.08,0,,557.2,8,0.483,1.5,Samsung,18802,48,1,0,0,,0
C105845,52,F,Москва,12710037,married,2,bachelor,employed,131691,1,1,8.1,2,554472.23,1,2876524.45,695.8,36,0.77,2.3,Xiaomi,27437,29,3,1,1,1.0,1
C105846,33,F,Ростов-на-Дону,1108742,single,1,bachelor,employed,62837,1,0,10.4,4,110579.87,1,1547832.15,601.0,25,0.712,10.1,Samsung,46017,13,0,0,1,1.0,1
C105847,29,M,Уфа,1175230,single,0,bachelor,employed,84274,0,0,4.4,3,30183.37,0,,476.6,24,0.495,3.0,Xiaomi,49086,17,1,1,0,,0
C105848,34,M,Нижний Новгород,1183537,married,3,secondary,employed,68485,1,1,4.6,2,61674.95,0,,628.0,22,0.823,11.1,Xiaomi,32140,7,0,0,1,0.0,1
C105849,22,F,Челябинск,1192539,single,0,master,self_employed,249240,0,1,4.0,3,294559.22,1,3974297.0,796.2,45,0.991,18.1,Apple,149412,7,5,1,1,0.0,1
C105850,40,F,Нижний Новгород,1228429,single,0,bachelor,employed,70876,0,0,10.3,3,52336.49,1,673574.27,662.3,26,0.798,3.6,Huawei,36139,5,1,0,0,,0
C105851,33,F,Омск,1116241,single,0,bachelor,employed,27836,1,0,8.5,1,28142.91,0,,503.1,2,0.305,1.9,Xiaomi,22175,13,2,0,0,,0
C105852,44,F,Омск,1151710,married,1,bachelor,self_employed,142426,1,0,5.1,4,330895.44,0,,764.4,34,0.787,3.3,Samsung,68626,20,5,1,1,0.0,1
C105853,59,M,Москва,13184843,married,3,secondary,unemployed,33742,0,1,4.1,3,11626.77,0,,574.6,4,0.325,1.1,Xiaomi,13588,21,2,0,0,,0
C105854,46,F,Санкт-Петербург,5283496,married,3,bachelor,employed,78791,0,1,16.0,2,55007.41,0,,626.0,34,0.908,13.7,Xiaomi,22368,21,2,0,1,0.0,0
C105855,42,F,Екатеринбург,1507289,married,2,bachelor,employed,93959,1,0,5.1,2,76928.99,1,1149563.4,651.6,28,0.804,4.9,Apple,109655,23,2,0,0,,0
C105856,54,M,Москва,12661582,single,0,bachelor,employed,144575,0,1,6.7,4,210148.03,0,,652.3,35,0.575,1.9,Apple,116163,9,4,1,1,1.0,1
C105857,41,F,Новосибирск,1641889,single,2,secondary,employed,142646,0,0,6.9,2,203840.84,1,1007682.23,649.0,36,0.845,0.3,Samsung,53572,21,3,0,0,,0
C105858,61,M,Краснодар,1109019,married,3,secondary,employed,74338,1,1,6.2,5,56188.35,0,,593.3,17,0.561,3.1,Xiaomi,25768,20,5,0,0,,0
C105859,37,M,Нижний Новгород,1234245,single,0,master,employed,75814,1,0,19.0,2,126990.13,1,350385.33,704.3,32,0.676,10.4,Apple,97060,21,1,0,0,,1
C105860,40,M,Казань,1329221,single,1,bachelor,employed,110811,0,0,6.0,3,83137.43,1,1149879.69,,42,0.901,5.7,Apple,86208,14,2,0,1,1.0,1
C105861,65,F,Москва,11619092,married,2,secondary,employed,88260,0,0,2.0,4,113911.03,0,,645.1,18,0.386,3.0,Other,12950,26,3,0,1,2.0,0
C105862,46,F,Казань,1247476,married,2,master,employed,135168,1,1,0.9,1,230887.36,1,543378.77,739.0,43,0.693,,Samsung,81010,17,2,1,1,1.0,1
C105863,19,M,Челябинск,1242595,single,0,master,employed,77820,0,0,1.0,2,13803.95,0,,565.4,33,0.988,14.0,Apple,95269,20,4,0,0,,0
C105864,32,F,Москва,12724263,single,0,bachelor,employed,171967,1,0,8.4,3,263897.77,1,1198439.88,769.5,39,0.942,10.7,Apple,106699,9,4,0,1,1.0,1
C105865,34,M,Новосибирск,1752863,single,1,master,employed,48902,0,0,8.3,2,338522.89,0,,544.7,27,0.887,,Other,9098,29,1,0,0,,0
C105866,29,F,Москва,12422264,single,0,bachelor,employed,196168,1,1,5.6,3,155231.34,1,3856438.22,771.0,59,0.999,2.2,Apple,78221,18,4,1,1,0.0,1
C105867,61,F,Санкт-Петербург,5266986,divorced,0,secondary,employed,29806,0,0,4.7,1,59929.05,0,,598.9,9,0.487,1.6,Huawei,20974,15,0,0,0,,0
C105868,30,M,Ростов-на-Дону,1156621,single,1,bachelor,employed,216387,1,1,12.0,4,158372.26,0,,742.6,63,0.946,13.4,Apple,149412,7,4,1,1,0.0,1
C105869,39,M,Нижний Новгород,1203775,married,4,bachelor,employed,91514,1,0,0.9,1,32502.07,1,3062751.31,575.0,42,0.723,6.3,Apple,67458,11,2,1,1,0.0,1
C105870,38,F,Уфа,1076011,married,2,bachelor,employed,77229,0,1,5.3,2,39025.23,1,1736035.83,621.1,24,0.695,1.4,Xiaomi,16117,44,1,0,1,0.0,0
C105871,24,M,Уфа,1106036,single,0,bachelor,employed,36735,1,0,5.5,4,19242.9,0,,572.9,24,0.854,1.9,Other,8049,8,4,1,1,0.0,0
C105872,45,F,Нижний Новгород,1205960,married,2,secondary,self_employed,74172,0,1,3.8,3,39891.24,1,1178249.27,638.4,23,0.903,4.6,Xiaomi,26960,12,5,1,0,,0
C105873,32,M,Краснодар,1100988,single,0,secondary,employed,90111,1,0,14.0,4,116939.87,0,,585.0,32,0.873,6.6,Apple,99651,11,6,1,0,,1
C105874,38,M,Челябинск,1200771,single,2,secondary,employed,26327,0,0,18.6,1,27258.83,0,,661.5,10,0.755,3.9,Xiaomi,8133,48,1,0,0,,0
C105875,63,F,Ростов-на-Дону,1120966,married,1,bachelor,employed,86203,0,1,3.9,2,164073.96,0,,503.3,10,0.32,3.0,Google,40996,36,2,0,0,,0
C105876,37,F,Ростов-на-Дону,1162364,single,0,secondary,employed,69131,1,0,7.7,2,52501.95,1,1084201.68,642.8,18,0.826,1.7,Huawei,26699,16,4,1,1,1.0,1
C105877,41,F,Краснодар,1090171,single,0,master,employed,255518,1,1,6.1,4,120732.68,1,2337386.5,775.9,48,0.949,15.2,Xiaomi,46108,15,8,1,1,1.0,1
C105878,33,F,Казань,1297176,single,0,bachelor,self_employed,66721,1,0,4.9,3,73078.7,0,,627.5,21,0.636,8.0,Apple,119239,10,2,0,0,,1
C105879,40,F,Нижний Новгород,1216742,single,0,bachelor,employed,130558,1,1,22.0,3,141662.91,0,,745.1,30,0.813,3.4,Xiaomi,22526,4,4,0,1,0.0,1
C105880,26,M,Челябинск,1143107,single,0,bachelor,employed,80988,0,0,8.0,4,80735.34,1,892266.26,765.9,23,0.908,6.1,Xiaomi,28207,8,2,0,1,1.0,1
C105881,48,F,Санкт-Петербург,5347383,single,1,bachelor,employed,75590,1,0,14.2,3,140652.59,1,928205.7,670.1,34,0.739,5.9,Samsung,63823,8,1,0,1,0.0,1
C105882,59,M,Москва,13361415,married,1,master,employed,212020,1,1,8.1,2,230078.23,1,2391746.27,679.5,37,0.867,7.0,Apple,149412,5,5,0,1,0.0,1
C105883,40,F,Санкт-Петербург,5106000,married,1,master,self_employed,332307,1,0,2.4,5,483215.84,1,3317479.62,756.9,52,0.75,6.0,Apple,149412,5,12,1,1,0.0,1
C105884,30,F,Челябинск,1157441,single,0,bachelor,employed,105284,1,1,0.8,5,178947.22,0,,748.6,27,0.861,3.2,Apple,76031,36,2,0,1,0.0,1
C105885,23,F,Уфа,1185096,single,0,bachelor,employed,28410,0,0,5.0,1,12391.0,0,,589.0,19,0.986,10.5,Other,7821,31,0,0,0,,0
C105886,59,F,Челябинск,1150406,married,3,secondary,self_employed,50927,1,1,4.8,1,75974.92,0,,573.9,8,0.338,0.9,Samsung,49003,13,1,0,0,,0
C105887,29,M,Краснодар,1103518,married,2,bachelor,employed,73719,1,0,3.8,2,45251.64,1,1174506.91,675.9,32,0.864,2.8,Apple,88515,25,2,0,1,0.0,1
C105888,49,M,Новосибирск,1602831,married,1,secondary,employed,39918,0,1,22.6,3,30910.37,0,,,16,0.708,4.3,Other,8271,9,1,1,0,,0
C105889,64,F,Москва,12713321,divorced,3,secondary,self_employed,71598,1,1,3.7,4,66441.74,0,,721.2,23,0.608,1.2,Samsung,54830,5,0,0,1,1.0,1
C105890,38,M,Санкт-Петербург,5213299,married,1,master,employed,243234,1,0,17.7,4,198678.04,1,17592911.59,672.6,54,0.85,17.4,Apple,75441,14,3,1,1,0.0,1
C105891,54,F,Нижний Новгород,1205867,married,2,bachelor,self_employed,49343,1,0,12.8,1,75307.28,0,,589.3,19,0.477,2.2,Huawei,24642,12,3,0,1,0.0,0
C105892,45,F,Уфа,1124618,single,1,secondary,employed,141761,1,0,4.2,1,107487.56,1,1556162.07,707.7,45,0.876,1.6,Apple,149412,11,1,1,1,2.0,1
C105893,25,M,Санкт-Петербург,5954285,single,0,secondary,employed,43237,0,0,7.0,2,41776.29,1,1544257.66,,30,0.959,8.6,Other,8649,20,5,1,0,,0
C105894,63,M,Нижний Новгород,1222690,married,0,secondary,employed,31053,0,0,2.9,1,25561.12,0,,,2,0.358,,Xiaomi,11134,40,0,0,0,,0
C105895,31,M,Нижний Новгород,1213815,single,0,secondary,employed,41578,0,0,12.0,2,13805.03,0,,718.3,15,0.784,1.9,Xiaomi,9404,16,3,1,0,,0
C105896,43,M,Самара,1144519,married,3,master,employed,104515,1,0,8.1,5,90352.29,1,1268515.67,716.0,31,0.716,7.2,Xiaomi,27771,22,9,1,1,0.0,1
C105897,21,M,Санкт-Петербург,5143552,single,0,secondary,employed,58793,0,0,3.0,3,97417.8,0,,,23,0.759,2.0,Xiaomi,24150,10,3,0,0,,0
C105898,38,M,Санкт-Петербург,5073506,married,5,master,employed,157238,1,0,11.5,3,323747.69,1,3444692.92,693.5,33,0.813,9.3,Samsung,42654,13,2,1,1,0.0,1
C105899,41,F,Москва,12561564,married,3,secondary,employed,93286,1,1,1.4,2,82704.35,1,1508875.24,635.0,37,0.832,6.4,OnePlus,47077,10,6,1,1,0.0,1
C105900,65,M,Екатеринбург,1500035,married,1,secondary,employed,39841,0,1,5.4,5,63054.43,1,293592.51,687.7,3,0.22,2.2,Samsung,42076,15,2,0,1,0.0,0
C105901,35,F,Москва,12755039,single,0,bachelor,employed,113707,1,0,5.8,2,111367.43,1,1593371.93,,33,0.747,1.9,Apple,48785,43,0,0,0,,0
C105902,36,F,Москва,12489077,single,1,bachelor,employed,126779,1,0,7.6,3,125424.32,1,1333188.9,771.4,39,0.792,5.6,Xiaomi,25209,26,3,1,1,0.0,1
C105903,43,F,Ростов-на-Дону,1145649,married,2,secondary,employed,56956,0,0,3.5,3,50447.5,1,503537.99,644.3,20,0.702,2.5,Samsung,51012,6,4,0,0,,0
C105904,44,M,Новосибирск,1630247,single,0,bachelor,self_employed,55411,0,1,7.9,2,48603.83,0,,496.0,17,0.492,0.6,Xiaomi,19811,45,1,0,0,,0
C105905,67,F,Омск,1109899,married,3,bachelor,employed,16102,0,0,5.1,1,3901.84,0,,530.5,2,0.05,0.6,Other,4267,48,0,0,0,,0
C105906,43,M,Санкт-Петербург,5089842,married,2,bachelor,employed,155713,1,0,4.4,1,156148.13,1,470043.96,731.8,38,0.851,11.7,Huawei,52508,9,1,1,1,0.0,1
C105907,35,F,Челябинск,1161528,married,1,bachelor,employed,97708,0,1,6.9,2,50090.13,1,690952.34,743.2,39,0.849,5.1,Apple,96461,11,3,0,1,0.0,1
C105908,33,M,Ростов-на-Дону,1183563,single,0,bachelor,employed,91181,0,0,5.9,1,57071.69,0,,595.5,24,0.6,1.4,Apple,123355,7,3,0,1,1.0,1
C105909,40,M,Казань,1391845,married,1,bachelor,employed,176246,1,1,3.1,5,265004.55,1,2114160.43,762.7,36,0.62,6.7,Apple,147353,8,4,0,1,3.0,1
C105910,34,F,Самара,1190405,married,3,bachelor,employed,85178,0,1,11.3,4,42868.24,1,1885330.36,554.0,23,0.914,8.1,Xiaomi,23807,4,2,0,0,,0
C105911,55,M,Самара,1187391,single,0,secondary,employed,75535,0,1,6.8,2,234430.21,0,,564.6,25,0.58,3.9,Xiaomi,19464,40,3,0,1,0.0,0
C105912,21,F,Нижний Новгород,1239121,single,0,master,employed,38720,0,0,3.0,3,15659.07,0,,,22,0.716,6.5,Xiaomi,16207,38,0,0,0,,0
C105913,50,M,Санкт-Петербург,5195321,single,2,bachelor,self_employed,171307,1,0,4.9,3,748732.72,1,741143.94,685.2,22,0.534,2.3,OnePlus,30289,29,7,1,1,1.0,0
C105914,29,F,Москва,13024737,married,1,bachelor,employed,133703,0,1,6.0,2,208216.51,1,969367.22,686.6,28,0.937,3.9,Other,25449,1,2,0,0,,0
C105915,33,F,Санкт-Петербург,5410368,single,0,master,employed,127207,1,1,5.2,1,202023.12,1,691728.81,691.7,31,0.977,0.2,Apple,83442,17,3,0,1,0.0,1
C105916,44,F,Краснодар,1094102,married,1,secondary,employed,71551,1,0,10.2,3,80683.01,1,469997.2,717.1,15,0.486,7.0,Huawei,13868,48,1,0,1,1.0,0
C105917,35,F,Ростов-на-Дону,1118528,single,0,master,employed,102041,1,0,2.6,3,139284.02,0,,680.0,30,0.834,2.2,Xiaomi,23666,41,2,1,0,,0
C105918,32,M,Москва,12697681,single,1,secondary,employed,69435,1,1,6.5,3,36005.91,0,,699.3,27,0.711,4.1,Apple,24185,22,2,0,1,1.0,0
C105919,20,F,Самара,1150970,single,0,bachelor,employed,74588,0,1,2.0,2,19956.02,0,,548.6,43,0.947,6.6,Google,53515,9,0,0,1,0.0,0
C105920,58,M,Казань,1360229,married,2,master,employed,104124,1,1,15.0,3,177521.61,1,4644558.27,696.7,29,0.686,0.6,Huawei,31173,22,1,0,1,1.0,0
C105921,62,M,Нижний Новгород,1208145,married,5,bachelor,employed,70779,1,0,7.3,3,90312.66,1,844247.36,610.8,13,0.317,1.4,Huawei,18362,42,2,0,1,0.0,0
C105922,31,F,Москва,12517567,single,0,bachelor,employed,98047,1,0,9.0,5,143673.18,1,1650872.22,635.8,41,0.98,4.2,Samsung,58423,3,3,0,0,,1
C105923,54,M,Москва,12904379,married,0,secondary,self_employed,154405,1,1,5.7,4,175212.21,0,,751.1,35,0.88,9.9,Samsung,70227,11,2,0,1,0.0,1
C105924,56,F,Краснодар,1105311,married,1,secondary,employed,56554,0,0,7.0,1,42459.32,1,1975897.26,578.8,22,0.511,3.5,Other,15797,6,2,0,0,,0
C105925,30,F,Нижний Новгород,1258987,single,0,master,unemployed,20722,0,0,7.8,1,4549.65,0,,526.7,2,0.557,2.6,Other,8023,13,0,0,0,,0
C105926,69,M,Челябинск,1160718,married,3,secondary,employed,24166,1,0,4.4,1,61802.02,0,,446.6,2,0.335,0.3,Xiaomi,9831,48,0,0,0,,0
C105927,40,F,Самара,1226587,married,0,bachelor,employed,148107,0,1,4.9,1,488654.05,0,,724.9,40,0.775,7.5,Xiaomi,28738,8,2,0,0,,0
C105928,23,M,Ростов-на-Дону,1154553,single,0,master,employed,55931,0,1,1.8,1,33338.18,1,315911.22,675.5,29,0.819,6.0,Xiaomi,19895,10,1,0,0,,0
C105929,25,F,Санкт-Петербург,5423929,single,0,master,employed,65278,1,0,4.5,2,19452.22,1,991634.49,625.4,27,0.854,9.3,OnePlus,51664,4,3,0,0,,1
C105930,59,M,Екатеринбург,1517815,single,0,master,employed,82787,0,1,15.3,1,52895.54,0,,624.0,25,0.554,10.6,Xiaomi,33006,7,5,0,1,1.0,0
C105931,62,F,Санкт-Петербург,5418145,married,1,secondary,employed,39379,1,0,1.8,2,7398.04,1,775372.37,560.8,4,0.371,0.4,Huawei,21065,30,2,0,1,0.0,0
C105932,43,M,Челябинск,1175618,married,1,bachelor,employed,75219,0,1,6.8,3,41929.41,1,597612.85,588.4,32,0.62,2.1,Xiaomi,25605,26,1,1,1,1.0,0
C105933,47,F,Екатеринбург,1435440,married,2,secondary,employed,69129,0,1,8.7,3,129112.56,0,,645.1,28,0.744,,Xiaomi,29828,28,1,0,1,1.0,0
C105934,32,M,Челябинск,1200886,single,0,master,self_employed,83856,1,0,6.2,5,20324.83,1,4824585.54,671.9,29,0.597,7.7,Other,17026,4,6,1,0,,0
C105935,46,M,Казань,1347666,married,2,bachelor,self_employed,78409,1,0,5.0,2,135946.26,0,,640.1,13,0.321,1.0,Xiaomi,24302,13,1,0,1,0.0,0
C105936,39,F,Уфа,1100673,single,0,master,employed,178582,1,1,11.2,3,157131.3,0,,671.4,38,0.931,8.8,Samsung,35652,27,3,0,0,,0
C105937,32,M,Москва,12894938,married,2,master,employed,194430,0,1,2.8,1,166872.8,1,1842208.18,700.5,28,0.844,11.1,Xiaomi,25049,17,3,1,0,,1
C105938,53,M,Краснодар,1125839,married,2,bachelor,employed,41394,1,0,1.5,2,21639.47,0,,,12,0.481,4.0,Xiaomi,16363,25,2,1,0,,0
C105939,31,M,Челябинск,1206698,single,0,master,employed,74627,0,0,3.8,5,77209.54,1,290924.01,742.7,39,0.871,13.3,Xiaomi,20302,16,5,0,0,,0
C105940,44,M,Казань,1337076,married,4,bachelor,unemployed,124180,1,1,3.9,2,160595.17,0,,728.7,34,0.544,1.7,Samsung,47807,13,3,1,1,0.0,1
C105941,65,M,Екатеринбург,1612493,married,2,bachelor,self_employed,39342,0,0,11.8,2,43988.5,0,,547.4,8,0.556,1.0,Xiaomi,16468,48,1,0,0,,0
C105942,30,M,Новосибирск,1649440,divorced,0,bachelor,employed,52575,0,0,6.6,3,29339.27,1,273124.25,605.1,23,0.782,2.4,Xiaomi,33333,8,1,0,0,,0
C105943,53,F,Москва,12496452,single,0,secondary,employed,47927,0,0,7.1,3,43793.82,0,,561.5,11,0.403,1.6,Xiaomi,26202,9,1,0,1,1.0,0
C105944,42,F,Казань,1333240,married,1,bachelor,employed,64755,1,0,6.9,3,80187.25,1,533240.55,683.0,14,0.507,2.5,OnePlus,25089,21,4,0,0,,0
C105945,57,F,Нижний Новгород,1219098,married,2,phd,employed,278278,1,1,2.1,4,665419.05,1,9173310.18,803.3,50,0.78,1.9,Apple,149412,22,5,1,1,1.0,1
C105946,36,M,Омск,1107880,single,0,secondary,employed,47582,0,0,1.1,2,17204.65,1,1444962.91,596.6,24,0.688,4.8,Apple,71939,9,1,0,0,,0
C105947,48,M,Новосибирск,1513554,single,0,secondary,employed,106986,0,0,6.5,3,115647.36,0,,659.1,26,0.931,4.4,Samsung,35747,48,4,1,0,,0
C105948,47,F,Нижний Новгород,1244823,single,1,bachelor,self_employed,73964,1,0,3.5,2,68688.34,1,443220.17,593.6,20,0.638,2.1,Samsung,48268,11,4,0,1,1.0,0
C105949,18,F,Самара,1209800,single,0,master,employed,45457,0,0,0.0,3,15702.9,0,,,21,0.758,14.4,Xiaomi,36575,1,4,0,0,,0
C105950,30,M,Казань,1337121,single,0,bachelor,employed,50621,0,0,3.9,2,104281.77,1,111055.68,646.1,33,0.882,3.5,Apple,91251,3,4,0,0,,1
C105951,31,M,Краснодар,1161416,single,0,master,self_employed,34982,0,0,4.4,1,35796.83,1,295265.32,460.4,17,0.921,4.6,Samsung,10088,45,2,0,0,,0
C105952,58,F,Самара,1106984,married,0,secondary,employed,61367,0,0,18.0,2,144968.45,0,,515.0,25,0.602,4.0,Samsung,53574,18,3,0,1,1.0,0
C105953,30,M,Ростов-на-Дону,1175622,married,0,bachelor,employed,57884,0,0,4.1,2,17052.74,0,,596.5,30,0.839,4.6,Xiaomi,14584,16,0,0,0,,0
C105954,63,F,Казань,1293294,married,2,secondary,self_employed,55681,0,0,9.4,2,90766.67,1,308058.8,652.1,7,0.22,1.6,Samsung,20884,37,2,0,1,1.0,0
C105955,63,M,Краснодар,1128643,married,1,secondary,employed,116993,1,1,10.4,8,218888.94,1,1002787.51,782.5,14,0.315,3.0,Xiaomi,42101,21,7,0,1,1.0,1
C105956,68,M,Санкт-Петербург,5478643,married,1,bachelor,employed,97471,1,1,8.7,2,48450.41,1,968739.57,704.3,19,0.453,6.9,Samsung,31910,13,2,0,0,,0
C105957,45,F,Москва,12501596,married,3,secondary,self_employed,116730,0,1,0.9,3,130399.38,0,,,28,0.926,3.2,Huawei,50132,4,3,0,0,,0
C105958,37,F,Челябинск,1219522,married,1,secondary,employed,106542,1,0,3.2,6,175595.66,1,5326556.67,605.5,39,0.671,2.9,Samsung,50917,23,4,1,1,0.0,1
C105959,39,M,Екатеринбург,1514390,married,1,bachelor,employed,164842,1,1,2.4,5,129662.34,1,1486123.76,672.6,35,0.764,3.9,Apple,56437,25,7,1,1,0.0,1
C105960,65,F,Самара,1109845,divorced,3,bachelor,employed,38836,0,1,10.5,2,14482.64,1,719878.84,542.7,2,0.115,0.6,Xiaomi,12058,34,3,0,0,,0
C105961,41,F,Москва,12985729,married,1,bachelor,employed,132033,0,0,9.4,2,509360.38,0,,727.3,38,0.929,3.8,Samsung,57692,48,2,0,1,0.0,1
C105962,31,F,Челябинск,1214644,single,2,bachelor,employed,70103,1,0,13.0,2,45974.09,1,1316641.59,676.8,16,0.653,3.1,Xiaomi,22443,10,0,0,0,,0
C105963,34,F,Краснодар,1120589,single,1,bachelor,employed,51973,0,1,14.9,2,41973.17,0,,708.5,39,0.759,1.4,Other,9256,36,4,0,1,0.0,0
C105964,39,M,Новосибирск,1679046,single,2,master,self_employed,124550,1,0,3.2,5,267883.15,1,606484.55,672.9,35,0.922,7.5,Xiaomi,15427,12,3,1,1,0.0,1
C105965,39,F,Москва,12598466,married,3,secondary,employed,118382,1,1,5.4,1,39765.27,1,3111676.43,636.3,47,0.881,10.5,Xiaomi,40758,5,2,1,1,0.0,1
C105966,35,F,Санкт-Петербург,5212533,single,0,master,employed,154839,1,1,9.4,6,196472.52,1,4041928.84,738.7,44,0.954,23.3,Xiaomi,28948,19,5,1,1,1.0,1
C105967,72,F,Краснодар,1091487,married,0,secondary,employed,51423,1,0,4.2,1,55090.16,0,,629.5,7,0.289,0.5,Other,9827,12,1,1,1,1.0,0
C105968,39,M,Уфа,1124790,single,0,master,self_employed,235895,1,1,3.6,2,159129.64,0,,707.6,37,0.928,1.0,Apple,149412,3,4,0,1,0.0,1
C105969,39,M,Екатеринбург,1476504,single,0,bachelor,employed,89740,1,0,4.8,3,90807.48,1,796874.49,619.6,30,0.84,2.6,Xiaomi,38336,14,4,1,1,1.0,1
C105970,39,M,Самара,1158549,married,1,bachelor,self_employed,72393,1,0,9.1,1,31196.88,0,,558.3,28,0.837,1.3,Xiaomi,21635,16,1,0,0,,0
C105971,25,M,Москва,12393251,single,0,bachelor,unemployed,21749,1,0,5.0,1,14485.96,0,,598.5,20,0.907,2.5,Other,4051,11,1,0,0,,0
C105972,59,F,Казань,1293067,married,1,bachelor,employed,123375,1,0,20.2,4,104352.04,0,,627.7,30,0.737,1.2,Huawei,51482,10,4,0,1,0.0,1
C105973,57,F,Екатеринбург,1558105,married,5,secondary,employed,61090,0,0,5.3,1,78308.24,1,589436.37,675.7,21,0.626,2.2,Xiaomi,29428,8,3,1,0,,0
C105974,54,M,Екатеринбург,1571232,married,4,bachelor,employed,37430,0,0,2.5,2,158971.16,0,,,11,0.442,2.7,Huawei,31175,5,1,1,0,,0
C105975,34,M,Москва,12822462,single,0,secondary,employed,58432,0,0,8.4,1,32745.3,1,603615.49,691.7,28,0.716,9.6,Apple,67002,28,2,0,1,0.0,1
C105976,63,F,Москва,12819097,single,0,master,employed,122220,1,1,2.2,2,297145.52,0,,,33,0.701,1.8,Xiaomi,33556,10,1,1,1,0.0,0
C105977,53,F,Санкт-Петербург,5410014,married,3,bachelor,self_employed,149082,1,0,4.9,3,177281.48,1,2171706.3,715.0,46,0.783,1.5,Samsung,64325,6,6,0,1,1.0,1
C105978,72,M,Краснодар,1082787,married,2,bachelor,self_employed,62513,1,1,2.5,1,196076.37,1,506323.85,693.8,14,0.398,1.6,Other,13038,16,1,0,0,,0
C105979,51,F,Москва,13382503,married,5,bachelor,employed,152924,1,0,10.3,3,176575.38,1,628983.08,815.6,35,0.832,12.1,Samsung,71936,1,4,0,1,1.0,1
C105980,30,F,Самара,1104945,single,0,master,employed,85432,0,0,5.0,3,70179.03,1,523083.56,638.0,46,0.982,8.3,Samsung,40476,21,2,0,1,0.0,1
C105981,64,F,Омск,1120134,married,0,bachelor,self_employed,33876,0,1,3.6,1,17970.79,0,,664.8,4,0.379,,Xiaomi,23217,17,0,0,0,,0
C105982,29,F,Екатеринбург,1509026,single,0,bachelor,self_employed,100432,1,0,3.0,2,50139.38,1,1760927.82,754.1,39,0.908,7.9,Apple,87383,12,5,1,1,0.0,1
C105983,29,F,Уфа,1124448,single,0,master,self_employed,119150,1,1,3.5,2,172508.95,1,1808559.65,728.3,25,0.586,2.3,Xiaomi,25999,12,4,0,0,,0
C105984,30,M,Москва,12638142,single,0,bachelor,employed,161356,1,0,12.0,4,70069.55,0,,677.4,38,0.863,6.2,Samsung,71466,23,3,1,1,0.0,1
C105985,55,M,Екатеринбург,1565962,married,0,secondary,employed,68601,1,0,4.9,2,41762.57,1,183409.17,611.7,19,0.713,1.1,Apple,53857,18,4,0,0,,0
C105986,48,F,Нижний Новгород,1221377,married,3,secondary,employed,55782,1,1,7.8,1,20521.83,1,280362.04,507.3,28,0.8,10.5,Xiaomi,26701,17,3,0,0,,0
C105987,35,M,Екатеринбург,1489274,married,3,secondary,employed,83554,1,1,0.9,1,116726.41,1,812725.41,616.1,32,0.85,10.8,Other,23027,1,1,1,0,,0
C105988,50,M,Уфа,1174305,married,2,bachelor,employed,50695,1,0,3.4,1,60719.36,1,1118361.97,623.3,36,0.873,1.8,Xiaomi,14327,13,0,1,1,1.0,0
C105989,61,M,Санкт-Петербург,5001783,married,0,bachelor,employed,79025,0,0,12.2,3,402574.02,0,,609.8,31,0.858,1.5,Huawei,17694,45,6,0,1,0.0,0
C105990,41,M,Челябинск,1156846,married,4,bachelor,self_employed,47518,0,0,1.6,1,53660.01,0,,,25,0.911,5.3,Other,11355,0,0,0,0,,0
C105991,55,M,Казань,1283291,married,3,bachelor,employed,60794,1,0,18.4,2,43631.31,0,,686.4,12,0.254,1.6,Other,7481,5,3,0,1,0.0,0
C105992,38,F,Краснодар,1133950,single,1,bachelor,employed,85355,0,0,20.0,5,23423.6,1,5983964.11,549.5,24,0.459,0.8,Xiaomi,31094,6,7,1,1,1.0,0
C105993,29,F,Екатеринбург,1468785,single,0,bachelor,employed,194372,1,0,11.0,4,472485.74,0,,740.1,42,0.843,3.4,Apple,149412,8,0,1,1,0.0,1
C105994,30,M,Казань,1354629,single,0,secondary,employed,70670,1,0,6.3,1,75633.26,1,2211010.33,613.1,26,0.831,4.3,Samsung,75431,12,3,0,0,,0
C105995,50,F,Москва,12520699,married,0,secondary,employed,114713,1,1,0.2,4,97941.08,1,928897.85,768.1,36,0.637,3.6,Xiaomi,39903,8,7,0,1,0.0,0
C105996,62,M,Казань,1314953,married,2,bachelor,self_employed,101060,1,1,6.1,2,198020.15,0,,693.4,31,0.71,1.1,Samsung,63369,10,2,0,1,0.0,1
C105997,49,M,Москва,12176378,married,3,master,employed,139631,0,1,3.0,4,280287.23,1,4260403.47,793.8,37,0.671,3.5,Samsung,65716,10,2,0,0,,0
C105998,30,M,Краснодар,1170826,single,0,secondary,employed,53236,1,0,5.6,3,25510.54,1,323650.93,571.4,31,0.823,5.1,Xiaomi,14433,45,3,1,0,,0
C105999,34,F,Челябинск,1236784,single,1,bachelor,employed,157402,1,1,14.2,3,156520.48,1,3865783.76,798.4,46,0.949,2.6,Apple,62703,44,5,0,1,0.0,1
